data_category,prefecture_code,police_station_code,report_id,accident_details_code,fatalities,injured_persons,route_code,location_code,municipality_code,occurence_year,occurence_month,occurence_date,occurence_hour,occurence_minute,day_night_code,sunrise_hour,sunrise_minute,sunset_hour,sunset_minute,weather_code,terrain_code,road_condition_code,road_config_code,traffic_signal_code,stop_reg_signage_code_party_a,stop_reg_roadmarking_code_party_a,stop_reg_signage_code_party_b,stop_reg_roadmarking_code_party_b,road_width_code,road_alignment_code,collision_point_code,zone_reg_code,median_facility_code,pedestrian_vehicle_separation_code,accident_type_code,age_party_a,age_party_b,party_type_code_party_a,party_type_code_party_b,vehicle_use_code_party_a,vehicle_use_code_party_b,vehicle_shape_code_party_a,vehicle_shape_code_party_b,auto_transm_code_party_a,auto_transm_code_party_b,safety_feature_code_party_a,safety_feature_code_party_b,speed_reg_code_party_a,speed_reg_code_party_b,vehicle_impact_point_code_party_a,vehicle_impact_point_code_party_b,vehicle_damage_level_party_a,vehicle_damage_level_party_b,airbag_code_party_a,airbag_code_party_b,side_airbag_code_party_a,side_airbag_code_party_b,injury_severity_code_party_a,injury_severity_code_party_b,latitude_north,longitude_east,occurence_day_code,public_holiday_code,days_since_cognitive_test_party_a,days_since_cognitive_test_party_b,driving_practice_method_code_party_a,driving_practice_method_code_party_b
1,97,101,1,2,0,1,27220,0,201,2024,1,4,8,22,12,7,17,17,51,1,2,1,14,7,0,0,0,0,5,8,1,70,1,2,21,55,75,3,35,31,31,1,0,1,0,11,11,5,5,70,10,3,3,2,0,2,0,4,2,261216294,1274315334,5,3,9999,413,9,9
1,97,101,3,2,0,1,3290,758,201,2024,1,4,8,43,12,7,17,17,51,1,1,1,14,1,0,0,0,0,4,9,1,70,1,2,21,55,35,3,34,1,31,1,0,1,0,11,11,10,10,40,24,3,3,2,0,2,0,4,2,261218839,1274042917,5,3,9999,9999,9,1
1,97,101,4,2,0,1,3300,0,201,2024,1,3,18,0,21,7,17,17,50,2,1,2,1,1,9,22,9,22,18,9,30,70,5,2,21,1,1,3,36,31,31,1,0,1,0,11,11,3,10,50,14,3,3,2,0,2,0,4,2,261252644,1274140616,4,3,9999,9999,1,1
1,97,101,5,2,0,1,3290,723,201,2024,1,1,9,0,12,7,17,17,48,1,1,1,14,7,0,0,0,0,6,9,1,70,1,2,21,1,45,4,4,31,31,1,1,1,1,11,11,5,5,10,30,3,3,2,2,2,2,4,2,261129238,1274213936,2,1,9999,9999,1,5
1,97,101,7,2,0,1,10290,0,201,2024,1,6,9,15,12,7,18,17,52,2,1,1,13,7,0,0,0,0,4,5,1,70,4,2,21,45,25,3,35,1,31,1,0,1,0,11,11,3,3,0,20,4,3,2,0,2,0,4,2,261306121,1274210631,7,3,9999,9999,1,5
1,97,101,8,2,0,1,3300,0,201,2024,1,5,7,38,11,7,18,17,51,1,1,1,1,1,9,22,9,22,18,9,30,70,5,2,21,35,25,3,14,31,31,1,11,1,1,11,11,4,4,30,10,3,3,2,2,2,2,2,4,261331544,1274158319,6,3,9999,9999,5,1
1,97,101,9,2,0,1,32010,0,201,2024,1,14,20,59,22,7,18,17,58,1,1,1,14,7,0,0,0,0,3,9,1,70,4,2,21,65,35,3,36,1,31,1,0,1,0,11,11,2,10,80,24,3,3,2,0,2,0,4,2,261243052,1274127272,1,3,9999,9999,9,1
1,97,101,12,2,0,1,580,1187,201,2024,1,10,1,28,22,7,18,17,55,2,1,2,1,1,9,22,9,22,19,9,30,70,5,2,21,55,1,4,51,31,41,1,0,1,0,11,0,4,0,10,42,3,3,2,0,2,0,4,2,261348828,1274109985,4,3,9999,0,9,0
1,97,101,15,2,0,1,32010,0,201,2024,1,13,12,20,12,7,18,17,57,1,1,1,1,7,9,22,0,0,15,9,30,70,5,2,1,35,55,4,61,31,0,1,0,1,0,11,0,10,0,50,0,3,0,2,0,2,0,4,2,261433554,1274100326,7,3,9999,0,1,0
1,97,101,16,2,0,1,27510,0,201,2024,1,16,10,18,12,7,18,17,59,1,1,1,14,7,0,0,0,0,5,9,1,70,1,2,21,75,45,3,35,31,31,1,0,1,0,11,11,4,4,40,14,3,3,2,0,2,0,4,4,261334356,1274137925,3,3,127,9999,9,9
1,97,101,17,2,0,1,25460,0,201,2024,1,18,16,41,12,7,18,18,1,2,1,1,14,7,0,0,0,0,3,9,1,70,4,2,21,65,35,4,34,31,31,1,0,1,0,11,11,3,3,10,20,3,3,2,0,2,0,4,2,261229091,1274156689,5,3,9999,9999,9,5
1,97,101,18,2,0,1,32010,0,201,2024,1,17,12,55,12,7,18,18,0,1,1,1,1,7,1,21,9,22,18,9,30,70,5,2,21,65,25,3,4,1,31,1,1,1,1,11,11,3,3,10,42,2,2,2,2,2,2,4,2,261436272,1274023801,4,3,9999,9999,9,1
1,97,101,19,2,0,1,32010,0,201,2024,1,21,2,12,22,7,18,18,3,2,1,2,1,7,9,22,0,0,15,9,30,70,5,2,1,65,25,3,61,1,0,1,0,1,0,11,0,10,0,20,0,3,0,2,0,2,0,4,2,261313170,1274037783,1,3,9999,0,9,0
1,97,101,20,2,0,1,25390,0,201,2024,1,9,16,25,12,7,18,17,54,3,1,2,14,7,0,0,0,0,3,9,1,70,4,2,1,35,1,51,61,41,0,0,0,0,0,0,0,0,0,10,0,3,0,0,0,0,0,4,2,261249957,1274052399,3,3,0,0,0,0
1,97,101,21,2,0,1,32010,0,201,2024,1,17,21,40,22,7,18,18,0,1,1,1,1,7,9,22,9,22,15,9,30,70,5,2,21,35,25,3,4,31,31,1,1,1,1,11,11,10,10,60,50,3,3,2,2,2,2,2,4,261335393,1274058282,4,3,9999,9999,1,1
1,97,101,24,2,0,3,3290,763,201,2024,1,3,16,58,13,7,17,17,50,3,1,2,14,7,0,0,0,0,6,9,1,70,1,2,21,55,45,3,4,31,31,1,1,1,1,11,11,5,5,10,30,4,3,2,2,2,2,4,2,261231144,1274033830,4,3,9999,9999,1,1
1,97,101,26,2,0,1,25420,0,201,2024,1,21,1,11,22,7,18,18,3,2,1,2,1,1,9,22,0,0,15,9,30,70,5,2,1,75,45,3,61,1,0,1,0,1,0,11,0,2,0,40,0,4,0,2,0,2,0,4,2,261254292,1274046438,1,3,487,0,9,0
1,97,101,27,2,0,1,5070,0,201,2024,1,9,19,46,22,7,18,17,54,2,1,1,1,7,9,22,0,0,18,9,30,70,5,2,1,65,25,4,61,31,0,1,0,1,0,11,0,10,0,10,0,3,0,2,0,2,0,4,2,261144228,1274214357,3,3,9999,0,1,0
1,97,101,30,2,0,1,25460,0,201,2024,1,23,19,31,22,7,17,18,5,2,1,1,7,7,0,0,0,0,3,9,1,70,4,2,1,25,65,35,61,31,0,0,0,0,0,11,0,10,0,14,0,3,0,0,0,0,0,4,2,261210498,1274200263,3,3,9999,0,1,0
1,97,102,2,2,0,1,10770,0,210,2024,1,7,11,55,12,7,18,17,53,1,1,1,1,1,9,22,9,22,15,9,30,70,5,2,21,45,75,3,4,31,31,1,1,1,1,11,11,2,1,40,50,3,3,2,2,2,2,2,4,260745412,1274001832,1,2,9999,411,9,9
1,97,102,3,2,0,1,27560,0,210,2024,1,16,6,17,22,7,18,17,59,1,1,1,1,7,9,22,9,22,15,9,30,70,5,2,21,45,1,14,51,31,41,11,0,2,0,11,0,3,0,80,0,3,3,2,0,2,0,4,2,260849978,1274024172,3,3,9999,0,5,0
1,97,102,4,2,0,1,32100,0,210,2024,1,9,17,0,13,7,18,17,54,1,1,1,14,7,0,0,0,0,2,9,1,70,5,4,1,35,1,3,61,31,0,1,0,1,0,11,0,10,0,80,0,3,0,2,0,2,0,4,2,260841737,1274020924,3,3,9999,0,1,0
1,97,102,6,2,0,1,25480,0,362,2024,1,19,7,53,11,7,18,18,2,1,1,1,7,1,0,0,0,0,3,9,1,70,4,2,21,35,55,3,4,31,31,1,1,1,1,11,11,3,3,10,30,3,3,2,2,2,2,4,2,261031876,1274310564,6,3,9999,9999,1,9
1,97,102,7,2,0,2,32100,0,210,2024,1,19,15,47,12,7,18,18,2,1,1,1,1,7,9,22,9,22,15,9,30,1,5,2,21,65,1,3,51,1,41,1,0,1,0,11,0,2,0,50,40,3,3,2,0,2,0,4,2,260833317,1273955940,6,3,9999,0,9,0
1,97,102,8,2,0,2,32100,0,210,2024,1,16,17,17,13,7,18,17,59,1,1,1,1,7,9,22,9,22,17,9,30,70,1,2,21,45,75,3,4,1,31,1,1,1,1,11,11,3,10,70,50,3,3,2,2,2,2,4,4,260854485,1273946814,3,3,9999,81,5,9
1,97,102,10,2,0,1,99000,0,210,2024,1,27,20,50,22,7,16,18,8,3,1,2,0,7,0,0,0,0,0,0,20,70,0,4,21,55,55,3,3,1,1,1,1,1,1,11,11,10,10,70,60,3,3,2,2,2,2,4,2,260853585,1274022382,7,3,9999,9999,9,1
1,97,103,2,2,0,1,5070,0,350,2024,1,3,11,5,12,7,17,17,50,1,1,1,14,7,0,0,0,0,4,9,1,70,4,2,21,65,35,4,32,31,31,1,0,1,0,11,11,10,3,21,10,2,2,1,0,2,0,4,2,261124176,1274231100,4,3,9999,9999,9,1
1,97,103,5,2,0,1,3290,691,350,2024,1,9,17,30,13,7,18,17,54,3,1,2,1,7,9,22,9,22,18,9,30,70,4,2,21,25,55,3,34,31,31,1,0,1,0,11,11,4,4,70,10,3,3,2,0,2,0,4,2,261147220,1274352644,3,3,9999,9999,1,9
1,97,103,7,2,0,1,3290,671,350,2024,1,5,18,27,21,7,18,17,51,1,2,1,1,7,9,22,9,22,14,9,30,70,5,2,21,25,55,4,4,31,31,1,1,1,1,11,11,10,3,10,40,1,1,2,2,2,2,4,4,261208924,1274447756,6,3,9999,9999,1,9
1,97,103,8,2,0,1,3310,502,348,2024,1,1,21,39,22,7,17,17,48,1,1,1,1,7,9,22,9,22,18,9,30,70,4,2,21,75,1,14,31,31,31,11,0,2,0,11,11,10,4,50,10,2,2,2,0,2,0,4,2,261151378,1274600754,2,1,280,9999,9,1
1,97,103,10,2,0,1,5070,0,350,2024,1,12,20,10,22,7,18,17,56,1,1,1,14,7,0,0,0,0,3,9,1,70,4,2,1,65,35,14,61,31,0,11,0,2,0,11,0,10,0,30,0,4,0,2,0,2,0,4,2,261108380,1274241126,6,3,9999,0,1,0
1,97,103,11,2,0,1,33500,0,350,2024,1,5,13,55,12,7,18,17,51,1,1,1,1,7,9,22,9,22,15,9,30,70,5,4,21,25,35,3,36,31,31,1,0,1,0,11,11,10,10,20,10,3,3,2,0,2,0,4,2,261132176,1274242721,6,3,9999,9999,1,1
1,97,103,12,2,0,1,33640,0,350,2024,1,20,15,25,12,7,18,18,3,1,3,1,1,7,1,21,1,21,15,9,30,70,4,2,21,65,75,3,34,31,31,1,0,1,0,11,11,10,10,80,30,3,3,2,0,2,0,4,2,261059002,1274406198,7,3,9999,140,9,9
1,97,103,13,2,0,1,33500,0,350,2024,1,17,16,38,12,7,18,18,0,1,1,1,7,1,0,0,0,0,4,7,1,70,4,2,21,55,35,4,14,31,31,1,11,1,1,11,11,10,10,10,30,3,3,2,2,2,2,4,2,261130595,1274249324,4,3,9999,9999,9,3
1,97,103,14,2,0,1,27410,0,350,2024,1,1,23,10,22,7,17,17,48,1,1,1,1,1,9,22,0,0,18,9,30,70,5,2,1,25,35,4,61,31,0,1,0,1,0,11,0,3,0,50,0,2,0,2,0,2,0,4,2,261212607,1274336710,2,1,9999,0,1,0
1,97,103,15,2,0,1,10860,0,215,2024,1,22,17,40,13,7,17,18,4,2,2,1,1,7,9,22,9,22,14,6,30,70,4,2,21,25,1,3,36,31,31,1,0,1,0,11,11,10,10,80,40,3,3,2,0,2,0,4,2,261032974,1274454938,2,3,9999,9999,5,1
1,97,103,16,2,0,1,33500,0,350,2024,1,2,16,38,12,7,17,17,49,1,1,1,1,7,9,22,9,22,15,9,30,70,5,2,21,35,55,3,14,31,31,1,11,1,1,11,11,10,10,40,50,3,3,2,2,2,2,2,4,261117556,1274239805,3,3,9999,9999,1,9
1,97,103,17,2,0,1,27400,0,350,2024,1,15,8,22,12,7,18,17,59,1,1,1,7,7,0,0,0,0,4,8,1,70,4,2,21,35,45,3,3,31,31,1,1,1,1,11,11,10,3,50,10,3,3,2,2,2,2,4,2,261216664,1274335122,2,3,9999,9999,9,1
1,97,104,8,2,0,2,3300,121,205,2024,1,11,19,11,22,7,18,17,56,1,1,1,14,2,0,0,0,0,5,9,1,70,4,2,21,25,25,4,4,31,31,1,1,1,1,11,11,3,3,10,30,3,3,2,2,2,2,4,2,261533196,1274530571,5,3,9999,9999,1,1
1,97,104,10,2,0,1,33280,0,328,2024,1,5,23,31,22,7,18,17,51,1,1,1,1,1,9,22,9,22,15,9,30,70,5,2,21,1,25,3,4,31,31,1,1,1,1,11,11,3,3,10,40,2,2,2,2,2,2,4,2,261500256,1274626166,6,3,9999,9999,1,1
1,97,104,13,2,0,2,32050,0,205,2024,1,15,11,48,12,7,18,17,59,1,1,1,1,7,1,21,9,22,11,6,30,70,5,3,21,25,1,3,34,31,31,1,0,1,0,11,11,10,2,80,14,3,3,2,0,2,0,4,2,261535114,1274356309,2,3,9999,9999,1,5
1,97,104,14,2,0,2,580,1088,205,2024,1,19,16,29,12,7,18,18,2,1,1,1,7,1,0,0,0,0,1,9,1,70,5,2,21,25,45,4,31,31,31,1,0,1,0,11,11,10,10,10,30,3,3,2,0,2,0,4,2,261709100,1274520646,6,3,9999,9999,1,2
1,97,104,16,2,0,4,3300,87,205,2024,1,19,16,43,12,7,18,18,2,1,1,1,14,7,0,0,0,0,4,9,1,70,4,2,21,25,65,3,4,31,31,1,1,1,1,11,11,3,3,10,31,4,3,2,2,2,2,4,2,261656075,1274638053,6,3,9999,9999,1,9
1,97,105,1,2,0,1,10850,0,211,2024,1,3,15,35,12,7,17,17,50,3,1,2,14,7,0,0,0,0,3,9,1,70,1,2,21,1,1,3,4,31,31,1,1,2,1,11,11,3,3,87,56,3,2,2,1,2,2,4,2,261902086,1274935044,4,3,9999,9999,1,1
1,97,105,2,2,0,3,99000,0,326,2024,1,3,14,1,12,7,17,17,50,3,2,2,0,7,0,0,0,0,0,0,20,70,0,4,21,1,35,3,3,31,31,1,1,1,1,11,11,10,10,10,40,3,3,2,2,2,2,4,2,261817960,1274534038,4,3,9999,9999,1,1
1,97,105,4,1,1,0,3300,30,211,2024,1,9,18,9,21,7,18,17,54,2,1,2,1,1,9,22,0,0,19,9,30,70,5,2,1,1,75,14,61,31,0,11,0,1,0,11,0,3,0,10,0,3,0,2,0,2,0,4,1,261929402,1274734541,3,3,9999,0,5,0
1,97,105,12,2,0,2,580,1032,326,2024,1,11,16,5,12,7,18,17,56,1,1,1,14,7,0,0,0,0,4,9,1,70,1,2,21,75,25,3,3,31,31,1,1,1,1,11,11,5,5,50,40,3,3,2,2,2,2,4,2,261955942,1274505720,5,3,1128,9999,9,1
1,97,105,13,2,0,1,33260,0,326,2024,1,15,16,38,12,7,18,17,59,1,1,1,14,7,0,0,0,0,3,9,1,70,5,2,21,45,35,3,36,1,31,1,0,1,0,11,11,10,10,30,10,3,3,2,0,2,0,4,2,261854824,1274518817,2,3,9999,9999,1,4
1,97,105,17,2,0,1,10850,0,327,2024,1,10,11,18,12,7,18,17,55,2,2,1,1,1,9,22,9,22,19,9,30,70,5,2,21,35,75,13,4,31,31,11,1,2,1,11,11,3,3,80,40,3,3,2,2,2,2,2,4,261858370,1274756407,4,3,9999,421,9,9
1,97,105,18,2,0,2,32110,0,211,2024,1,12,13,43,12,7,18,17,56,1,1,1,7,1,0,0,0,0,3,9,1,70,4,2,21,55,55,3,4,31,31,1,1,1,1,11,11,2,2,10,30,3,3,2,2,2,2,4,2,261955099,1274736665,6,3,9999,9999,9,9
1,97,105,20,2,0,1,3300,47,327,2024,1,20,17,55,13,7,18,18,3,1,2,1,7,7,0,0,0,0,4,9,1,70,1,2,21,35,35,13,4,31,31,11,1,1,1,11,11,4,4,30,10,3,3,2,2,2,2,2,4,261840140,1274718366,7,3,9999,9999,1,1
1,97,105,21,2,0,1,33260,0,326,2024,1,4,19,36,22,7,17,17,51,1,1,1,1,7,9,22,0,0,15,9,30,70,4,2,1,45,75,3,61,31,0,1,0,1,0,11,0,3,0,20,0,4,0,2,0,2,0,4,2,261915992,1274526266,5,3,9999,0,1,0
1,97,105,22,2,0,1,580,1043,326,2024,1,16,13,50,12,7,18,17,59,2,1,1,14,7,0,0,0,0,5,9,1,70,1,2,21,25,25,4,14,31,31,1,11,1,1,11,11,5,5,10,31,2,3,1,2,2,2,4,2,261924719,1274522936,3,3,9999,9999,1,1
1,97,105,23,2,0,1,10230,0,326,2024,1,2,22,39,22,7,17,17,49,1,1,1,7,1,0,0,0,0,3,7,1,70,1,2,21,45,35,4,14,31,31,1,11,1,2,11,11,4,4,10,30,3,3,2,2,2,2,4,2,261937862,1274607309,3,3,9999,9999,1,4
1,97,106,2,2,0,1,25060,0,324,2024,1,12,8,40,12,7,18,17,56,1,2,1,14,7,0,0,0,0,4,9,1,70,4,2,21,45,1,4,35,31,31,1,0,1,0,11,11,3,3,50,20,3,3,2,0,2,0,4,2,262309506,1274416357,6,3,9999,9999,1,1
1,97,107,7,2,0,1,25330,0,213,2024,1,8,13,34,12,7,18,17,53,1,2,1,14,7,0,0,0,0,5,9,1,70,1,2,21,55,35,4,4,31,31,1,1,1,1,11,11,4,4,10,31,3,3,2,2,2,2,4,2,262021811,1275057037,2,1,9999,9999,9,1
1,97,107,9,2,0,2,25080,0,213,2024,1,1,16,17,12,7,17,17,48,1,2,1,13,7,0,0,0,0,3,5,1,70,4,2,21,1,65,4,4,31,31,1,1,1,1,11,11,3,3,50,50,2,2,1,1,2,2,2,2,262315054,1275011090,2,1,9999,9999,1,9
1,97,108,1,2,0,1,3290,195,313,2024,1,2,9,26,12,7,17,17,49,1,3,1,14,7,0,0,0,0,4,7,1,70,4,2,21,45,45,31,31,31,31,0,0,0,0,11,11,4,4,40,20,3,2,0,0,0,0,4,2,262842211,1275758702,3,3,9999,9999,9,9
1,97,109,1,2,0,1,26250,0,209,2024,1,12,15,0,12,7,18,17,56,1,3,1,1,7,1,21,9,22,15,9,30,70,5,3,21,1,25,13,13,31,31,11,11,1,1,11,11,3,3,10,24,3,2,2,2,2,2,4,2,263945490,1280114794,6,3,9999,9999,1,1
1,97,109,3,2,0,1,580,402,302,2024,1,20,9,10,12,7,18,18,3,1,3,1,14,7,0,0,0,0,4,9,1,70,4,2,21,65,45,4,34,31,31,1,0,1,0,11,11,4,4,10,30,3,3,2,0,2,0,4,2,263941962,1280606836,7,3,9999,9999,9,9
1,97,109,4,2,0,1,10840,0,209,2024,1,24,8,35,12,7,17,18,6,1,3,1,14,7,0,0,0,0,3,9,1,70,4,2,21,1,25,4,33,31,31,1,0,1,0,11,11,3,3,40,10,2,1,2,0,2,0,4,2,263701564,1275808458,4,3,9999,9999,1,1
1,97,111,4,2,0,1,27040,0,214,2024,1,5,14,7,12,7,18,17,51,1,3,1,1,7,9,22,9,22,15,9,30,70,5,2,21,55,45,4,4,31,31,1,1,1,1,11,11,3,3,10,50,2,2,1,2,2,2,4,2,244838239,1251305038,6,3,9999,9999,9,9
1,97,111,8,2,0,1,99000,0,214,2024,1,18,9,41,12,7,18,18,1,1,3,1,0,7,0,0,0,0,0,0,20,70,0,4,41,75,0,4,75,31,0,1,0,1,0,11,0,10,0,80,0,3,0,2,0,2,0,4,0,244722371,1251652596,5,3,55,0,9,0
1,97,111,9,2,0,1,33630,0,214,2024,1,6,16,35,12,7,18,17,52,2,3,1,1,7,9,22,9,22,15,9,30,70,4,2,21,35,65,3,4,31,31,1,1,1,1,11,11,10,3,10,20,2,3,2,2,2,2,4,2,244839856,1251756472,7,3,9999,9999,1,9
1,97,112,3,2,0,1,32070,0,207,2024,1,15,13,56,12,7,18,17,59,1,1,1,1,7,1,21,9,22,15,9,30,70,5,4,21,75,25,14,14,31,31,11,11,2,2,11,11,1,2,80,40,3,3,2,2,2,2,4,2,242019770,1240944582,2,3,903,9999,9,1
1,97,112,4,2,0,1,32070,0,207,2024,1,19,18,50,21,7,18,18,2,1,1,1,1,7,9,22,9,22,11,9,30,70,5,2,21,45,55,4,51,31,41,1,0,1,0,11,0,10,0,50,40,3,3,2,0,2,0,4,2,242009694,1241035746,6,3,9999,0,1,0
1,97,113,1,2,0,1,27510,0,208,2024,1,4,14,35,12,7,17,17,51,1,1,1,14,7,0,0,0,0,4,9,1,70,4,2,21,45,35,4,34,31,31,1,0,1,0,11,11,10,3,50,40,3,3,2,0,2,0,4,2,261508744,1274259522,5,3,9999,9999,1,1
1,97,113,2,1,2,0,580,1159,208,2024,1,6,17,18,13,7,18,17,52,2,1,1,14,1,0,0,0,0,6,9,1,70,1,1,1,75,55,14,61,31,0,11,0,1,0,11,0,4,0,18,0,2,0,2,0,2,0,4,1,261500040,1274203506,7,3,81,0,9,0
1,97,113,5,2,0,1,32080,0,208,2024,1,5,8,28,12,7,18,17,51,1,1,1,1,7,1,21,9,22,15,9,30,70,5,2,21,75,35,3,35,1,31,1,0,1,0,11,11,2,2,0,20,4,3,2,0,2,0,4,2,261449057,1274243688,6,3,618,9999,9,5
1,97,113,6,2,0,1,32080,0,208,2024,1,10,9,45,12,7,18,17,55,2,1,1,7,7,0,0,0,0,3,3,1,70,5,4,21,35,45,3,4,31,31,1,1,1,1,11,11,10,10,30,50,3,3,2,2,2,2,4,2,261413783,1274238664,4,3,9999,9999,1,1
1,97,113,7,2,0,1,3300,157,208,2024,1,12,16,19,12,7,18,17,56,1,1,1,14,7,0,0,0,0,1,9,1,70,5,2,21,55,25,3,4,31,31,1,1,1,1,11,11,10,10,30,10,3,3,2,2,2,2,2,4,261520675,1274346099,6,3,9999,9999,9,1
1,97,113,10,2,0,1,32080,0,208,2024,1,5,9,43,12,7,18,17,51,1,1,1,14,7,0,0,0,0,3,9,1,70,4,2,1,35,65,3,61,31,0,1,0,1,0,11,0,2,0,10,0,3,0,2,0,2,0,4,2,261438202,1274210840,6,3,9999,0,1,0
1,97,113,13,2,0,4,3300,183,208,2024,1,5,18,52,22,7,18,17,51,1,1,1,14,7,0,0,0,0,5,9,1,70,1,2,21,25,35,3,3,31,31,1,1,1,1,11,11,4,4,10,30,3,3,2,2,2,2,4,2,261431891,1274236749,6,3,9999,9999,9,5
1,97,113,15,2,0,1,33290,0,329,2024,1,19,8,30,12,7,18,18,2,1,1,1,14,7,0,0,0,0,4,9,1,70,4,2,21,25,45,3,3,31,31,1,1,1,1,11,11,3,3,50,50,2,2,1,1,2,2,4,2,261329633,1274600365,6,3,9999,9999,1,1
1,97,113,16,2,0,1,10380,0,208,2024,1,10,7,20,11,7,18,17,55,3,1,2,1,1,9,22,9,22,15,7,30,70,5,2,21,45,55,4,36,31,31,1,0,1,0,11,11,4,10,40,14,3,3,2,0,2,0,4,2,261453182,1274307385,4,3,9999,9999,1,9
1,97,113,17,2,0,1,99000,0,208,2024,1,14,1,50,22,7,18,17,58,1,1,1,0,7,0,0,0,0,0,0,20,70,0,4,1,1,35,4,61,31,0,1,0,1,0,11,0,10,0,10,0,3,0,2,0,2,0,4,2,261514443,1274232969,1,3,9999,0,1,0
1,97,113,18,2,0,1,26530,0,208,2024,1,22,21,50,22,7,17,18,4,1,1,1,1,7,1,21,0,0,15,9,30,70,5,2,1,55,45,3,61,31,0,1,0,1,0,11,0,2,0,10,0,4,0,2,0,2,0,4,2,261555591,1274323282,2,3,9999,0,9,0
1,97,113,19,2,0,1,3300,140,208,2024,1,7,14,40,12,7,18,17,53,1,1,1,14,7,0,0,0,0,5,9,1,70,1,2,21,45,35,4,36,31,31,1,0,1,0,11,11,4,10,20,40,3,3,2,0,2,0,4,2,261457941,1274439955,1,2,9999,9999,5,1
1,97,113,20,2,0,1,99000,0,329,2024,1,3,19,0,22,7,17,17,50,2,1,1,0,7,0,0,0,0,0,0,20,70,0,4,21,55,45,3,4,31,31,1,1,1,1,11,11,10,10,30,0,3,3,2,2,2,2,4,2,261330346,1274552870,4,3,9999,9999,9,1
1,97,113,21,2,0,2,580,1155,208,2024,1,20,21,5,22,7,18,18,3,2,2,1,1,1,9,22,9,22,17,9,30,70,5,2,21,1,25,4,4,31,31,1,1,1,1,11,11,4,4,10,30,4,3,2,2,2,2,4,2,261507672,1274213475,7,3,9999,9999,1,1
1,97,113,22,2,0,1,3300,155,208,2024,1,12,17,30,13,7,18,17,56,2,1,1,1,7,9,22,9,22,18,9,30,70,1,2,21,55,35,3,4,31,31,1,1,1,1,11,11,10,10,30,10,3,3,2,2,2,2,2,4,261518994,1274354599,6,3,9999,9999,9,1
1,97,113,23,2,0,1,580,1173,208,2024,1,18,17,20,13,7,18,18,1,1,1,1,14,7,0,0,0,0,4,9,1,70,1,2,21,1,25,4,4,31,31,1,1,1,1,11,11,3,3,10,31,2,2,2,2,2,2,4,2,261430368,1274127197,5,3,9999,9999,1,2
1,97,113,24,2,0,1,27410,0,208,2024,1,11,17,37,13,7,18,17,56,2,1,1,14,7,0,0,0,0,3,9,1,70,4,2,21,1,55,3,36,31,31,1,0,1,0,11,11,3,10,10,40,3,3,2,0,2,0,4,2,261417023,1274419882,5,3,9999,9999,1,9
1,97,114,1,2,0,1,10070,0,201,2024,1,5,20,6,22,7,18,17,51,1,1,1,1,7,9,22,9,22,14,9,30,70,4,2,21,45,35,3,34,1,31,1,0,1,0,11,11,4,4,70,10,3,4,2,0,2,0,4,2,261213043,1274015989,6,3,9999,9999,1,3
1,97,114,2,2,0,1,27490,0,212,2024,1,9,11,20,12,7,18,17,54,3,3,2,1,7,1,21,9,22,17,9,30,70,5,2,21,65,45,3,14,31,31,1,11,1,1,11,11,2,4,10,24,3,2,2,2,2,2,4,2,260941339,1273958774,3,3,9999,9999,9,1
1,97,114,3,2,0,1,33410,0,212,2024,1,11,16,50,12,7,18,17,56,1,2,1,1,7,1,21,9,22,15,9,30,70,5,4,21,65,35,3,35,31,31,1,0,1,0,11,11,10,10,40,10,3,3,2,0,2,0,4,2,260936720,1273959990,5,3,9999,9999,9,5
1,97,114,5,1,1,0,3310,1,201,2024,1,16,16,5,12,7,18,17,59,1,1,1,1,1,9,22,0,0,18,9,30,70,5,2,1,75,75,4,61,31,0,1,0,1,0,11,0,4,0,10,0,3,0,2,0,2,0,4,1,261225193,1274027181,3,3,999,0,9,0
1,97,114,7,2,0,1,3290,741,212,2024,1,9,8,25,12,7,18,17,54,3,1,2,7,1,0,0,0,0,5,8,1,70,1,2,21,65,45,3,4,31,31,1,1,1,1,11,11,5,5,10,30,4,3,2,2,2,2,4,2,261137511,1274110046,3,3,9999,9999,9,1
1,97,114,10,2,0,1,27560,115,212,2024,1,5,13,17,12,7,18,17,51,1,3,1,1,1,9,22,9,22,15,9,30,70,5,2,21,45,55,4,14,31,31,1,11,1,1,11,11,3,3,20,10,2,2,2,2,2,2,2,4,261032992,1274006002,6,3,9999,9999,9,9
1,97,65,4,2,0,1,47410,184,211,2024,2,2,18,0,13,7,14,18,13,2,1,1,13,7,0,0,0,0,5,3,1,70,1,4,21,25,45,3,3,31,31,1,1,1,1,11,11,7,7,10,38,3,2,2,2,2,2,4,2,262020617,1274746641,6,3,9999,9999,1,1
1,97,101,31,2,0,1,27210,754,201,2024,1,19,9,9,12,7,18,18,2,1,1,1,1,1,9,22,9,22,19,9,30,70,5,2,21,65,1,14,35,31,31,11,0,1,0,11,11,3,3,81,10,2,2,2,0,2,0,4,2,261207636,1274047917,6,3,9999,9999,9,1
1,97,101,32,2,0,2,580,1208,201,2024,1,16,14,34,12,7,18,17,59,1,1,1,7,7,0,0,0,0,5,6,1,70,1,2,21,75,25,3,3,31,31,1,1,1,1,11,11,4,4,10,30,3,3,2,2,2,2,4,2,261250170,1274034565,3,3,110,9999,9,1