data_category,prefecture_code,police_station_code,report_id,accident_details_code,fatalities,injured_persons,route_code,location_code,municipality_code,occurence_year,occurence_month,occurence_date,occurence_hour,occurence_minute,day_night_code,sunrise_hour,sunrise_minute,sunset_hour,sunset_minute,weather_code,terrain_code,road_condition_code,road_config_code,traffic_signal_code,stop_reg_signage_code_party_a,stop_reg_roadmarking_code_party_a,stop_reg_signage_code_party_b,stop_reg_roadmarking_code_party_b,road_width_code,road_alignment_code,collision_point_code,zone_reg_code,median_facility_code,pedestrian_vehicle_separation_code,accident_type_code,age_party_a,age_party_b,party_type_code_party_a,party_type_code_party_b,vehicle_use_code_party_a,vehicle_use_code_party_b,vehicle_shape_code_party_a,vehicle_shape_code_party_b,auto_transm_code_party_a,auto_transm_code_party_b,safety_feature_code_party_a,safety_feature_code_party_b,speed_reg_code_party_a,speed_reg_code_party_b,vehicle_impact_point_code_party_a,vehicle_impact_point_code_party_b,vehicle_damage_level_party_a,vehicle_damage_level_party_b,airbag_code_party_a,airbag_code_party_b,side_airbag_code_party_a,side_airbag_code_party_b,injury_severity_code_party_a,injury_severity_code_party_b,latitude_north,longitude_east,occurence_day_code,public_holiday_code,days_since_cognitive_test_party_a,days_since_cognitive_test_party_b,driving_practice_method_code_party_a,driving_practice_method_code_party_b
1,97,105,43,2,0,1,27240,0,211,2024,2,11,15,48,12,7,8,18,19,1,1,1,7,7,0,0,0,0,3,8,1,70,4,2,21,65,65,3,4,31,31,1,1,1,1,11,11,3,3,10,13,3,3,2,2,2,2,4,2,262040164,1274940973,1,1,9999,9999,9,9
1,97,105,44,2,0,1,32110,0,211,2024,2,15,0,40,22,7,6,18,22,2,1,1,1,7,1,21,9,22,15,9,30,70,5,2,21,35,1,13,4,31,31,11,1,1,1,11,11,1,2,10,80,3,2,2,1,2,2,4,2,261955780,1274748541,5,3,9999,9999,5,1
1,97,105,45,2,0,1,33260,0,326,2024,2,19,19,9,21,7,2,18,24,1,1,1,1,7,1,21,9,22,15,9,30,70,4,2,21,1,35,3,36,31,31,1,0,1,0,11,11,10,2,70,10,3,3,2,0,2,0,4,2,261941729,1274447353,2,3,0,9999,0,1
1,97,105,46,2,0,1,580,1021,326,2024,2,9,11,45,12,7,10,18,18,3,3,2,14,7,0,0,0,0,5,9,1,70,1,2,21,1,45,3,13,31,31,1,11,1,1,11,11,5,5,80,50,3,2,2,2,2,2,4,2,262032935,1274456353,6,3,0,9999,0,5
1,97,105,47,2,0,1,3300,34,211,2024,2,7,20,50,22,7,11,18,16,3,1,2,7,1,0,0,0,0,4,7,1,70,1,2,21,25,55,3,34,31,31,1,0,1,0,11,11,4,4,80,30,3,3,2,0,2,0,4,2,261919416,1274735740,4,3,9999,9999,1,9
1,97,105,48,2,0,1,3300,46,327,2024,2,9,18,18,21,7,10,18,18,3,1,2,14,7,0,0,0,0,4,9,1,70,1,2,21,55,45,3,4,31,31,1,1,1,1,11,11,4,4,10,30,3,3,2,2,2,2,4,2,261843628,1274723341,6,3,9999,9999,1,1
1,97,105,50,2,0,1,580,1050,326,2024,2,19,22,20,22,7,2,18,24,1,1,1,7,1,0,0,0,0,6,9,1,70,1,2,21,1,0,33,0,31,0,0,0,0,0,11,0,10,0,10,0,3,0,0,0,0,0,2,0,261903886,1274535590,2,3,9999,0,5,0
1,97,106,3,2,0,1,25060,0,324,2024,1,29,10,40,12,7,15,18,9,1,1,1,14,7,0,0,0,0,3,9,1,70,4,2,41,65,0,1,76,1,0,1,0,2,0,11,0,3,0,0,0,4,0,2,0,2,0,4,0,262447200,1274356338,2,3,9999,0,9,0
1,97,106,5,2,0,1,33240,0,324,2024,2,3,15,50,12,7,13,18,13,2,3,2,14,7,0,0,0,0,4,9,1,70,1,2,21,75,45,4,14,31,31,1,11,1,1,11,11,4,4,50,70,2,2,2,2,2,2,4,2,262336697,1274426218,7,3,282,9999,9,1
1,97,106,7,2,0,1,580,962,324,2024,2,20,12,32,12,7,2,18,25,1,2,1,7,7,0,0,0,0,3,9,1,70,5,2,21,1,35,4,51,31,41,1,0,1,0,11,0,10,0,80,20,3,3,2,0,2,0,4,2,262314672,1274516283,3,3,9999,0,1,0
1,97,106,8,2,0,1,580,974,324,2024,2,8,8,40,12,7,10,18,17,3,1,2,13,7,0,0,0,0,5,3,1,70,1,2,21,65,1,3,14,31,31,1,11,1,1,11,11,4,4,31,10,2,2,2,1,2,2,4,4,262237247,1274517150,5,3,9999,9999,9,1
1,97,106,9,2,0,1,25060,0,324,2024,2,23,18,30,21,6,59,18,27,3,2,2,1,1,9,22,9,22,15,7,30,70,5,2,21,75,25,13,31,31,31,11,0,1,0,11,11,3,3,50,10,2,3,2,0,2,0,4,2,262417190,1274337438,6,1,550,9999,9,1
1,97,106,10,2,0,1,10740,0,325,2024,2,22,16,50,12,7,0,18,26,1,1,1,14,1,0,0,0,0,5,9,1,70,1,2,21,55,55,3,4,31,31,1,1,1,1,11,11,4,4,30,10,2,4,2,2,2,2,2,4,262150004,1274534016,5,2,9999,9999,9,9
1,97,107,10,2,0,1,27550,408,213,2024,1,15,12,10,12,7,18,17,59,1,2,1,14,7,0,0,0,0,5,9,1,70,4,2,21,25,75,13,14,31,31,11,11,1,1,11,11,4,4,30,10,4,3,2,2,2,2,2,4,262334940,1274957065,2,3,9999,1027,1,9
1,97,107,11,2,0,1,25370,0,213,2024,2,5,17,23,13,7,12,18,15,2,3,1,7,7,0,0,0,0,3,9,1,70,4,2,21,1,35,3,3,31,31,1,1,1,1,11,11,4,4,10,30,3,2,2,2,2,2,4,4,262032165,1275310784,2,3,9999,9999,1,9
1,97,107,12,2,0,1,25080,0,213,2024,2,3,19,49,22,7,13,18,13,2,1,1,14,7,0,0,0,0,3,9,1,70,4,2,1,55,75,4,61,31,0,1,0,1,0,11,0,3,0,80,0,4,0,2,0,2,0,4,2,262150944,1275206701,7,3,9999,0,9,0
1,97,107,13,2,0,1,25160,0,213,2024,1,24,6,48,23,7,17,18,6,2,1,1,1,1,9,22,0,0,15,9,30,70,5,2,1,65,55,13,61,31,0,11,0,1,0,11,0,3,0,40,0,4,0,2,0,2,0,4,2,262129729,1274930014,4,3,9999,0,9,0
1,97,107,14,2,0,1,10100,0,213,2024,2,3,20,38,22,7,13,18,13,2,1,1,1,7,9,22,9,22,14,9,30,70,4,2,21,45,1,4,36,31,31,1,0,1,0,11,11,3,10,10,14,3,3,2,0,2,0,4,2,261930547,1275327028,7,3,9999,9999,1,5
1,97,107,15,2,0,1,10750,0,213,2024,2,4,10,15,12,7,13,18,14,1,1,1,7,1,0,0,0,0,5,9,1,70,4,2,21,65,45,4,4,31,31,1,1,1,1,11,11,3,3,10,30,3,3,2,2,2,2,4,2,262119490,1274956075,1,3,9999,9999,9,9
1,97,107,16,2,0,1,32040,0,213,2024,2,17,13,46,12,7,4,18,23,1,1,1,1,7,1,22,9,22,11,9,30,70,5,3,21,55,1,3,51,31,41,1,0,2,0,11,0,10,0,10,20,3,3,2,0,2,0,4,2,262237834,1275128361,7,3,9999,0,9,0
1,97,107,17,2,0,1,10750,0,213,2024,2,18,19,39,22,7,3,18,24,1,1,1,1,1,9,22,9,22,15,9,30,70,5,2,21,1,1,4,35,31,31,1,0,1,0,11,11,3,3,10,10,2,2,2,0,2,0,4,2,262119033,1274955315,1,3,9999,9999,1,1
1,97,108,3,2,0,1,27550,0,213,2024,1,16,18,0,21,7,18,17,59,1,1,1,1,1,9,22,0,0,15,9,30,70,5,2,1,35,65,3,61,31,0,1,0,1,0,11,0,3,0,10,0,4,0,2,0,2,0,4,2,262438938,1274938863,3,3,9999,0,5,0
1,97,108,4,2,0,1,580,700,311,2024,1,26,7,19,11,7,16,18,7,2,2,1,14,7,0,0,0,0,4,9,1,70,4,2,21,1,35,4,35,31,31,1,0,1,0,11,11,4,2,20,10,2,1,2,0,2,0,4,2,263140285,1275539655,6,3,9999,9999,5,5
1,97,108,5,2,0,1,580,891,311,2024,1,15,16,5,12,7,18,17,59,1,2,1,1,1,9,22,9,22,19,9,30,70,5,2,21,55,25,17,14,31,31,11,11,1,1,11,11,4,4,40,10,4,2,2,1,2,2,4,2,262630718,1274818727,2,3,9999,9999,9,1
1,97,108,6,2,0,1,99000,0,311,2024,1,29,16,39,12,7,15,18,9,2,3,1,0,7,0,0,0,0,0,0,20,70,0,4,1,75,45,3,61,31,0,1,0,1,0,11,0,10,0,20,0,4,0,2,0,2,0,4,2,262726662,1274841350,2,3,937,0,9,0
1,97,108,7,2,0,1,3290,392,213,2024,2,4,18,27,21,7,13,18,14,2,2,1,1,1,9,22,9,22,18,9,30,70,5,2,21,1,75,4,51,31,41,1,0,1,0,11,0,4,0,10,40,2,2,2,0,2,0,4,2,262452772,1274902680,1,3,9999,0,1,0
1,97,108,8,1,1,1,580,698,311,2024,2,22,5,56,22,7,0,18,26,1,3,1,14,7,0,0,0,0,3,9,1,70,4,2,41,1,0,35,75,31,0,0,0,0,0,11,0,4,0,40,0,4,0,0,0,0,0,2,0,263144188,1275543990,5,2,9999,0,1,0
1,97,108,9,2,0,1,580,762,311,2024,2,2,20,10,22,7,14,18,13,2,1,1,14,1,0,0,0,0,4,9,1,70,4,2,21,25,1,4,31,31,31,1,0,1,0,11,11,4,4,50,10,2,3,2,0,2,0,4,2,263003614,1275314298,6,3,9999,9999,1,1
1,97,109,6,2,0,1,99000,0,301,2024,1,2,12,0,12,7,17,17,49,1,3,1,0,7,0,0,0,0,0,0,20,70,0,4,1,35,45,3,61,31,0,1,0,1,0,11,0,1,0,40,0,3,0,2,0,2,0,4,2,264357353,1281012886,3,3,9999,0,1,0
1,97,109,7,2,0,2,4490,0,209,2024,1,29,8,30,12,7,15,18,9,1,1,1,14,7,0,0,0,0,3,9,1,70,4,2,21,25,35,3,14,31,31,1,11,1,1,11,11,3,3,10,31,3,3,2,2,2,2,4,2,263535743,1275757503,2,3,9999,9999,1,1
1,97,109,8,1,1,1,3290,42,209,2024,2,8,11,49,12,7,10,18,17,2,3,2,13,7,0,0,0,0,3,2,1,70,4,2,21,35,25,13,4,31,31,11,1,1,1,11,11,4,4,10,40,1,1,1,1,2,2,2,1,263320408,1280054443,5,3,9999,9999,5,9
1,97,109,9,2,0,1,32090,0,209,2024,1,25,23,57,22,7,17,18,6,2,1,1,1,3,9,22,9,22,15,9,30,70,5,2,21,35,65,4,4,31,31,1,1,1,1,11,11,3,3,80,50,2,2,1,1,2,2,4,2,263539710,1275903368,5,3,9999,9999,1,9
1,97,109,11,2,0,1,580,639,209,2024,1,27,9,35,12,7,16,18,8,1,3,1,14,7,0,0,0,0,3,9,1,70,1,2,21,65,75,3,4,1,31,1,1,1,1,11,11,5,5,30,10,3,3,2,2,2,2,2,4,263256587,1275800696,7,3,9999,113,9,9
1,97,109,12,2,0,1,4490,0,209,2024,2,17,12,54,12,7,4,18,23,1,2,1,1,7,9,22,9,22,15,9,30,70,4,2,21,65,1,4,51,31,41,1,0,1,0,11,0,2,0,10,24,3,3,2,0,2,0,4,2,263611916,1275654118,7,3,9999,0,1,0
1,97,109,13,2,0,1,32090,0,209,2024,2,9,15,0,12,7,10,18,18,3,1,2,7,1,0,0,0,0,4,8,1,70,4,2,21,65,45,4,14,31,31,1,11,1,1,11,11,3,3,10,30,4,3,2,2,2,2,4,2,263548764,1275846243,6,3,9999,9999,9,1
1,97,109,14,2,0,1,580,630,209,2024,2,20,10,33,12,7,2,18,25,2,3,1,7,7,0,0,0,0,5,9,1,70,5,2,21,25,1,3,4,31,31,1,1,1,1,11,11,5,3,30,10,3,2,2,2,2,2,2,4,263317302,1275819153,3,3,9999,9999,1,1
1,97,109,15,2,0,2,580,7,209,2024,2,4,12,23,12,7,13,18,14,2,3,1,14,7,0,0,0,0,3,9,1,70,4,3,21,35,35,3,4,31,31,1,1,1,1,11,11,10,10,10,30,3,3,2,2,2,2,4,2,263607193,1275958733,1,3,9999,9999,1,5
1,97,109,16,2,0,1,580,565,209,2024,2,4,12,39,12,7,13,18,14,1,3,1,1,7,9,22,9,22,15,9,30,70,4,2,21,45,1,3,35,31,31,1,0,1,0,11,11,4,4,20,10,3,2,2,0,2,0,4,2,263229188,1275734751,1,3,9999,9999,1,1
1,97,109,17,2,0,1,32090,0,209,2024,2,17,17,5,12,7,4,18,23,2,1,1,1,7,9,22,9,22,14,9,30,70,5,4,21,65,1,3,51,31,41,1,0,1,0,11,0,10,0,10,42,3,2,2,0,2,0,4,2,263609140,1275829384,7,3,9999,0,9,0
1,97,109,18,2,0,1,32090,0,209,2024,2,14,14,41,12,7,6,18,21,1,1,1,1,1,9,22,9,22,15,9,30,70,5,2,21,75,35,3,4,31,31,1,1,1,1,11,11,3,3,10,50,4,2,2,2,2,2,4,2,263637760,1275835548,4,3,295,9999,9,1
1,97,110,2,2,0,1,4490,0,308,2024,2,4,11,10,12,7,13,18,14,2,3,2,7,1,0,0,0,0,5,3,1,70,1,2,21,45,35,3,3,31,31,1,1,1,1,11,11,3,3,10,30,3,3,2,2,2,2,4,4,263908302,1275248785,1,3,9999,9999,1,1
1,97,110,3,2,0,1,4490,0,308,2024,2,1,8,50,12,7,14,18,12,1,3,1,7,1,0,0,0,0,5,9,1,70,1,2,21,45,45,4,14,31,31,1,11,1,1,11,11,10,10,30,10,3,3,2,2,2,2,2,4,263639709,1275343386,5,3,9999,9999,1,9
1,97,111,10,2,0,1,33630,0,214,2024,1,22,19,20,22,7,17,18,4,3,1,2,7,7,0,0,0,0,3,9,1,70,4,2,21,35,65,3,4,31,31,1,1,1,1,11,11,3,3,30,10,3,3,2,2,2,2,2,4,244812820,1251702515,2,3,9999,9999,1,9
1,97,111,12,2,0,1,27460,0,214,2024,2,1,16,20,12,7,14,18,12,1,3,1,1,7,1,21,9,22,15,9,30,70,5,2,21,65,35,4,14,31,31,1,11,1,2,11,11,10,10,80,10,2,2,2,2,2,2,4,2,244547948,1252027449,5,3,9999,9999,9,1
1,97,111,14,2,0,1,10780,0,214,2024,2,10,23,50,22,7,9,18,18,1,1,1,14,7,0,0,0,0,2,9,1,70,5,3,1,65,25,3,61,1,0,1,0,1,0,11,0,10,0,40,0,4,0,2,0,2,0,4,2,244815944,1251651776,7,2,9999,0,9,0
1,97,112,6,2,0,1,32070,0,207,2024,1,24,16,20,12,7,17,18,6,2,1,1,1,7,9,22,9,22,11,9,30,70,5,4,21,1,1,14,51,31,41,11,0,2,0,11,0,10,0,80,10,3,3,2,0,2,0,4,2,242053779,1240856828,4,3,9999,0,1,0
1,97,112,7,2,0,1,32070,0,207,2024,1,25,20,45,22,7,17,18,6,1,1,1,1,7,9,22,9,22,15,9,30,70,5,2,21,55,1,3,51,1,41,1,0,1,0,11,0,2,0,50,20,3,3,2,0,2,0,4,2,242026077,1240918205,5,3,9999,0,9,0
1,97,112,8,2,0,1,32070,0,207,2024,1,10,10,33,12,7,18,17,55,2,3,1,1,7,9,22,9,22,11,9,30,70,5,4,21,55,45,14,14,31,31,11,11,1,1,11,11,10,10,40,10,3,3,2,2,2,2,4,2,242201920,1240801291,4,3,9999,9999,9,1
1,97,112,9,2,0,1,99000,0,207,2024,2,18,14,33,12,7,3,18,24,1,1,1,0,7,0,0,0,0,0,0,20,70,0,4,21,25,55,3,4,31,31,1,1,1,1,11,11,10,10,10,40,3,3,2,2,2,2,4,2,242006680,1241054149,1,3,9999,9999,1,9
1,97,112,10,2,0,1,3900,0,207,2024,2,16,10,32,12,7,5,18,22,1,1,1,1,7,1,22,0,0,15,9,30,70,4,2,1,75,75,14,61,31,0,11,0,1,0,11,0,2,0,51,0,3,0,2,0,2,0,4,2,242019306,1240931133,6,3,294,0,9,0
1,97,112,11,2,0,1,99000,0,207,2024,2,5,12,49,12,7,12,18,15,3,1,2,0,7,0,0,0,0,0,0,20,70,0,4,1,35,75,4,61,31,0,1,0,1,0,11,0,10,0,30,0,3,0,2,0,2,0,4,2,242023536,1240949442,2,3,9999,0,1,0
1,97,112,12,2,0,1,32070,0,207,2024,2,6,7,40,11,7,11,18,15,1,2,1,14,7,0,0,0,0,2,9,1,70,5,4,1,35,1,51,61,41,0,0,0,0,0,0,0,0,0,10,0,3,0,0,0,0,0,4,2,242004193,1241021842,3,3,0,0,0,0
1,97,113,25,2,0,1,33290,0,329,2024,1,30,12,3,12,7,15,18,10,2,1,1,14,7,0,0,0,0,4,9,1,70,4,2,21,35,65,3,4,31,31,1,1,1,1,11,11,4,4,10,30,3,3,2,2,2,2,4,2,261237372,1274603450,3,3,9999,9999,1,9
1,97,113,26,2,0,1,3300,186,208,2024,1,19,17,7,13,7,18,18,2,1,1,1,1,7,9,22,0,0,17,9,30,70,1,2,1,55,45,4,61,31,0,1,0,1,0,11,0,4,0,40,0,4,0,2,0,2,0,4,2,261423611,1274232612,6,3,9999,0,9,0
1,97,113,27,2,0,1,580,1139,208,2024,1,22,15,12,12,7,17,18,4,1,1,1,14,7,0,0,0,0,5,9,1,70,1,2,21,65,75,3,14,31,31,1,11,1,1,11,11,4,4,10,31,2,3,2,2,2,2,4,2,261550238,1274250152,2,3,9999,648,9,9
1,97,113,28,2,0,1,580,1132,208,2024,1,29,17,0,12,7,15,18,9,1,1,1,14,7,0,0,0,0,4,9,1,70,1,2,21,45,25,3,14,31,31,1,11,1,1,11,11,4,4,10,30,3,3,2,2,2,2,4,2,261603043,1274308267,2,3,9999,9999,9,1
1,97,113,29,2,0,1,580,1127,208,2024,1,13,21,32,22,7,18,17,57,1,1,1,14,7,0,0,0,0,5,9,1,70,1,2,21,65,25,4,36,31,31,1,0,1,0,11,11,4,10,50,32,3,4,2,0,2,0,4,2,261559303,1274325954,7,3,9999,9999,9,5
1,97,113,30,2,0,1,99000,0,329,2024,1,16,18,10,21,7,18,17,59,1,3,1,0,7,0,0,0,0,0,0,20,70,0,4,21,25,1,3,4,31,31,1,1,1,1,11,11,10,10,40,30,3,3,2,2,2,2,2,4,261324607,1274610384,3,3,9999,9999,1,1
1,97,113,31,2,0,1,32080,0,208,2024,2,2,7,50,11,7,14,18,13,1,1,1,14,7,0,0,0,0,4,8,1,70,4,2,21,45,1,3,34,31,31,1,0,1,0,11,11,10,2,50,10,3,3,2,0,2,0,4,2,261417185,1274221596,6,3,9999,9999,5,1
1,97,113,32,2,0,1,32080,0,208,2024,2,3,20,23,22,7,13,18,13,1,1,1,1,7,9,22,9,22,15,7,30,70,5,2,21,1,1,4,36,31,31,1,0,1,0,11,11,10,10,20,10,3,3,2,0,2,0,4,2,261459849,1274417120,7,3,9999,9999,1,1
1,97,113,33,2,0,1,32080,0,208,2024,2,4,9,40,12,7,13,18,14,1,1,1,1,1,9,22,9,22,15,9,30,70,5,2,21,65,35,4,35,31,31,1,0,1,0,1,11,3,3,50,10,3,3,2,0,2,0,4,2,261520496,1274248826,1,3,9999,9999,9,9
1,97,113,34,2,0,1,10290,0,329,2024,1,9,8,38,12,7,18,17,54,3,1,2,14,7,0,0,0,0,3,9,1,70,4,2,21,65,25,4,4,31,31,1,1,1,1,11,11,3,3,10,30,3,3,2,2,2,2,4,2,261426210,1274500248,3,3,9999,9999,9,1
1,97,113,35,2,0,1,32080,0,208,2024,1,27,17,50,13,7,16,18,8,2,1,1,1,7,9,22,9,22,14,8,30,70,5,3,21,65,45,4,36,31,31,1,0,1,0,1,11,10,10,10,40,3,3,2,0,2,0,4,2,261444470,1274323470,7,3,9999,9999,9,9
1,97,113,36,2,0,1,10290,0,329,2024,1,25,9,38,12,7,17,18,6,2,1,1,14,7,0,0,0,0,3,7,1,70,2,2,21,35,45,4,36,31,31,1,0,1,0,11,11,3,10,52,14,3,3,2,0,2,0,4,2,261333391,1274408938,5,3,9999,9999,1,5
1,97,113,37,2,0,1,27410,0,208,2024,1,27,19,21,22,7,16,18,8,2,1,1,14,7,0,0,0,0,4,7,1,70,4,2,41,75,0,3,75,31,0,1,0,1,0,11,0,3,0,82,0,2,0,2,0,2,0,4,0,261518961,1274423917,7,3,607,0,9,0
1,97,113,38,2,0,1,32080,0,208,2024,1,23,9,55,12,7,17,18,5,3,1,2,1,1,9,22,9,22,15,8,30,70,5,2,21,25,55,13,4,31,31,11,1,1,1,11,11,10,2,80,20,3,3,2,2,2,1,4,2,261535824,1274314707,3,3,9999,9999,1,1
1,97,113,39,2,0,1,3300,138,208,2024,1,31,17,7,12,7,14,18,11,1,2,1,1,1,9,22,9,22,18,9,30,70,5,2,21,65,35,3,13,31,31,1,11,1,1,11,11,4,4,10,21,2,3,1,2,2,2,4,2,261457754,1274446925,4,3,9999,9999,9,1
1,97,113,40,2,0,1,27510,0,208,2024,1,9,9,15,12,7,18,17,54,3,1,2,14,7,0,0,0,0,4,8,1,70,4,2,21,35,45,4,14,31,31,1,11,1,1,11,11,3,3,10,31,3,3,2,2,2,2,4,2,261522370,1274322858,3,3,9999,9999,1,1
1,97,113,41,2,0,1,27410,0,208,2024,2,9,19,2,21,7,10,18,18,3,1,2,1,1,9,22,0,0,19,9,30,70,5,2,1,55,1,4,61,31,0,1,0,1,0,11,0,3,0,20,0,3,0,2,0,2,0,4,2,261513496,1274420972,6,3,9999,0,9,0
1,97,113,42,2,0,2,580,1127,208,2024,2,9,8,25,12,7,10,18,18,3,1,2,7,1,0,0,0,0,5,9,1,70,1,2,21,45,35,3,4,31,31,1,1,1,1,11,11,4,3,30,10,3,3,2,2,2,2,2,4,261559393,1274326854,6,3,9999,9999,5,9
1,97,113,43,2,0,1,32080,0,208,2024,2,9,18,29,21,7,10,18,18,3,1,2,1,7,1,21,9,22,15,9,30,70,5,3,21,1,55,3,34,31,31,1,0,1,0,11,11,2,2,50,40,3,3,2,0,2,0,4,2,261440103,1274111234,6,3,9999,9999,1,9
1,97,113,44,2,0,1,3300,156,208,2024,2,21,15,27,12,7,1,18,26,1,1,1,1,7,9,22,0,0,14,9,30,70,5,2,1,35,75,14,61,31,0,11,0,1,0,11,0,10,0,10,0,3,0,2,0,2,0,4,2,261520326,1274351395,4,3,9999,0,1,0
1,97,113,45,2,0,1,27510,0,208,2024,2,25,0,55,22,6,57,18,28,2,1,1,1,1,9,22,0,0,15,9,30,70,5,2,1,65,25,3,61,1,0,1,0,1,0,11,0,3,0,80,0,3,0,2,0,2,0,4,2,261441316,1274225027,1,3,9999,0,9,0
1,97,113,46,2,0,1,10290,0,329,2024,1,30,15,15,12,7,15,18,10,1,1,1,14,7,0,0,0,0,3,7,1,70,4,2,21,55,55,3,4,31,31,1,1,1,1,1,11,3,3,50,50,2,2,1,1,2,2,4,2,261409355,1274444822,3,3,9999,9999,9,1
1,97,113,47,2,0,1,99000,0,329,2024,2,23,22,8,22,6,59,18,27,2,2,1,0,7,0,0,0,0,0,0,20,70,0,4,21,45,55,3,4,31,31,1,1,1,1,11,11,10,10,60,70,3,3,2,2,2,2,4,2,261429591,1274509666,6,1,9999,9999,1,9
1,97,114,14,2,0,1,27560,117,212,2024,1,22,6,35,23,7,17,18,4,2,3,1,1,1,9,22,9,22,19,9,30,70,5,2,21,45,35,3,3,31,31,1,1,1,1,11,11,3,3,50,70,3,3,2,2,2,2,4,2,261030338,1273957388,2,3,9999,9999,1,1
1,97,114,16,2,0,1,27310,0,212,2024,1,16,18,30,21,7,18,17,59,1,2,1,13,7,0,0,0,0,3,4,1,70,4,2,41,35,0,31,76,31,0,0,0,0,0,11,0,3,0,20,0,3,0,0,0,0,0,2,0,261051730,1273947657,3,3,9999,0,1,0
1,97,114,18,2,0,1,27560,0,212,2024,1,21,11,42,12,7,18,18,3,2,1,1,14,7,0,0,0,0,5,9,1,70,1,2,21,55,45,3,35,31,31,1,0,1,0,11,11,3,3,70,20,3,3,2,0,2,0,4,2,261038755,1274022771,1,3,9999,9999,1,1
1,97,114,19,2,0,1,10070,0,201,2024,1,14,9,35,12,7,18,17,58,1,1,1,1,1,9,22,9,22,18,9,30,70,5,2,21,75,1,3,51,31,41,1,0,1,0,11,0,3,0,10,40,3,3,2,0,2,0,4,2,261146457,1274035767,1,3,906,0,9,0
1,97,114,20,2,0,2,27210,0,201,2024,2,5,15,25,12,7,12,18,15,1,1,1,1,1,9,22,9,22,15,6,30,70,5,2,21,65,25,3,3,31,31,1,1,1,1,11,11,10,10,80,80,2,2,1,2,2,2,4,2,261134343,1274001852,2,3,9999,9999,9,5
1,97,114,21,2,0,1,3290,745,201,2024,2,14,7,15,11,7,6,18,21,1,1,1,7,7,0,0,0,0,5,9,1,70,1,2,21,45,35,3,13,31,31,1,11,1,1,11,11,10,10,10,30,3,3,2,2,2,2,4,2,261141417,1274057943,4,3,9999,9999,9,1
1,97,114,22,2,0,2,33410,0,212,2024,1,1,10,50,12,7,17,17,48,1,3,1,14,7,0,0,0,0,4,9,1,70,4,2,21,35,35,4,4,31,31,1,1,1,1,11,11,3,3,50,80,3,3,2,2,2,2,4,2,260930179,1273936472,2,1,9999,9999,1,1
1,97,114,23,2,0,1,25110,0,212,2024,1,19,16,7,12,7,18,18,2,1,1,1,14,7,0,0,0,0,3,7,1,70,4,2,21,35,75,13,4,1,31,11,1,1,1,11,11,3,3,30,10,3,3,2,2,2,2,2,4,261036714,1274058768,6,3,9999,30,1,9
1,97,114,24,2,0,1,32010,0,201,2024,2,10,8,40,12,7,9,18,18,1,1,1,1,7,1,21,9,22,15,9,30,1,5,2,21,55,35,4,51,31,41,1,0,1,0,11,0,10,0,80,20,3,3,2,0,2,0,4,2,261143778,1274041833,7,2,9999,0,9,0
1,97,114,26,2,0,1,25110,0,212,2024,2,2,6,42,23,7,14,18,13,1,1,1,1,7,9,22,0,0,18,7,30,70,5,2,1,55,75,36,61,31,0,0,0,0,0,11,0,10,0,10,0,3,0,0,0,0,0,4,2,261123950,1274126560,6,3,9999,0,9,0
1,97,114,27,2,0,1,3290,732,212,2024,1,29,0,27,22,7,15,18,9,1,1,1,1,1,9,22,9,22,19,9,30,70,5,2,21,1,25,36,36,31,31,0,0,0,0,11,11,10,10,20,10,3,3,0,0,0,0,4,2,261137709,1274142770,2,3,0,9999,0,5
1,97,114,28,2,0,1,32010,0,201,2024,2,7,13,40,12,7,11,18,16,1,1,1,14,7,0,0,0,0,2,9,1,70,5,4,21,65,55,14,36,31,31,11,0,1,0,11,11,10,10,70,40,3,1,2,0,2,0,4,2,261118661,1273939287,4,3,98,9999,9,9
1,97,114,29,2,0,1,33410,0,212,2024,2,8,21,25,22,7,10,18,17,2,1,1,1,7,9,22,0,0,15,9,30,70,4,2,1,65,35,3,61,1,0,1,0,1,0,11,0,10,0,50,0,3,0,2,0,2,0,4,2,260925470,1273932011,5,3,9999,0,9,0
1,97,65,5,2,0,1,47410,123,327,2024,2,9,18,20,21,7,10,18,18,3,3,2,14,7,0,0,0,0,5,8,1,70,1,3,21,45,1,3,4,31,31,1,1,1,1,1,1,7,7,11,33,3,3,2,2,2,2,4,2,261734883,1274724101,6,3,9999,9999,1,1
1,97,65,6,2,0,1,50020,62,350,2024,2,23,10,26,12,6,59,18,27,1,3,1,14,7,0,0,0,0,5,9,1,70,1,3,21,45,1,3,4,31,31,1,1,1,1,11,1,7,7,70,50,2,2,2,1,2,2,2,4,261049357,1274304890,6,1,9999,9999,9,1
1,97,101,70,2,0,1,27220,0,201,2024,2,18,2,35,22,7,3,18,24,1,1,1,1,7,9,22,0,0,14,9,30,70,4,2,41,65,0,3,75,1,0,1,0,1,0,11,0,2,0,10,0,3,0,2,0,2,0,4,0,261229938,1274126876,1,3,9999,0,9,0
1,97,101,71,2,0,1,3290,764,201,2024,2,26,21,26,22,6,56,18,29,2,1,1,1,1,9,22,9,22,19,9,30,70,5,2,21,1,65,3,4,31,31,1,1,1,1,11,11,4,4,80,50,2,2,2,1,2,2,4,2,261233826,1274028794,2,3,9999,9999,1,9