data_category,prefecture_code,police_station_code,report_id,accident_details_code,fatalities,injured_persons,route_code,location_code,municipality_code,occurence_year,occurence_month,occurence_date,occurence_hour,occurence_minute,day_night_code,sunrise_hour,sunrise_minute,sunset_hour,sunset_minute,weather_code,terrain_code,road_condition_code,road_config_code,traffic_signal_code,stop_reg_signage_code_party_a,stop_reg_roadmarking_code_party_a,stop_reg_signage_code_party_b,stop_reg_roadmarking_code_party_b,road_width_code,road_alignment_code,collision_point_code,zone_reg_code,median_facility_code,pedestrian_vehicle_separation_code,accident_type_code,age_party_a,age_party_b,party_type_code_party_a,party_type_code_party_b,vehicle_use_code_party_a,vehicle_use_code_party_b,vehicle_shape_code_party_a,vehicle_shape_code_party_b,auto_transm_code_party_a,auto_transm_code_party_b,safety_feature_code_party_a,safety_feature_code_party_b,speed_reg_code_party_a,speed_reg_code_party_b,vehicle_impact_point_code_party_a,vehicle_impact_point_code_party_b,vehicle_damage_level_party_a,vehicle_damage_level_party_b,airbag_code_party_a,airbag_code_party_b,side_airbag_code_party_a,side_airbag_code_party_b,injury_severity_code_party_a,injury_severity_code_party_b,latitude_north,longitude_east,occurence_day_code,public_holiday_code,days_since_cognitive_test_party_a,days_since_cognitive_test_party_b,driving_practice_method_code_party_a,driving_practice_method_code_party_b
1,97,101,72,2,0,1,3300,0,201,2024,2,12,12,41,12,7,8,18,20,1,1,1,1,2,9,22,9,22,18,9,30,70,5,2,21,45,35,3,51,31,41,1,0,1,0,11,0,10,0,10,20,3,3,2,0,2,0,4,2,261216547,1274054132,2,1,9999,0,1,0
1,97,101,73,2,0,1,32010,0,201,2024,2,18,16,4,12,7,3,18,24,1,1,1,14,7,0,0,0,0,2,9,1,70,5,3,1,45,1,3,61,31,0,1,0,1,0,11,0,10,0,40,0,3,0,2,0,2,0,4,2,261404837,1274415338,1,3,9999,0,5,0
1,97,101,74,2,0,1,32010,0,201,2024,1,19,16,30,12,7,18,18,2,1,1,1,1,7,9,22,9,22,14,8,30,70,5,4,21,65,1,3,51,31,41,1,0,1,0,11,0,10,0,50,10,3,3,2,0,2,0,4,2,261246073,1274113564,6,3,9999,0,9,0
1,97,101,75,2,0,2,32010,0,201,2024,1,19,23,26,22,7,18,18,2,1,1,1,1,7,1,21,9,22,14,9,30,70,5,2,21,1,45,4,4,31,31,1,1,1,1,11,11,10,10,10,40,3,3,2,2,2,2,4,2,261312356,1274025990,6,3,9999,9999,1,1
1,97,101,76,2,0,1,5070,0,201,2024,2,24,19,20,21,6,58,18,27,3,1,2,1,7,9,22,9,22,14,9,30,70,4,2,21,1,35,4,34,31,31,1,0,1,0,11,11,4,4,10,12,3,3,2,0,2,0,4,2,261148599,1274222475,7,3,9999,9999,1,5
1,97,101,77,2,0,1,580,1180,201,2024,1,26,17,0,12,7,16,18,7,1,1,1,1,1,9,22,9,22,18,9,30,70,5,2,21,45,65,14,34,31,31,11,0,1,0,11,11,4,4,60,40,3,3,2,0,2,0,4,2,261409452,1274111666,6,3,9999,9999,9,9
1,97,101,78,2,0,2,3290,719,201,2024,2,3,11,0,12,7,13,18,13,1,1,1,1,1,9,22,9,22,19,9,30,70,5,2,21,75,55,3,4,31,31,1,1,1,1,11,11,10,10,10,58,2,2,1,1,2,2,4,2,261132100,1274225524,7,3,226,9999,9,9
1,97,101,79,2,0,1,3300,0,201,2024,1,27,23,29,22,7,16,18,8,2,1,2,14,7,0,0,0,0,3,9,1,70,4,2,21,75,35,14,35,31,31,11,0,2,0,11,11,3,3,40,40,3,3,2,0,2,0,4,2,261236450,1274132834,7,3,9999,9999,9,5
1,97,101,80,2,0,1,5070,0,201,2024,1,20,1,0,22,7,18,18,3,1,1,1,14,7,0,0,0,0,5,9,1,70,4,2,21,55,1,3,35,1,31,1,0,1,0,11,11,3,3,20,10,3,2,2,0,2,0,4,2,261144110,1274207992,7,3,9999,9999,9,1
1,97,101,81,2,0,1,32010,0,201,2024,2,7,15,13,12,7,11,18,16,2,1,1,1,7,9,22,9,22,15,9,30,70,5,2,21,45,35,3,52,31,41,1,0,1,0,11,0,10,0,50,20,3,3,2,0,2,0,4,2,261435322,1274055535,4,3,9999,0,9,0
1,97,101,82,2,0,2,10820,0,201,2024,2,23,17,7,12,6,59,18,27,2,1,1,1,1,9,22,9,22,17,9,30,70,5,2,21,45,25,4,35,31,31,1,0,1,0,11,11,4,4,50,10,3,3,2,0,2,0,2,4,261356258,1274213849,6,1,9999,9999,1,9
1,97,101,83,2,0,1,580,1177,201,2024,2,14,18,41,21,7,6,18,21,1,1,1,1,7,1,21,9,22,14,9,30,70,5,2,21,35,65,3,4,31,31,1,1,1,1,11,11,10,2,10,81,2,2,2,2,2,2,4,2,261418557,1274115947,4,3,9999,9999,1,1
1,97,101,84,2,0,1,32010,0,201,2024,3,5,9,55,12,6,49,18,33,2,1,1,1,1,9,22,9,22,14,9,30,70,5,2,21,1,45,4,35,31,31,1,0,1,0,11,11,10,3,80,40,3,3,2,0,2,0,4,2,261208273,1274150946,3,3,9999,9999,1,5
1,97,101,85,2,0,1,32010,0,201,2024,2,24,23,15,22,6,58,18,27,1,1,1,7,7,0,0,0,0,2,9,1,70,5,3,21,55,25,4,51,31,41,1,0,1,0,11,0,10,0,30,40,3,3,2,0,2,0,4,2,261218130,1274204414,7,3,9999,0,9,0
1,97,101,86,2,0,1,32010,0,201,2024,2,8,11,29,12,7,10,18,17,3,1,2,1,7,1,21,9,22,18,8,30,70,1,2,21,65,25,3,3,31,31,1,1,1,1,11,11,1,4,10,30,3,3,2,2,2,2,4,2,261318984,1274156684,5,3,9999,9999,1,5
1,97,101,87,2,0,1,32010,0,201,2024,3,1,21,19,22,6,53,18,31,3,1,2,1,7,1,21,0,0,18,9,30,70,5,2,1,1,35,4,61,31,0,1,0,1,0,11,0,2,0,10,0,4,0,2,0,2,0,4,2,261323848,1274146162,6,3,9999,0,1,0
1,97,101,88,2,0,1,32010,0,201,2024,2,28,15,15,12,6,55,18,30,1,1,1,1,1,9,22,0,0,18,9,30,70,5,2,1,55,1,14,61,31,0,11,0,1,0,11,0,2,0,10,0,3,0,2,0,2,0,4,2,261258457,1274145222,4,3,9999,0,9,0
1,97,101,89,2,0,1,32010,0,201,2024,2,6,18,15,21,7,11,18,15,2,1,1,7,7,0,0,0,0,4,9,1,70,4,2,21,35,45,3,36,31,31,1,0,1,0,11,11,3,10,40,20,3,3,2,0,2,0,4,2,261348317,1274147476,3,3,9999,9999,1,5
1,97,101,91,2,0,1,85000,1174,201,2024,2,10,14,2,12,7,9,18,18,1,1,1,7,1,0,0,0,0,4,9,1,70,1,2,21,55,25,3,3,31,31,1,1,1,1,11,11,3,3,10,30,3,3,2,2,2,2,4,2,261428036,1274122780,7,2,9999,9999,9,5
1,97,101,92,2,0,1,95000,0,201,2024,3,6,8,10,12,6,48,18,34,3,1,2,14,7,0,0,0,0,3,9,1,70,5,2,21,75,45,3,3,1,31,1,1,1,1,11,11,10,10,50,20,3,3,2,2,2,2,4,2,261204244,1274317339,4,3,870,9999,9,5
1,97,101,93,2,0,1,32010,0,201,2024,3,5,15,52,12,6,49,18,33,1,1,1,1,7,9,22,9,22,11,9,30,70,5,2,21,65,1,4,51,31,41,1,0,1,0,11,0,2,0,40,10,3,3,2,0,2,0,4,2,261214490,1274208309,3,3,9999,0,9,0
1,97,101,94,2,0,1,27220,0,201,2024,3,8,9,10,12,6,46,18,35,1,3,1,1,7,9,22,9,22,17,8,30,70,1,2,21,1,55,3,4,31,31,1,1,1,2,11,11,2,2,10,30,3,3,2,2,2,2,4,2,261216639,1274313879,6,3,9999,9999,1,9
1,97,101,95,2,0,1,85000,0,201,2024,2,21,7,43,11,7,1,18,26,1,1,1,1,7,9,22,9,22,15,9,30,70,5,2,21,65,45,3,36,31,31,1,0,1,0,11,11,2,2,10,10,3,3,2,0,2,0,4,2,261433850,1274039428,4,3,9999,9999,9,9
1,97,101,96,2,0,1,580,1192,201,2024,2,4,6,38,23,7,13,18,14,3,1,2,7,7,0,0,0,0,6,8,1,70,1,2,21,75,45,3,3,1,31,1,1,1,1,11,11,4,4,10,30,3,3,2,2,2,2,4,2,261333474,1274108041,1,3,804,9999,9,5
1,97,101,97,2,0,1,32010,0,201,2024,2,15,13,13,12,7,6,18,22,1,1,1,14,7,0,0,0,0,3,9,1,70,4,2,21,45,45,4,35,31,31,1,0,1,0,11,11,2,2,50,30,3,3,2,0,2,0,4,2,261358536,1274402676,5,3,9999,9999,4,1
1,97,101,98,2,0,1,10820,0,201,2024,3,7,19,12,21,6,47,18,34,2,1,1,14,7,0,0,0,0,4,8,1,70,1,2,21,1,75,4,4,31,31,1,1,1,1,11,11,4,4,80,60,3,3,2,2,2,2,4,2,261334424,1274242721,5,3,9999,248,1,9
1,97,101,99,2,0,1,32010,0,201,2024,3,7,11,47,12,6,47,18,34,2,1,1,1,7,9,22,0,0,11,1,30,70,5,4,1,75,55,3,61,31,0,1,0,1,0,11,0,1,0,81,0,2,0,1,0,2,0,4,2,261200688,1274233502,5,3,584,0,9,0
1,97,101,100,2,0,1,32010,0,201,2024,2,27,7,49,11,6,56,18,29,1,1,1,1,1,0,0,0,0,18,9,30,70,5,2,1,35,0,61,0,0,0,0,0,0,0,0,0,0,0,0,0,0,0,0,0,0,0,2,0,261303817,1274132003,3,3,0,0,0,0
1,97,101,101,2,0,1,32010,0,201,2024,2,23,19,7,21,6,59,18,27,3,1,2,7,7,0,0,0,0,4,9,1,70,4,2,1,55,55,3,61,31,0,1,0,1,0,11,0,2,0,50,0,4,0,2,0,2,0,4,2,261247545,1274040112,6,1,9999,0,9,0
1,97,101,102,2,0,1,32010,0,201,2024,2,11,11,25,12,7,8,18,19,1,1,1,14,7,0,0,0,0,3,9,1,70,5,4,21,75,45,7,4,31,31,1,1,1,1,11,11,10,10,60,20,3,3,2,2,2,2,4,2,261309908,1274015640,1,1,699,9999,9,9
1,97,101,103,2,0,1,32010,0,201,2024,3,7,16,28,12,6,47,18,34,2,1,2,7,7,0,0,0,0,3,9,1,70,4,2,21,65,1,3,4,1,31,1,1,1,1,11,11,3,3,60,80,3,3,2,2,2,2,2,4,261301592,1274036980,5,3,9999,9999,9,5
1,97,101,104,2,0,1,25430,0,201,2024,3,8,23,23,22,6,46,18,35,1,1,1,1,7,9,22,0,0,15,9,30,70,4,2,1,65,25,3,61,1,0,1,0,1,0,11,0,3,0,40,0,4,0,2,0,2,0,4,2,261311996,1274034277,6,3,9999,0,9,0
1,97,101,105,2,0,1,10820,0,201,2024,3,1,12,17,12,6,53,18,31,3,1,2,1,1,9,22,9,22,18,9,30,70,5,2,21,55,65,3,4,31,31,1,1,1,1,11,11,4,4,30,10,3,3,2,2,2,2,2,4,261349483,1274222352,6,3,9999,9999,9,9
1,97,101,106,2,0,1,25430,0,201,2024,3,15,18,43,21,6,39,18,38,1,1,1,1,7,9,22,9,22,15,9,30,70,5,2,21,25,25,3,51,31,41,1,0,1,0,11,0,2,0,10,10,3,3,2,0,2,0,4,2,261257125,1274017155,6,3,9999,0,9,0
1,97,101,107,2,0,1,32010,0,201,2024,3,15,16,12,12,6,39,18,38,1,1,1,14,7,0,0,0,0,3,9,1,70,4,2,21,45,45,3,3,31,31,1,1,1,1,11,11,3,3,10,30,3,3,2,2,2,2,4,2,261346596,1274133108,6,3,9999,9999,1,1
1,97,101,108,2,0,1,27210,0,201,2024,2,28,20,15,22,6,55,18,30,2,1,1,1,7,9,22,9,22,15,7,30,70,5,2,21,25,25,4,51,31,41,1,0,1,0,11,0,10,0,20,10,3,3,2,0,2,0,4,2,261220513,1274121606,4,3,9999,0,1,0
1,97,101,109,2,0,1,5070,0,201,2024,3,5,6,23,23,6,49,18,33,2,1,2,1,1,9,22,9,22,18,9,30,70,5,2,21,1,45,3,36,31,31,1,0,1,0,11,11,3,10,40,10,3,2,2,0,2,0,4,2,261149337,1274124662,3,3,9999,9999,5,9
1,97,101,110,2,0,1,580,1203,201,2024,2,12,0,58,22,7,8,18,20,1,1,1,7,7,0,0,0,0,6,9,1,70,1,2,1,65,55,4,61,31,0,1,0,1,0,11,0,4,0,10,0,3,0,2,0,2,0,4,2,261303083,1274048878,2,1,9999,0,1,0
1,97,101,111,2,0,1,99000,0,201,2024,2,9,10,50,12,7,10,18,18,3,1,2,0,7,0,0,0,0,0,0,20,70,0,4,21,75,25,4,4,31,31,1,1,1,1,11,11,10,10,50,70,3,3,2,2,2,2,4,4,261349354,1274200151,6,3,9999,9999,9,5
1,97,101,112,2,0,1,85000,0,201,2024,3,19,11,45,12,6,34,18,40,1,2,1,1,7,9,22,9,22,18,9,30,70,5,2,21,35,35,13,14,31,31,11,11,1,1,11,11,3,3,10,20,3,3,2,2,2,2,4,2,261436218,1274035742,3,2,9999,9999,1,1
1,97,101,113,2,0,1,32010,1198,201,2024,3,5,19,24,21,6,49,18,33,3,1,2,1,1,9,22,0,0,17,9,30,70,5,2,1,75,65,4,61,31,0,1,0,1,0,11,0,10,0,10,0,4,0,2,0,2,0,4,2,261314581,1274058562,3,3,673,0,9,0
1,97,101,114,2,0,1,27220,0,201,2024,2,28,8,35,12,6,55,18,30,2,1,1,7,7,0,0,0,0,5,9,1,70,4,2,21,45,1,3,51,31,41,1,0,1,0,11,0,3,0,50,10,3,2,2,0,2,0,4,2,261220498,1274155586,4,3,9999,0,5,0
1,97,101,115,2,0,1,25390,0,201,2024,3,20,1,40,22,6,33,18,41,1,1,1,7,7,0,0,0,0,3,9,1,70,4,2,1,1,45,35,61,31,0,0,0,0,0,11,0,2,0,10,0,3,0,0,0,0,0,4,2,261252524,1274058951,4,1,9999,0,1,0
1,97,101,116,2,0,4,32010,0,201,2024,3,2,22,24,22,6,52,18,31,2,1,1,1,7,9,22,9,22,14,9,30,70,5,3,21,65,45,3,3,1,1,1,1,1,1,11,11,10,10,80,50,3,3,2,2,2,2,4,4,261304620,1274020911,7,3,9999,9999,9,9
1,97,101,117,2,0,1,32010,0,201,2024,2,28,9,20,12,6,55,18,30,1,1,1,7,1,0,0,0,0,4,6,1,70,4,2,1,55,35,4,61,31,0,1,0,1,0,11,0,3,0,40,0,4,0,2,0,2,0,4,2,261340904,1274353699,4,3,9999,0,9,0
1,97,101,118,2,0,1,25430,0,201,2024,3,11,3,55,22,6,43,18,36,1,1,1,14,7,0,0,0,0,4,9,1,70,4,2,1,45,25,35,61,31,0,0,0,0,0,11,0,3,0,10,0,4,0,0,0,0,0,4,2,261324373,1274055553,2,3,9999,0,9,0
1,97,101,119,2,0,2,32010,0,201,2024,3,16,7,58,12,6,37,18,39,1,1,1,14,7,0,0,0,0,4,9,1,70,4,2,21,65,45,3,4,31,31,1,1,1,1,11,11,10,10,10,30,3,4,2,2,2,2,4,2,261240525,1274126570,7,3,9999,9999,9,1
1,97,101,120,2,0,1,32010,0,201,2024,3,5,1,53,22,6,49,18,33,3,1,2,14,7,0,0,0,0,3,9,1,70,1,2,1,65,1,3,61,1,0,1,0,1,0,11,0,2,0,10,0,4,0,1,0,1,0,4,2,261304102,1274057770,3,3,9999,0,9,0
1,97,101,121,2,0,1,580,1174,201,2024,3,12,17,23,12,6,42,18,37,1,1,1,1,1,9,22,9,22,19,9,30,70,5,2,21,1,65,4,52,31,41,1,0,1,0,11,0,4,0,40,10,4,3,2,0,2,0,4,2,261428190,1274124054,3,3,9999,0,1,0
1,97,101,122,2,0,1,3290,759,201,2024,3,1,21,59,22,6,53,18,31,3,1,2,1,1,9,22,9,22,18,9,30,70,5,2,21,65,1,3,34,1,31,1,0,1,0,11,11,5,5,20,40,3,1,2,0,2,0,4,2,261222619,1274041135,6,3,9999,9999,9,1
1,97,101,123,2,0,2,32010,0,201,2024,2,19,16,4,12,7,2,18,24,1,1,1,14,7,0,0,0,0,5,9,1,70,4,2,21,35,55,4,14,31,31,1,11,1,1,11,11,3,3,30,10,3,4,2,2,2,2,2,4,261148890,1274145258,2,3,9999,9999,1,9
1,97,101,126,2,0,1,25460,0,201,2024,1,22,10,31,12,7,17,18,4,2,1,1,1,1,9,22,9,22,15,9,30,70,5,2,21,35,25,4,4,31,31,1,1,1,1,11,11,3,3,40,80,2,3,2,2,2,2,2,4,261221442,1274157502,2,3,9999,9999,1,1
1,97,101,127,2,0,1,25420,0,201,2024,3,14,22,52,22,6,40,18,38,1,1,1,1,1,9,22,9,22,19,9,30,70,5,2,21,25,25,13,35,31,31,11,0,1,0,11,11,3,2,10,10,3,2,2,0,2,0,4,2,261253014,1274047003,5,3,9999,9999,1,4
1,97,101,128,2,0,1,3300,0,201,2024,2,10,5,48,22,7,9,18,18,1,1,1,1,1,9,22,0,0,18,9,30,70,5,2,1,65,75,3,61,1,0,1,0,1,0,11,0,3,0,0,0,4,0,2,0,2,0,4,2,261305779,1274147494,7,2,9999,0,9,0
1,97,101,129,2,0,1,27220,0,201,2024,3,27,3,23,22,6,26,18,44,1,1,1,1,1,9,22,0,0,15,9,30,70,5,2,1,65,35,3,61,1,0,1,0,1,0,11,0,2,0,10,0,3,0,2,0,2,0,4,2,261302784,1274055088,4,3,9999,0,9,0
1,97,102,26,2,0,1,10070,0,210,2024,2,29,8,32,12,6,54,18,30,1,1,1,1,7,9,22,9,22,14,9,30,70,5,2,21,75,1,4,34,31,31,1,0,1,0,11,11,3,3,50,10,3,2,2,0,2,0,4,2,260856371,1274131308,5,3,150,9999,9,1
1,97,102,27,2,0,1,32100,0,210,2024,3,12,11,58,12,6,42,18,37,1,1,1,1,7,1,21,9,22,18,9,30,1,5,2,21,65,1,3,51,31,41,1,0,1,0,1,0,2,0,88,14,3,2,2,0,2,0,4,2,260805737,1274001625,3,3,9999,0,9,0
1,97,102,28,2,0,1,99000,0,210,2024,2,26,17,15,12,6,56,18,29,2,2,1,0,7,0,0,0,0,0,0,20,70,0,4,21,25,35,3,3,31,31,1,1,1,1,11,11,10,10,80,20,3,3,2,2,2,2,4,2,260753198,1274100143,2,3,9999,9999,1,5
1,97,102,29,2,0,2,27560,0,210,2024,3,16,20,37,22,6,37,18,39,1,1,1,14,7,0,0,0,0,3,9,1,70,4,2,21,55,1,4,35,31,31,1,0,1,0,11,11,3,3,0,20,4,3,2,0,2,0,4,2,260841035,1274023527,7,3,9999,9999,9,1
1,97,102,30,2,0,1,33620,0,362,2024,3,15,11,16,12,6,39,18,38,1,3,1,1,7,9,22,9,22,14,9,30,70,5,4,21,35,75,3,4,31,31,1,1,1,1,11,11,10,10,40,10,3,2,2,2,2,2,2,4,260734432,1274351953,6,3,9999,746,1,9
1,97,102,31,2,0,1,33620,0,362,2024,3,15,9,25,12,6,39,18,38,1,3,1,1,7,9,22,9,22,11,9,30,70,5,4,21,25,55,13,14,31,31,11,11,1,1,11,11,10,10,10,20,3,3,2,2,2,2,4,2,260707687,1274402785,6,3,9999,9999,1,9
1,97,102,32,2,0,1,33620,0,362,2024,2,23,8,25,12,6,59,18,27,1,3,1,1,4,9,22,9,21,15,9,30,70,5,3,21,45,75,4,14,31,31,1,11,1,2,11,11,10,10,20,10,2,2,2,2,2,2,2,4,260908525,1274342017,6,1,9999,569,1,9
1,97,102,33,2,0,1,33620,0,362,2024,3,13,15,12,12,6,41,18,37,1,1,1,1,7,9,22,9,22,15,9,30,70,5,4,21,45,1,2,51,31,41,1,0,1,0,11,0,10,0,80,10,4,3,2,0,2,0,4,2,260942674,1274320323,4,3,9999,0,9,0
1,97,102,34,2,0,1,32100,0,210,2024,3,24,18,5,13,6,29,18,43,1,1,1,14,7,0,0,0,0,3,9,1,70,4,2,1,65,1,3,61,31,0,1,0,1,0,1,0,3,0,20,0,3,0,2,0,2,0,4,2,260839883,1273958262,1,3,9999,0,9,0
1,97,102,35,2,0,1,33620,0,362,2024,3,12,9,50,12,6,42,18,37,1,3,1,13,7,0,0,0,0,2,6,1,70,4,2,21,25,75,3,3,31,31,1,1,1,1,1,11,3,3,11,11,1,1,1,1,2,2,4,2,261005732,1274233592,3,3,9999,144,5,9
1,97,102,36,2,0,1,33620,0,362,2024,3,4,16,15,12,6,50,18,33,3,1,2,14,7,0,0,0,0,3,9,1,70,4,2,21,35,35,4,4,31,31,1,1,1,1,11,11,3,3,10,30,3,3,2,2,2,2,4,2,260945432,1274330526,2,3,9999,9999,1,1
1,97,102,37,2,0,1,3310,166,210,2024,3,27,18,37,13,6,26,18,44,1,3,1,1,7,9,22,9,22,14,9,30,70,5,2,21,75,25,4,35,31,31,1,0,1,0,11,0,3,3,50,10,3,3,2,0,2,0,4,2,260541489,1274106605,4,3,1052,9999,9,1
1,97,102,38,2,0,1,99000,0,210,2024,3,14,16,0,12,6,40,18,38,1,3,1,0,7,0,0,0,0,0,0,20,70,0,4,21,55,35,4,14,31,31,1,11,1,1,11,11,10,10,60,70,3,3,2,2,2,2,2,4,260805759,1274235906,5,3,9999,9999,9,1
1,97,103,34,2,0,1,10820,0,350,2024,3,4,17,30,12,6,50,18,33,3,1,2,1,1,9,22,9,22,15,8,30,70,5,2,21,35,35,4,35,31,31,1,0,1,0,11,11,2,2,10,10,3,3,2,0,2,0,4,2,261118182,1274342971,2,3,9999,9999,1,1
1,97,103,35,2,0,1,3310,427,215,2024,2,26,11,26,12,6,56,18,29,2,2,1,1,7,9,22,9,22,15,9,30,70,4,2,21,75,25,4,33,31,31,1,0,1,0,11,11,4,4,70,10,3,2,2,0,2,0,4,2,261104603,1274808320,2,3,74,9999,9,1
1,97,103,36,2,0,1,3290,697,350,2024,3,6,5,10,22,6,48,18,34,2,1,2,1,7,9,22,9,22,17,9,30,70,4,2,21,1,75,4,51,31,41,1,0,1,0,11,0,4,0,50,40,2,2,2,0,2,0,4,2,261143865,1274332819,4,3,9999,0,1,0
1,97,103,37,2,0,1,5070,56,350,2024,2,19,19,32,22,7,2,18,24,1,2,1,1,1,9,22,9,22,19,9,30,70,5,2,21,1,45,3,3,31,31,1,1,1,1,11,11,3,4,50,10,2,2,1,1,2,2,4,2,261052154,1274326944,2,3,0,9999,0,9
1,97,103,38,2,0,1,33640,461,215,2024,3,10,14,58,12,6,44,18,36,1,2,1,7,7,0,0,0,0,3,9,1,70,4,2,21,25,25,3,3,31,31,1,1,1,1,11,11,2,2,10,30,3,3,2,2,2,2,4,2,261006960,1274702764,1,3,9999,9999,1,1
1,97,103,39,2,0,1,99000,0,215,2024,2,1,17,55,13,7,14,18,12,1,2,1,0,7,0,0,0,0,0,0,20,70,0,4,1,65,1,3,61,31,0,1,0,1,0,11,0,10,0,30,0,4,0,2,0,2,0,4,2,260915170,1275309287,5,3,9999,0,9,0
1,97,103,40,2,0,2,10860,0,215,2024,2,18,12,20,12,7,3,18,24,1,1,1,7,1,0,0,0,0,3,9,1,70,4,2,21,35,65,3,4,31,31,1,1,1,1,11,11,3,3,60,80,3,3,2,2,2,2,2,4,260956704,1274517183,1,3,9999,9999,1,5
1,97,103,41,2,0,2,33640,0,215,2024,2,16,16,53,12,7,5,18,22,1,1,1,1,7,9,22,9,22,11,9,30,70,5,4,21,45,55,3,13,31,31,1,11,1,1,11,11,10,10,50,85,2,2,1,2,2,2,2,2,261015373,1274801721,6,3,9999,9999,1,9
1,97,103,42,2,0,1,3290,656,348,2024,1,20,22,22,22,7,18,18,3,2,1,1,14,7,0,0,0,0,5,9,1,70,4,2,1,1,75,3,61,31,0,1,0,1,0,11,0,4,0,80,0,3,0,2,0,2,0,4,2,261234391,1274530960,7,3,9999,0,1,0
1,97,103,43,2,0,1,3310,483,215,2024,2,1,6,56,23,7,14,18,12,1,1,1,1,7,9,22,9,22,14,6,30,70,4,2,21,75,1,14,35,31,31,11,0,1,0,11,11,3,3,40,10,3,2,2,0,2,0,4,2,261056140,1274630472,5,3,876,9999,9,1
1,97,103,44,2,0,1,33480,0,348,2024,3,17,9,45,12,6,36,18,39,2,1,1,1,7,9,22,9,22,15,9,30,70,5,2,21,1,75,3,3,31,31,1,1,1,1,11,11,10,3,10,40,3,3,1,2,2,2,4,2,261217106,1274539201,1,3,9999,157,1,9
1,97,103,46,2,0,1,99000,0,350,2024,3,5,13,21,12,6,49,18,33,2,1,1,0,7,0,0,0,0,0,0,20,70,0,4,21,65,35,3,4,31,31,1,1,1,1,11,11,10,10,30,10,3,3,2,2,2,2,4,2,261206520,1274413193,3,3,9999,9999,9,1
1,97,103,47,2,0,2,33640,0,215,2024,3,26,7,35,12,6,27,18,44,2,1,1,14,7,0,0,0,0,3,7,1,70,4,2,21,55,1,3,51,31,41,1,0,1,0,11,0,10,0,37,10,3,3,2,0,2,0,4,2,261040055,1274457134,3,3,9999,0,9,0
1,97,103,48,2,0,1,10770,0,348,2024,3,26,11,38,12,6,27,18,44,2,1,1,1,7,9,22,9,22,15,6,30,70,4,2,21,75,45,4,4,31,31,1,1,1,1,11,11,4,4,72,50,3,3,2,2,2,2,4,2,261155482,1274457199,3,3,607,9999,9,9
1,97,103,49,2,0,1,10860,0,215,2024,3,16,15,27,12,6,37,18,39,1,2,1,14,7,0,0,0,0,4,9,1,70,4,2,21,55,45,3,4,31,31,1,1,1,1,11,11,10,10,20,70,3,3,2,2,2,2,4,4,260916744,1274701820,7,3,9999,9999,9,9
1,97,104,35,2,0,1,3300,0,205,2024,2,20,14,40,12,7,2,18,25,1,1,1,14,7,0,0,0,0,4,9,1,70,4,2,1,55,65,51,61,41,0,0,0,0,0,0,0,0,0,10,0,3,0,0,0,0,0,4,2,261655142,1274641783,3,3,0,0,0,0
1,97,104,37,2,0,1,32050,0,205,2024,2,24,10,15,12,6,58,18,27,2,1,1,1,7,9,22,9,22,11,9,30,70,5,4,21,35,25,4,4,31,31,1,1,1,1,11,11,10,2,50,40,3,3,2,2,2,2,4,2,261543240,1274535921,7,3,9999,9999,1,1
1,97,104,39,2,0,1,3300,75,205,2024,2,22,4,2,22,7,0,18,26,2,1,1,7,1,0,0,0,0,4,9,1,70,1,2,21,25,25,4,35,31,31,1,0,1,0,11,11,4,4,10,30,3,3,2,0,2,0,4,2,261731999,1274638410,5,2,9999,9999,1,1
1,97,104,40,2,0,1,580,1118,205,2024,2,13,13,22,12,7,7,18,20,1,1,1,7,1,0,0,0,0,6,9,1,70,1,2,21,1,35,4,4,31,31,1,1,1,1,11,11,3,3,10,30,3,3,2,2,2,2,4,2,261607972,1274357778,3,3,9999,9999,1,1
1,97,104,41,2,0,1,10290,0,328,2024,2,1,23,14,22,7,14,18,12,1,1,1,1,1,9,22,9,22,15,9,30,70,5,2,21,1,1,4,34,31,31,1,0,1,0,11,11,3,3,10,40,1,3,2,0,2,0,4,2,261448656,1274613307,5,3,9999,9999,1,1
1,97,104,42,2,0,1,32050,0,205,2024,2,15,8,25,12,7,6,18,22,1,1,1,14,7,0,0,0,0,3,9,1,70,4,2,1,35,1,3,61,31,0,1,0,1,0,11,0,10,0,80,0,4,0,2,0,2,0,4,2,261720497,1274650354,5,3,9999,0,1,0
1,97,104,43,2,0,1,580,1087,205,2024,3,2,18,55,21,6,52,18,31,1,1,1,1,1,9,22,9,22,19,9,30,70,5,2,21,65,25,4,36,31,31,1,0,1,0,11,11,4,10,80,10,2,2,2,0,2,0,4,2,261710741,1274520646,7,3,9999,9999,9,5
1,97,104,44,2,0,1,32050,72,205,2024,2,6,20,36,22,7,11,18,15,1,1,1,1,1,9,22,0,0,17,2,30,70,4,2,1,35,1,4,61,31,0,1,0,1,0,11,0,2,0,80,0,3,0,2,0,2,0,4,2,261518238,1274546249,3,3,9999,0,1,0
1,97,104,45,2,0,1,32050,0,205,2024,2,21,19,57,22,7,1,18,26,1,1,1,7,7,0,0,0,0,4,9,1,70,4,2,21,25,1,3,3,31,31,1,1,1,1,11,11,3,3,10,30,3,3,2,2,2,2,4,2,261611053,1274355564,4,3,9999,9999,1,1