data_category,prefecture_code,police_station_code,report_id,accident_details_code,fatalities,injured_persons,route_code,location_code,municipality_code,occurence_year,occurence_month,occurence_date,occurence_hour,occurence_minute,day_night_code,sunrise_hour,sunrise_minute,sunset_hour,sunset_minute,weather_code,terrain_code,road_condition_code,road_config_code,traffic_signal_code,stop_reg_signage_code_party_a,stop_reg_roadmarking_code_party_a,stop_reg_signage_code_party_b,stop_reg_roadmarking_code_party_b,road_width_code,road_alignment_code,collision_point_code,zone_reg_code,median_facility_code,pedestrian_vehicle_separation_code,accident_type_code,age_party_a,age_party_b,party_type_code_party_a,party_type_code_party_b,vehicle_use_code_party_a,vehicle_use_code_party_b,vehicle_shape_code_party_a,vehicle_shape_code_party_b,auto_transm_code_party_a,auto_transm_code_party_b,safety_feature_code_party_a,safety_feature_code_party_b,speed_reg_code_party_a,speed_reg_code_party_b,vehicle_impact_point_code_party_a,vehicle_impact_point_code_party_b,vehicle_damage_level_party_a,vehicle_damage_level_party_b,airbag_code_party_a,airbag_code_party_b,side_airbag_code_party_a,side_airbag_code_party_b,injury_severity_code_party_a,injury_severity_code_party_b,latitude_north,longitude_east,occurence_day_code,public_holiday_code,days_since_cognitive_test_party_a,days_since_cognitive_test_party_b,driving_practice_method_code_party_a,driving_practice_method_code_party_b
1,97,104,46,2,0,1,95000,0,328,2024,1,27,9,55,12,7,16,18,8,1,2,1,0,7,0,0,0,0,0,0,20,70,0,2,41,45,0,31,75,31,0,0,0,0,0,11,0,10,0,41,0,2,0,0,0,0,0,2,0,261507193,1274620100,7,3,9999,0,1,0
1,97,104,47,2,0,1,32050,0,205,2024,2,12,16,30,12,7,8,18,20,1,1,1,14,7,0,0,0,0,2,9,1,70,5,3,1,55,1,3,61,31,0,1,0,1,0,11,0,10,0,60,0,3,0,2,0,2,0,4,2,261539755,1274432784,2,1,9999,0,9,0
1,97,104,48,2,0,1,580,1102,205,2024,3,18,14,33,12,6,35,18,40,1,1,1,1,1,9,22,0,0,18,9,30,70,5,2,1,55,1,4,61,31,0,1,0,1,0,11,0,4,0,50,0,3,0,2,0,2,0,4,2,261640426,1274444311,2,3,9999,0,9,0
1,97,104,49,2,0,1,32050,0,205,2024,3,19,7,15,11,6,34,18,40,1,1,1,1,7,9,22,9,22,14,9,30,70,5,2,21,45,45,3,34,31,31,1,0,1,0,11,11,3,3,80,42,3,3,2,0,2,0,4,2,261641938,1274647230,3,2,9999,9999,4,5
1,97,104,50,2,0,1,580,1092,205,2024,1,20,20,18,22,7,18,18,3,1,1,1,7,1,0,0,0,0,6,9,1,70,1,2,21,1,35,3,14,31,31,1,11,1,1,11,11,4,4,10,30,3,3,2,2,2,2,4,2,261659945,1274511905,7,3,0,9999,0,1
1,97,104,51,2,0,1,580,1100,205,2024,3,17,9,20,12,6,36,18,39,2,1,1,1,1,9,22,9,22,18,9,30,70,5,2,21,25,1,3,34,31,31,1,0,1,0,11,11,10,10,40,20,3,2,2,0,2,0,4,2,261654619,1274432600,1,3,9999,9999,1,1
1,97,104,52,1,1,0,580,1098,205,2024,3,7,18,50,21,6,47,18,34,2,1,1,1,1,9,22,9,22,18,9,30,70,5,2,21,55,1,3,31,31,31,1,0,1,0,11,11,4,4,40,10,2,2,2,0,2,0,4,1,261646150,1274454168,5,3,9999,0,9,0
1,97,104,53,2,0,1,32050,0,205,2024,3,13,18,13,13,6,41,18,37,1,1,1,1,7,9,22,9,22,14,9,30,70,4,2,21,65,1,3,51,31,41,1,0,1,0,11,0,1,0,10,40,4,3,2,0,2,0,4,2,261614599,1274414827,4,3,9999,0,9,0
1,97,104,54,2,0,1,580,1121,205,2024,1,16,14,55,12,7,18,17,59,1,1,1,1,1,9,22,9,22,19,9,30,70,5,2,21,1,1,3,36,31,31,1,0,1,0,11,11,4,10,40,10,3,2,2,0,2,0,4,2,261605120,1274346729,3,3,9999,9999,1,1
1,97,104,55,2,0,1,25340,0,205,2024,3,12,7,53,12,6,42,18,37,1,1,1,14,7,0,0,0,0,3,7,1,70,4,2,21,55,25,4,4,31,31,1,1,1,1,11,11,3,3,10,31,3,3,2,2,2,2,4,2,261511743,1274525124,3,3,9999,9999,9,1
1,97,104,56,2,0,1,3300,99,205,2024,2,15,0,8,22,7,6,18,22,1,1,1,14,7,0,0,0,0,4,7,1,70,4,2,1,55,55,34,61,1,0,0,0,0,0,11,0,3,0,10,0,3,0,0,0,0,0,4,2,261624485,1274622084,5,3,9999,0,9,0
1,97,104,57,2,0,1,580,1101,205,2024,2,20,14,19,12,7,2,18,25,1,1,1,7,1,0,0,0,0,6,9,1,70,1,2,21,25,35,3,3,31,31,1,1,1,1,11,11,4,4,10,30,3,3,2,2,2,2,4,2,261641243,1274445773,3,3,9999,9999,1,1
1,97,104,58,2,0,1,3300,91,205,2024,3,22,12,40,12,6,31,18,42,1,1,1,1,1,9,22,9,22,14,9,30,70,5,2,21,1,1,13,35,31,31,11,0,1,0,11,11,3,3,40,12,3,3,2,0,2,0,4,2,261643738,1274642870,6,3,9999,9999,1,1
1,97,104,59,2,0,1,25340,0,205,2024,3,20,10,56,12,6,33,18,41,1,1,1,1,7,9,22,9,22,14,9,30,70,4,2,21,25,25,14,36,1,31,11,0,1,0,11,11,3,10,30,10,3,3,2,0,2,0,4,2,261604148,1274403739,4,1,9999,9999,1,9
1,97,105,49,2,0,2,3300,27,211,2024,2,19,8,25,12,7,2,18,24,1,1,1,14,7,0,0,0,0,6,9,1,70,1,2,21,25,35,4,4,31,31,1,1,1,1,11,11,3,3,10,31,3,4,2,2,2,2,4,2,261941869,1274738310,2,3,9999,9999,1,1
1,97,105,51,2,0,1,10850,0,211,2024,1,25,13,4,12,7,17,18,6,2,1,1,7,7,0,0,0,0,5,9,1,70,1,2,21,45,45,3,4,31,31,1,1,1,1,11,0,3,3,30,10,3,3,2,2,2,2,2,4,262111005,1274844723,5,3,9999,9999,5,9
1,97,105,52,2,0,1,99000,443,211,2024,3,2,15,53,12,6,52,18,31,2,1,1,0,7,0,0,0,0,0,0,20,70,0,4,1,65,75,4,61,31,0,1,0,1,0,11,0,10,0,80,0,3,0,2,0,2,0,4,2,262200685,1274901636,7,3,9999,0,1,0
1,97,105,53,2,0,1,27240,0,211,2024,2,15,20,0,22,7,6,18,22,1,1,1,1,1,9,22,9,22,15,9,30,70,5,2,21,65,1,4,35,31,31,1,0,1,0,11,11,3,3,50,10,2,2,2,0,2,0,4,2,262129081,1274909095,5,3,9999,9999,9,1
1,97,105,54,2,0,1,32110,0,211,2024,1,10,8,2,11,7,18,17,55,2,1,1,14,7,0,0,0,0,3,9,1,70,4,2,1,45,1,4,61,31,0,1,0,1,0,11,0,10,0,10,0,3,0,2,0,2,0,4,2,261854976,1274959927,4,3,9999,0,1,0
1,97,105,55,2,0,1,38270,0,327,2024,2,7,18,20,21,7,11,18,16,3,1,2,1,7,1,21,9,22,14,1,30,70,5,2,21,55,55,13,4,31,31,11,1,1,1,11,11,10,3,80,20,3,3,2,2,2,2,4,2,261821744,1274753052,4,3,9999,9999,9,9
1,97,105,56,2,0,1,32110,0,211,2024,1,25,14,5,12,7,17,18,6,2,1,1,1,7,9,22,9,22,15,9,30,70,5,2,21,45,1,13,51,31,41,11,0,1,0,11,0,10,0,20,10,3,3,2,0,2,0,4,2,262049582,1274919247,5,3,9999,0,1,0
1,97,105,57,2,0,1,32110,0,211,2024,2,2,15,8,12,7,14,18,13,1,1,1,1,7,1,21,9,22,15,9,30,70,4,3,21,35,45,3,3,31,31,1,1,1,1,11,11,10,10,10,40,3,3,2,2,2,2,4,2,262007670,1274813950,6,3,9999,9999,1,9
1,97,105,58,2,0,2,580,1032,326,2024,2,7,0,55,22,7,11,18,16,1,2,1,14,7,0,0,0,0,6,9,1,70,1,2,21,1,35,3,4,31,31,1,1,1,1,11,11,5,5,30,10,3,3,2,2,2,2,2,4,261958368,1274505418,4,3,9999,9999,5,5
1,97,105,59,2,0,1,10750,0,211,2024,2,29,8,18,12,6,54,18,30,2,1,2,1,7,9,22,9,22,18,9,30,70,5,2,21,25,35,7,35,31,31,1,0,1,0,11,11,3,3,10,10,3,4,2,0,2,0,4,2,262046975,1274921641,5,3,9999,9999,1,5
1,97,105,60,2,0,1,3290,482,211,2024,2,20,13,0,12,7,2,18,25,2,1,1,7,7,0,0,0,0,3,9,1,70,4,2,21,65,55,1,1,1,1,1,1,1,1,11,11,4,4,80,60,3,3,2,2,2,2,4,4,262003944,1274906139,3,3,9999,9999,9,9
1,97,105,62,2,0,1,580,1028,326,2024,3,11,7,48,12,6,43,18,36,2,2,1,14,7,0,0,0,0,4,9,1,70,1,2,21,25,35,3,3,31,31,1,1,2,1,11,11,10,10,10,30,3,3,2,2,2,2,4,2,262010097,1274504954,2,3,0,9999,0,1
1,97,105,63,2,0,1,25220,0,327,2024,2,4,13,40,12,7,13,18,14,1,2,1,1,1,9,22,9,22,18,9,30,70,5,2,21,1,25,3,4,31,31,1,1,1,1,11,11,3,3,80,10,2,2,1,1,2,2,4,2,261858676,1274756654,1,3,0,9999,0,1
1,97,105,65,2,0,1,27270,0,327,2024,3,2,7,40,11,6,52,18,31,2,1,2,1,1,9,22,9,22,18,9,30,70,5,2,21,35,25,2,4,31,31,1,1,1,1,11,11,4,4,60,10,3,2,2,2,2,2,4,2,261825434,1274921032,7,3,9999,9999,1,1
1,97,105,66,2,0,1,32110,0,211,2024,1,6,13,18,12,7,18,17,52,1,1,1,1,7,1,21,9,22,14,9,30,70,4,2,21,25,55,3,3,31,31,1,1,1,1,11,11,2,2,10,40,3,3,2,2,2,2,4,4,262000881,1274752440,7,3,0,9999,0,9
1,97,105,67,2,0,1,33260,0,326,2024,2,16,16,35,12,7,5,18,22,2,1,1,14,7,0,0,0,0,2,9,1,70,5,4,21,1,35,13,35,31,31,11,0,1,0,11,11,5,5,10,34,3,2,2,0,2,0,4,2,261918401,1274621997,6,3,9999,9999,5,5
1,97,105,68,2,0,2,3300,40,327,2024,2,18,4,55,22,7,3,18,24,1,2,1,7,1,0,0,0,0,6,9,1,70,1,2,21,45,1,4,4,31,31,1,1,2,1,11,11,4,4,54,50,2,3,2,2,2,2,4,2,261858049,1274736383,1,3,9999,9999,1,5
1,97,105,69,2,0,1,10750,0,211,2024,3,4,15,0,12,6,50,18,33,2,1,1,14,7,0,0,0,0,4,9,1,70,4,2,21,25,45,4,14,31,31,1,11,1,1,11,11,3,3,10,30,3,3,2,1,2,2,4,2,262023950,1274901135,2,3,9999,9999,1,1
1,97,105,70,2,0,1,10850,0,211,2024,3,5,4,38,22,6,49,18,33,2,1,1,1,7,1,21,9,22,14,9,30,70,1,2,21,65,55,3,35,1,31,1,0,1,0,11,11,3,3,20,10,3,3,2,0,2,0,4,2,262115764,1274820070,3,3,9999,9999,9,9
1,97,105,71,2,0,1,3290,435,211,2024,2,21,16,28,12,7,1,18,26,1,1,1,14,1,0,0,0,0,4,9,1,70,4,2,21,65,45,4,4,31,31,1,1,1,1,11,11,4,4,50,40,3,2,2,2,2,2,4,2,262221403,1274914632,4,3,9999,9999,9,1
1,97,105,72,2,0,2,580,1068,326,2024,3,6,10,5,12,6,48,18,34,2,1,2,14,7,0,0,0,0,6,9,1,70,1,2,21,35,35,13,4,31,31,11,1,1,1,11,11,5,5,10,30,3,3,2,2,2,2,4,2,261810937,1274543247,4,3,9999,9999,9,4
1,97,105,73,2,0,1,32110,457,211,2024,3,4,16,13,12,6,50,18,33,3,1,2,14,7,0,0,0,0,2,9,1,70,5,3,21,25,35,3,4,31,31,1,1,1,1,11,11,10,10,80,60,3,3,2,2,2,2,2,4,262119055,1274848139,2,3,9999,9999,1,1
1,97,105,74,2,0,1,10850,0,211,2024,3,7,20,55,22,6,47,18,34,1,2,1,14,7,0,0,0,0,3,9,1,70,1,2,1,1,75,4,61,31,0,1,0,1,0,11,0,4,0,10,0,3,0,2,0,2,0,4,2,262010021,1274732093,5,3,9999,0,1,0
1,97,105,75,2,0,1,25200,0,211,2024,2,6,12,3,12,7,11,18,15,1,1,2,1,7,1,21,1,21,18,9,30,70,5,2,21,25,35,4,4,31,31,1,1,1,1,11,11,3,3,80,50,3,3,2,2,2,2,4,2,261917285,1274953033,3,3,9999,9999,1,1
1,97,105,76,2,0,1,10850,205,211,2024,2,8,10,20,12,7,10,18,17,2,2,2,7,5,0,0,0,0,5,6,1,70,1,2,21,35,45,13,4,31,31,11,1,2,1,11,11,4,4,10,30,3,3,2,2,2,2,4,2,262121913,1274815624,5,3,9999,9999,1,9
1,97,105,77,2,0,1,33260,0,326,2024,3,19,5,40,23,6,34,18,40,1,1,1,7,1,0,0,0,0,4,9,1,70,4,2,21,25,1,13,4,31,31,11,1,1,1,11,11,3,3,30,10,3,3,2,2,2,2,2,4,261848636,1274537652,3,2,9999,9999,3,1
1,97,105,78,2,0,1,25160,451,211,2024,3,20,18,2,13,6,33,18,41,1,1,1,7,1,0,0,0,0,4,7,1,70,4,2,21,55,25,3,4,31,31,1,1,1,1,11,11,3,3,10,30,3,3,2,2,2,2,4,2,262138671,1274849111,4,1,9999,9999,9,1
1,97,105,80,2,0,1,32110,0,211,2024,3,8,12,7,12,6,46,18,35,2,1,1,14,7,0,0,0,0,3,7,1,70,4,2,21,75,25,4,4,31,31,1,1,1,1,11,11,2,2,10,30,3,3,2,2,2,2,4,2,261922444,1274831511,6,3,9999,9999,9,1
1,97,105,81,2,0,1,10230,0,326,2024,3,19,18,15,13,6,34,18,40,3,2,2,14,1,0,0,0,0,4,9,1,70,1,2,21,35,35,3,3,31,31,1,1,1,1,11,11,4,4,10,30,3,2,2,2,2,2,4,2,261938122,1274527148,3,2,9999,9999,1,1
1,97,105,82,2,0,1,25200,0,211,2024,2,22,20,40,22,7,0,18,26,2,1,1,14,7,0,0,0,0,5,9,1,70,5,2,21,75,45,14,35,31,31,11,0,1,0,11,0,3,3,30,10,3,4,2,0,2,0,4,2,261934651,1274852254,5,2,1065,9999,1,9
1,97,105,85,2,0,1,3290,469,211,2024,2,17,6,55,23,7,4,18,23,1,1,1,1,1,9,22,9,22,14,9,30,70,5,2,21,75,1,3,35,31,31,1,0,1,0,11,11,3,3,80,10,3,3,2,0,2,0,4,2,262041597,1274848712,7,3,570,9999,9,1
1,97,105,91,2,0,1,32110,0,211,2024,3,6,18,9,13,6,48,18,34,2,1,1,14,7,0,0,0,0,3,9,1,70,4,2,1,1,75,35,61,31,0,0,0,0,0,11,0,2,0,20,0,3,0,0,0,0,0,4,2,261935494,1274951798,4,3,9999,0,1,0
1,97,106,11,2,0,1,33240,0,324,2024,1,20,16,41,12,7,18,18,3,1,2,1,1,7,9,22,9,22,14,9,30,70,4,2,21,25,75,4,4,31,31,1,1,1,1,11,11,2,2,80,20,3,3,2,2,2,2,4,2,262419778,1274324521,7,3,9999,486,1,9
1,97,106,12,2,0,1,33240,0,324,2024,3,7,13,26,12,6,47,18,34,2,2,2,1,7,1,22,9,22,15,9,30,70,4,2,21,1,25,4,14,31,31,1,11,1,2,11,11,10,2,10,40,2,3,2,2,2,2,4,2,262416209,1274324482,5,3,9999,9999,1,1
1,97,106,13,2,0,1,33240,0,324,2024,3,11,10,10,12,6,43,18,36,1,2,1,1,1,9,22,9,22,15,2,30,70,4,2,21,1,1,3,4,31,31,1,1,1,1,11,11,3,3,10,80,2,2,1,1,2,2,4,4,262415721,1274446363,2,3,9999,9999,1,1
1,97,106,14,2,0,1,33250,0,325,2024,3,13,13,7,12,6,41,18,37,1,3,1,14,7,0,0,0,0,3,9,1,70,4,3,21,1,75,3,3,31,31,1,1,1,1,11,11,3,3,10,30,3,3,2,2,2,2,4,2,262216450,1274607968,4,3,9999,448,1,9
1,97,106,16,2,0,1,33240,0,324,2024,3,5,7,46,11,6,49,18,33,3,1,2,1,7,9,22,9,22,14,9,30,70,5,3,21,1,45,3,4,31,31,1,1,1,1,11,11,10,2,10,42,3,2,2,2,2,2,4,2,262510697,1274333344,3,3,9999,9999,1,1
1,97,106,17,2,0,1,33240,0,324,2024,2,13,16,32,12,7,7,18,20,1,1,1,1,4,9,21,9,22,15,9,30,70,4,3,21,65,35,4,4,31,31,1,1,1,1,11,11,10,3,10,20,3,3,2,2,2,2,4,2,262508861,1274310960,3,3,9999,9999,9,1
1,97,107,18,2,0,1,27240,0,213,2024,2,21,16,21,12,7,1,18,26,1,1,1,7,1,0,0,0,0,4,7,1,70,4,2,21,75,25,4,4,31,31,1,1,1,1,11,11,3,3,30,10,3,3,2,2,2,2,4,2,262121020,1275054704,4,3,849,9999,9,1
1,97,107,19,2,0,1,27240,0,213,2024,3,1,13,45,12,6,53,18,31,1,3,1,14,7,0,0,0,0,4,9,1,70,4,2,21,75,65,3,3,31,31,1,1,1,1,11,11,3,3,50,81,2,2,2,1,2,2,4,2,262232959,1274953418,6,3,540,9999,9,9
1,97,107,22,2,0,2,32040,0,213,2024,3,26,11,7,12,6,27,18,44,2,3,2,14,7,0,0,0,0,3,8,1,70,4,3,21,45,1,12,3,31,31,11,1,2,1,11,11,3,3,10,30,3,2,2,2,2,2,4,2,262132674,1275901129,3,3,9999,9999,9,1
1,97,107,23,2,0,1,27240,0,213,2024,2,17,3,13,22,7,4,18,23,1,1,1,1,1,9,22,9,22,15,9,30,70,5,2,21,25,1,4,34,31,31,1,0,1,0,11,0,10,3,20,10,3,2,2,0,2,0,2,4,262136238,1275104003,7,3,9999,0,1,0
1,97,107,24,1,1,0,10750,0,213,2024,3,9,4,8,22,6,45,18,35,2,3,1,13,7,0,0,0,0,3,6,1,70,6,2,41,1,0,4,75,31,0,1,0,1,0,11,0,3,0,12,0,1,0,1,0,2,0,1,0,262419148,1275037666,7,3,0,0,0,0
1,97,108,10,2,0,1,3290,321,314,2024,1,15,7,25,11,7,18,17,59,1,3,1,14,7,0,0,0,0,3,9,1,70,4,2,21,65,45,3,4,31,31,1,1,1,1,11,11,4,4,15,84,2,2,2,1,2,2,4,2,262715872,1275132116,2,3,9999,9999,9,1
1,97,108,11,2,0,1,33140,0,314,2024,3,5,17,40,13,6,49,18,33,2,1,1,1,7,4,21,9,22,14,9,30,70,4,2,21,55,25,3,34,31,31,1,0,1,0,11,11,2,2,50,40,2,1,2,0,2,0,4,2,262651425,1275536451,3,3,9999,9999,9,1
1,97,108,12,2,0,1,95000,0,313,2024,2,9,18,8,13,7,10,18,18,2,3,1,0,7,0,0,0,0,0,0,20,70,0,4,1,35,45,4,61,31,0,1,0,1,0,11,0,10,0,30,0,4,0,2,0,2,0,4,2,262906756,1275823290,6,3,9999,0,1,0
1,97,108,13,2,0,1,32040,0,213,2024,3,12,15,40,12,6,42,18,37,1,1,1,14,7,0,0,0,0,3,7,1,70,4,2,21,1,35,4,35,31,31,1,0,2,0,11,11,2,2,10,20,3,2,2,0,2,0,4,2,262449072,1274927692,3,3,9999,9999,1,5
1,97,108,14,2,0,1,580,859,311,2024,2,3,12,32,12,7,13,18,13,1,3,1,14,7,0,0,0,0,3,9,1,70,4,2,21,35,45,14,31,31,31,11,0,1,0,11,11,5,5,52,12,2,2,2,0,2,0,4,2,262737922,1274931832,7,3,9999,9999,1,9
1,97,108,15,2,0,1,580,860,311,2024,2,24,14,55,12,6,58,18,27,1,2,1,14,7,0,0,0,0,3,8,1,70,4,2,21,65,65,1,3,1,31,1,1,1,1,0,11,4,4,30,10,2,2,2,1,2,2,2,4,262750638,1274908418,7,3,9999,9999,9,9
1,97,108,16,2,0,1,99000,371,213,2024,2,26,16,40,12,6,56,18,29,2,1,1,0,7,0,0,0,0,0,0,20,70,0,4,1,45,65,3,61,31,0,1,0,1,0,11,0,10,0,0,0,4,0,2,0,2,0,4,2,262530277,1274930709,2,3,9999,0,1,0
1,97,108,17,2,0,4,580,737,311,2024,3,6,3,3,22,6,48,18,34,3,3,2,14,1,0,0,0,0,3,9,1,70,4,2,21,25,1,4,4,31,31,1,1,1,1,11,11,4,4,80,60,2,2,1,2,2,2,4,2,263050947,1275408996,4,3,9999,9999,1,1
1,97,108,18,2,0,1,3290,358,213,2024,3,3,10,35,12,6,51,18,32,1,1,1,1,1,9,22,0,0,18,9,30,70,5,2,1,35,55,4,61,31,0,1,0,1,0,11,0,4,0,10,0,3,0,2,0,2,0,4,2,262602040,1275003196,1,3,9999,0,1,0
1,97,108,19,2,0,1,32040,368,213,2024,2,10,18,36,21,7,9,18,18,1,1,1,14,1,0,0,0,0,4,9,1,70,4,2,21,1,65,3,4,31,31,1,1,1,1,11,11,2,2,80,50,3,3,2,2,2,2,2,4,262539860,1274935317,7,2,9999,9999,5,9
1,97,108,20,2,0,1,580,708,311,2024,3,9,8,35,12,6,45,18,35,1,3,1,14,1,0,0,0,0,3,9,1,70,4,2,21,35,55,3,14,31,31,1,11,1,1,11,11,4,4,10,30,3,3,2,2,2,2,4,2,263124280,1275518440,7,3,9999,9999,1,9
1,97,109,19,2,0,1,580,493,209,2024,2,12,11,20,12,7,8,18,20,1,3,1,14,7,0,0,0,0,3,8,1,70,4,2,21,55,65,3,14,31,31,1,11,1,1,11,11,4,4,50,10,2,2,1,1,2,2,4,2,263741592,1280137650,2,1,9999,9999,9,9
1,97,109,20,2,0,1,32090,0,209,2024,3,1,21,54,22,6,53,18,31,3,1,2,1,7,9,22,0,0,15,9,30,70,4,2,1,1,75,4,61,31,0,1,0,1,0,11,0,3,0,10,0,3,0,2,0,2,0,4,2,263617744,1275810625,6,3,9999,0,1,0
1,97,109,21,2,0,1,580,592,209,2024,2,10,13,40,12,7,9,18,18,1,1,1,1,1,9,22,9,22,18,9,30,70,5,2,21,75,45,4,4,31,31,1,1,1,1,11,11,5,5,50,20,3,4,2,2,2,2,4,2,263505485,1275903070,7,2,9999,9999,9,9
1,97,109,22,2,0,1,580,637,209,2024,3,1,10,52,12,6,53,18,31,3,3,2,14,7,0,0,0,0,4,9,1,70,1,2,21,55,1,3,34,31,31,1,0,1,0,11,11,5,5,40,24,3,3,2,0,2,0,4,2,263302444,1275801459,6,3,9999,9999,9,1
1,97,109,24,2,0,3,32090,0,209,2024,3,9,23,30,22,6,45,18,35,2,1,1,14,7,0,0,0,0,4,9,1,70,4,2,21,1,35,4,4,31,31,1,1,1,1,11,11,10,10,10,70,2,2,2,2,2,2,4,2,263510709,1275906400,7,3,9999,9999,5,1
1,97,109,26,2,0,1,580,549,209,2024,3,12,20,41,22,6,42,18,37,1,1,1,1,1,9,22,0,0,18,8,30,70,5,2,1,65,1,4,61,31,0,1,0,1,0,11,0,4,0,10,0,4,0,2,0,2,0,4,2,263625614,1275850812,3,3,9999,0,9,0
1,97,109,27,2,0,1,580,610,209,2024,3,5,16,50,12,6,49,18,33,2,2,1,14,7,0,0,0,0,4,9,1,70,1,2,21,25,35,3,3,31,31,1,1,1,1,11,11,5,5,10,31,2,3,2,2,2,2,4,2,263411442,1275851316,3,3,9999,9999,1,1
1,97,109,28,2,0,1,10710,5,209,2024,1,12,10,27,12,7,18,17,56,2,2,1,14,7,0,0,0,0,3,9,1,70,4,2,21,1,75,4,14,31,31,1,11,1,1,11,11,3,3,50,50,2,2,1,2,2,2,4,2,263612704,1275957800,6,3,9999,196,1,9
1,97,109,29,2,0,1,26100,0,209,2024,3,19,16,50,12,6,34,18,40,3,3,2,12,7,0,0,0,0,3,9,1,70,4,4,21,1,65,3,3,31,31,1,1,1,1,11,11,3,3,10,50,2,2,2,2,2,2,4,4,263840798,1280157652,3,2,9999,9999,1,9
1,97,109,30,2,0,1,580,546,209,2024,3,16,19,47,22,6,37,18,39,1,1,1,1,1,9,22,9,22,18,9,30,70,5,2,21,35,35,3,36,31,31,1,0,1,0,11,11,10,2,30,10,3,3,2,0,2,0,4,2,263629887,1275901280,7,3,9999,9999,1,9
1,97,109,31,2,0,1,10710,5,209,2024,3,15,18,50,21,6,39,18,38,1,3,1,14,7,0,0,0,0,3,7,1,70,4,2,21,45,35,3,51,31,41,1,0,1,0,11,0,3,0,80,30,3,3,2,0,2,0,4,2,263612125,1275957498,6,3,9999,0,1,0
1,97,109,32,2,0,1,99000,0,209,2024,3,22,1,3,22,6,31,18,42,1,1,1,0,7,0,0,0,0,0,0,20,70,0,4,1,45,55,3,61,1,0,1,0,1,0,11,0,10,0,30,0,4,0,2,0,2,0,4,2,263610663,1275907782,6,3,9999,0,9,0
1,97,110,4,2,0,1,26140,0,308,2024,2,26,8,10,12,6,56,18,29,3,3,2,14,7,0,0,0,0,3,8,1,70,4,2,21,45,35,3,3,31,31,1,1,1,1,11,11,3,3,50,80,2,3,2,2,2,2,4,2,264130790,1275248774,2,3,9999,9999,9,1
1,97,110,5,2,0,2,10840,0,308,2024,1,6,20,35,22,7,18,17,52,3,3,2,13,7,0,0,0,0,3,1,1,70,4,2,21,25,35,3,3,31,31,1,1,2,1,11,11,3,3,80,50,1,2,2,1,2,2,4,2,263842983,1275724120,7,3,0,9999,0,1
1,97,110,6,2,0,1,10840,0,308,2024,2,8,11,10,12,7,10,18,17,3,3,2,13,7,0,0,0,0,3,1,1,70,4,2,41,65,0,14,75,31,0,11,0,1,0,11,0,3,0,52,0,2,0,2,0,2,0,4,0,263917158,1275557907,5,3,9999,0,9,0
1,97,110,7,2,0,1,5050,0,306,2024,2,11,14,8,12,7,8,18,19,1,2,1,14,7,0,0,0,0,3,9,1,70,4,2,41,35,0,5,75,31,0,1,0,1,0,11,0,3,0,82,0,4,0,2,0,2,0,2,0,264104182,1275808522,1,1,9999,0,5,0
1,97,110,8,2,0,2,27480,0,306,2024,2,24,14,0,12,6,58,18,27,2,3,1,1,4,9,22,9,21,15,9,30,70,4,2,21,65,1,3,4,1,31,1,1,1,1,11,11,4,3,40,10,2,2,2,2,2,2,4,4,264016097,1275901856,7,3,9999,9999,9,1
1,97,110,9,2,0,4,26140,0,308,2024,3,27,13,50,12,6,26,18,44,1,3,1,1,7,9,22,9,22,15,8,30,70,4,2,21,1,35,3,3,31,31,1,1,1,1,11,11,10,3,20,20,2,2,2,1,1,2,4,2,264206541,1275259426,4,3,9999,9999,1,1
1,97,111,15,2,0,1,33630,0,214,2024,2,9,22,10,22,7,10,18,18,2,1,1,1,1,0,0,0,0,15,9,30,70,5,2,1,1,0,61,0,0,0,0,0,0,0,0,0,0,0,0,0,0,0,0,0,0,0,2,0,244810242,1251714582,6,3,0,0,0,0
1,97,111,16,2,0,1,27460,0,214,2024,3,14,12,25,12,6,40,18,38,1,3,1,1,7,9,22,9,22,15,9,30,70,5,2,21,35,1,11,3,1,31,11,1,2,1,11,11,4,10,80,10,2,1,2,1,2,2,2,4,244629010,1252115397,5,3,9999,9999,1,1
1,97,111,18,2,0,1,26900,0,214,2024,3,8,20,57,22,6,46,18,35,1,1,1,1,1,9,22,0,0,15,9,30,70,5,2,1,45,35,4,61,31,0,1,0,1,0,11,0,3,0,10,0,3,0,2,0,2,0,4,2,244804976,1251653001,6,3,9999,0,9,0
1,97,112,13,2,0,1,32070,0,207,2024,2,27,8,25,12,6,56,18,29,2,1,1,1,7,9,22,9,22,11,9,30,70,5,4,21,55,1,3,51,31,41,1,0,1,0,11,0,1,0,20,10,3,3,2,0,2,0,4,2,242024241,1240927018,3,3,9999,0,9,0
1,97,112,14,2,0,1,32070,0,207,2024,2,29,16,26,12,6,54,18,30,1,1,1,1,7,9,22,9,22,14,7,30,70,5,4,21,65,1,4,51,31,41,1,0,1,0,11,0,10,0,50,10,3,3,2,0,2,0,4,2,242042446,1241147792,5,3,9999,0,9,0
1,97,112,15,2,0,1,32070,0,207,2024,2,12,1,45,22,7,8,18,20,1,1,1,1,3,9,22,0,0,15,9,30,70,5,2,1,45,35,3,61,1,0,1,0,1,0,11,0,2,0,50,0,3,0,2,0,2,0,4,2,242029566,1240919123,2,1,9999,0,9,0