data_category,prefecture_code,police_station_code,report_id,accident_details_code,fatalities,injured_persons,route_code,location_code,municipality_code,occurence_year,occurence_month,occurence_date,occurence_hour,occurence_minute,day_night_code,sunrise_hour,sunrise_minute,sunset_hour,sunset_minute,weather_code,terrain_code,road_condition_code,road_config_code,traffic_signal_code,stop_reg_signage_code_party_a,stop_reg_roadmarking_code_party_a,stop_reg_signage_code_party_b,stop_reg_roadmarking_code_party_b,road_width_code,road_alignment_code,collision_point_code,zone_reg_code,median_facility_code,pedestrian_vehicle_separation_code,accident_type_code,age_party_a,age_party_b,party_type_code_party_a,party_type_code_party_b,vehicle_use_code_party_a,vehicle_use_code_party_b,vehicle_shape_code_party_a,vehicle_shape_code_party_b,auto_transm_code_party_a,auto_transm_code_party_b,safety_feature_code_party_a,safety_feature_code_party_b,speed_reg_code_party_a,speed_reg_code_party_b,vehicle_impact_point_code_party_a,vehicle_impact_point_code_party_b,vehicle_damage_level_party_a,vehicle_damage_level_party_b,airbag_code_party_a,airbag_code_party_b,side_airbag_code_party_a,side_airbag_code_party_b,injury_severity_code_party_a,injury_severity_code_party_b,latitude_north,longitude_east,occurence_day_code,public_holiday_code,days_since_cognitive_test_party_a,days_since_cognitive_test_party_b,driving_practice_method_code_party_a,driving_practice_method_code_party_b
1,97,112,16,1,1,0,3900,0,207,2024,3,3,3,27,22,6,51,18,32,3,2,2,1,7,9,22,0,0,15,9,30,70,4,2,1,65,75,3,61,1,0,1,0,1,0,11,0,3,0,80,0,3,0,2,0,2,0,4,1,242008736,1240934430,1,3,9999,0,9,0
1,97,112,17,2,0,1,3900,0,207,2024,3,4,14,54,12,6,50,18,33,1,1,1,1,7,9,22,9,22,14,9,30,70,4,2,21,75,75,13,36,31,31,11,0,1,0,11,11,10,2,10,20,3,3,2,0,2,0,4,2,242014813,1240937912,2,3,546,448,9,9
1,97,112,18,2,0,1,3900,0,207,2024,2,23,19,57,22,6,59,18,27,2,1,1,1,7,9,22,0,0,14,9,30,70,4,2,1,25,75,4,61,31,0,1,0,1,0,11,0,3,0,10,0,3,0,2,0,2,0,4,2,242031045,1241139757,6,1,9999,0,1,0
1,97,112,19,2,0,1,32070,0,207,2024,3,16,8,55,12,6,37,18,39,1,3,1,1,7,9,22,9,22,14,8,30,70,5,4,21,65,45,3,36,31,31,1,0,1,0,11,0,10,10,10,40,3,3,2,0,2,0,4,2,242234824,1240719477,7,3,9999,9999,9,5
1,97,112,20,2,0,1,32070,0,207,2024,1,29,12,23,12,7,15,18,9,2,1,1,1,7,9,22,1,21,15,9,30,70,5,2,21,1,35,3,36,31,31,1,0,1,0,11,11,2,10,50,10,3,2,2,0,2,0,4,2,242025231,1240904694,2,3,9999,9999,1,5
1,97,112,21,2,0,1,99000,0,207,2024,3,20,16,24,12,6,33,18,41,1,1,1,0,7,0,0,0,0,0,0,20,70,0,2,1,45,45,4,61,31,0,1,0,1,0,11,0,10,0,60,0,4,0,2,0,2,0,4,2,242020404,1240908946,4,1,9999,0,1,0
1,97,112,22,2,0,1,3900,0,207,2024,3,3,9,55,12,6,51,18,32,1,1,2,14,7,0,0,0,0,3,9,1,70,4,2,21,1,75,3,4,31,31,1,1,1,1,11,11,10,2,50,80,3,3,2,2,2,2,4,4,242014644,1241003662,1,3,9999,201,1,9
1,97,113,48,2,0,1,3290,644,329,2024,2,15,3,39,22,7,6,18,22,1,1,1,1,7,9,22,9,22,11,9,30,70,5,2,21,55,25,4,35,31,31,1,0,1,0,11,11,4,4,70,10,3,3,2,0,2,0,4,2,261307849,1274552301,5,3,9999,9999,9,1
1,97,113,49,2,0,1,580,1142,208,2024,2,29,8,20,12,6,54,18,30,2,1,2,1,1,9,22,9,22,18,9,30,70,5,2,21,65,45,4,36,31,31,1,0,1,0,11,11,4,10,40,10,3,3,2,0,2,0,4,2,261540723,1274244381,5,3,9999,9999,9,5
1,97,113,50,2,0,3,27410,0,208,2024,2,17,13,0,12,7,4,18,23,2,1,1,14,7,0,0,0,0,3,8,1,70,4,2,21,25,55,3,4,31,31,1,1,1,1,11,11,3,3,10,31,3,3,2,2,2,2,4,2,261451644,1274234862,7,3,9999,9999,1,1
1,97,113,51,2,0,1,32080,0,208,2024,2,22,14,50,12,7,0,18,26,1,1,1,1,1,9,22,9,22,15,9,30,70,5,2,21,75,1,3,35,31,31,1,0,1,0,11,11,3,3,40,12,3,1,2,0,2,0,4,2,261450248,1274425609,5,2,9999,9999,1,1
1,97,113,52,2,0,1,3290,633,329,2024,2,27,23,3,22,6,56,18,29,2,1,1,14,7,0,0,0,0,5,8,1,70,4,3,21,25,1,3,4,31,31,1,1,1,1,11,11,4,4,20,10,2,2,2,1,2,2,4,2,261342737,1274603389,3,3,9999,9999,1,5
1,97,113,53,2,0,1,10380,0,208,2024,1,19,12,54,12,7,18,18,2,1,1,1,1,1,9,22,9,22,15,9,30,70,5,2,21,65,1,13,52,31,41,11,0,2,0,11,0,3,0,10,40,3,3,2,0,2,0,4,2,261446262,1274332174,6,3,9999,0,9,0
1,97,113,54,2,0,1,32080,0,208,2024,2,24,17,45,13,6,58,18,27,2,1,1,14,7,0,0,0,0,3,9,1,70,4,2,21,55,1,14,35,31,31,11,0,1,0,11,11,2,2,40,20,3,3,2,0,2,0,4,2,261434588,1274220664,7,3,9999,9999,9,1
1,97,113,55,2,0,1,32080,0,208,2024,2,19,22,58,22,7,2,18,24,1,1,1,14,7,0,0,0,0,2,9,1,1,5,3,21,1,0,35,0,31,0,0,0,0,0,11,0,2,0,40,0,3,0,0,0,0,0,4,0,261512668,1274221286,2,3,9999,0,5,0
1,97,113,56,2,0,1,3300,166,208,2024,3,4,20,46,22,6,50,18,33,3,1,2,14,7,0,0,0,0,6,9,1,70,1,2,21,1,25,3,4,31,31,1,1,1,1,11,11,4,4,30,10,2,2,2,1,2,2,2,4,261511084,1274317868,2,3,9999,9999,1,1
1,97,113,57,2,0,1,10380,0,208,2024,1,30,21,34,22,7,15,18,10,2,1,1,14,7,0,0,0,0,3,7,1,70,4,3,21,1,25,4,35,31,31,1,0,1,0,11,11,10,2,50,10,3,3,2,0,2,0,4,2,261511182,1274236130,3,3,9999,9999,1,1
1,97,113,58,2,0,1,33290,0,329,2024,2,19,5,44,22,7,2,18,24,1,3,1,14,7,0,0,0,0,3,9,1,70,4,2,21,55,65,11,51,1,41,11,0,1,0,11,0,3,0,10,30,3,1,2,0,2,0,4,2,261317782,1274623736,2,3,9999,0,9,0
1,97,113,59,2,0,2,25340,0,329,2024,2,27,8,45,12,6,56,18,29,2,1,1,14,7,0,0,0,0,6,9,1,70,4,2,21,25,35,4,4,31,31,1,1,1,1,11,11,1,3,0,0,4,4,2,2,2,2,4,2,261429152,1274553082,3,3,9999,9999,1,3
1,97,113,60,2,0,1,3300,155,208,2024,3,2,16,10,12,6,52,18,31,2,1,1,1,7,9,22,9,22,18,9,30,70,1,2,21,65,35,3,4,31,31,1,1,1,1,11,11,4,4,10,30,3,3,2,2,2,2,4,2,261518958,1274354588,7,3,9999,9999,9,4
1,97,113,61,2,0,1,10380,0,208,2024,3,5,19,9,21,6,49,18,33,2,1,1,1,7,9,22,9,22,14,8,30,70,2,2,21,1,45,4,36,31,31,1,0,1,0,11,11,3,2,50,20,3,3,2,0,2,0,4,2,261445110,1274335350,3,3,9999,9999,5,5
1,97,113,62,2,0,1,32080,0,208,2024,1,14,22,22,22,7,18,17,58,1,1,1,1,7,9,22,9,22,15,1,30,70,4,2,21,25,1,4,35,31,31,1,0,1,0,11,11,10,2,0,40,4,3,2,0,2,0,4,2,261417347,1274223893,1,3,9999,9999,9,1
1,97,113,63,2,0,1,26530,0,208,2024,3,2,8,22,12,6,52,18,31,3,1,2,1,1,9,22,9,22,14,9,30,70,5,2,21,65,25,3,3,31,31,1,1,1,1,11,11,4,4,10,10,2,2,2,1,2,2,4,2,261555966,1274334244,7,3,9999,9999,9,1
1,97,113,64,2,0,1,32080,0,208,2024,3,12,15,36,12,6,42,18,37,1,1,1,14,7,0,0,0,0,3,9,1,70,5,4,21,55,1,4,51,31,41,1,0,1,0,11,0,10,0,50,10,3,3,2,0,2,0,4,2,261417736,1274327199,3,3,9999,0,9,0
1,97,113,65,2,0,1,26530,0,208,2024,3,1,12,14,12,6,53,18,31,3,1,1,1,1,9,22,9,22,15,9,30,70,5,2,21,25,45,3,4,31,31,1,1,1,1,11,11,4,4,30,10,3,3,2,2,2,2,4,4,261556790,1274334601,6,3,9999,9999,1,1
1,97,113,66,2,0,1,10380,0,329,2024,3,6,10,10,12,6,48,18,34,2,1,1,7,7,0,0,0,0,5,9,1,70,4,2,21,45,1,3,4,31,31,1,1,1,1,11,11,3,3,40,10,3,3,2,2,2,2,2,4,261419388,1274454820,4,3,9999,9999,1,1
1,97,113,67,2,0,1,33290,0,329,2024,3,3,10,11,12,6,51,18,32,2,3,1,1,7,1,21,9,22,15,9,30,70,4,2,21,1,65,4,4,31,31,1,1,1,1,11,11,10,3,20,15,2,2,2,2,2,2,4,2,261318048,1274622933,1,3,9999,9999,1,9
1,97,113,68,2,0,1,33290,0,329,2024,3,5,8,51,12,6,49,18,33,1,2,1,1,7,1,21,9,22,15,7,30,70,4,2,21,45,1,4,36,31,31,1,0,1,0,11,11,10,10,10,10,3,3,2,0,2,0,4,2,261257237,1274430424,3,3,9999,9999,1,5
1,97,113,69,2,0,1,32080,0,208,2024,3,4,18,53,21,6,50,18,33,3,1,2,14,7,0,0,0,0,3,9,1,70,4,2,1,45,75,34,61,31,0,0,0,0,0,11,0,3,0,10,0,3,0,0,0,0,0,4,2,261436337,1274216222,2,3,9999,0,5,0
1,97,113,70,2,0,1,26530,0,208,2024,3,14,20,9,22,6,40,18,38,1,1,1,1,1,9,22,9,22,18,9,30,70,5,2,21,1,65,3,3,31,31,1,1,1,1,11,11,4,2,10,40,3,3,2,2,2,2,4,2,261556203,1274334561,5,3,9999,9999,1,9
1,97,113,71,2,0,1,26530,0,208,2024,3,7,8,0,12,6,47,18,34,3,1,2,13,7,0,0,0,0,4,2,1,70,1,2,21,25,1,35,36,31,31,0,0,0,0,11,11,4,10,40,12,3,3,0,0,0,0,2,4,261541119,1274333622,5,3,9999,9999,1,5
1,97,113,72,2,0,1,3290,648,329,2024,3,19,9,32,12,6,34,18,40,3,2,2,14,7,0,0,0,0,5,9,1,70,4,2,21,75,65,3,4,31,31,1,1,1,1,11,11,4,4,40,50,3,3,2,2,2,2,4,2,261256131,1274547102,3,2,144,9999,9,9
1,97,113,73,2,0,2,580,0,208,2024,2,21,17,35,13,7,1,18,26,1,1,1,14,7,0,0,0,0,4,9,1,70,4,4,21,1,35,3,3,31,31,1,1,1,1,11,11,5,5,10,30,3,3,2,2,2,2,4,2,261624082,1274246282,4,3,0,9999,0,1
1,97,113,74,2,0,1,3300,144,208,2024,3,12,10,39,12,6,42,18,37,1,1,1,14,7,0,0,0,0,5,9,1,70,1,2,21,35,1,3,4,31,31,1,1,1,1,11,11,4,4,10,30,3,3,2,2,2,2,4,2,261503899,1274429303,3,3,9999,9999,1,1
1,97,113,75,2,0,1,3300,177,208,2024,3,19,16,50,12,6,34,18,40,2,1,1,14,7,0,0,0,0,5,9,1,70,1,2,21,55,55,3,13,31,31,1,11,1,1,11,11,4,4,10,30,4,3,2,2,2,2,4,2,261448523,1274246310,3,2,9999,9999,5,9
1,97,113,76,2,0,1,32080,0,208,2024,3,21,17,33,12,6,32,18,41,1,1,1,7,1,0,0,0,0,4,9,1,70,2,2,21,45,35,4,35,31,31,1,0,1,0,11,11,3,2,10,34,2,2,2,0,2,0,4,2,261442274,1274118812,5,3,9999,9999,1,1
1,97,113,77,2,0,1,10380,0,208,2024,3,26,9,55,12,6,27,18,44,1,1,1,1,1,9,22,9,22,15,9,30,70,5,2,21,35,1,4,51,31,41,1,0,1,0,11,0,3,0,10,40,3,2,2,0,2,0,4,2,261446720,1274332797,3,3,9999,0,1,0
1,97,113,78,2,0,1,10290,0,329,2024,3,11,16,1,12,6,43,18,36,2,2,1,14,7,0,0,0,0,3,8,1,70,4,2,21,35,75,3,4,31,31,1,1,2,1,11,11,3,3,30,10,3,3,2,2,2,2,2,4,261404211,1274434616,2,3,9999,238,1,9
1,97,114,30,2,0,1,3310,21,201,2024,3,6,7,40,11,6,48,18,34,3,1,2,1,7,9,22,9,22,14,9,30,70,1,2,21,55,35,3,51,1,41,1,0,1,0,11,0,4,0,80,10,3,4,2,0,2,0,4,2,261158121,1273942584,4,3,9999,0,9,0
1,97,114,31,2,0,1,33410,0,212,2024,2,15,7,53,11,7,6,18,22,1,1,1,1,7,9,22,9,22,11,9,30,70,5,4,21,55,35,3,34,31,31,1,0,1,0,11,11,10,10,50,40,4,3,2,0,2,0,4,2,261047636,1274040361,5,3,9999,9999,9,1
1,97,114,32,2,0,1,10070,0,212,2024,3,12,14,53,12,6,42,18,37,1,1,1,14,7,0,0,0,0,3,7,1,70,4,2,1,55,1,3,61,31,0,1,0,1,0,11,0,2,0,10,0,3,0,2,0,2,0,4,2,261102616,1274055193,3,3,9999,0,9,0
1,97,114,33,2,0,1,10070,0,212,2024,1,22,8,1,11,7,17,18,4,2,1,1,1,1,9,22,9,22,17,9,30,70,5,2,21,25,1,14,34,31,31,11,0,1,0,11,11,3,3,50,10,3,3,2,0,2,0,4,2,261031242,1274101583,2,3,9999,9999,1,1
1,97,114,34,2,0,1,27210,0,201,2024,2,27,8,19,12,6,56,18,29,2,1,1,1,7,9,22,9,22,14,9,30,70,5,2,21,75,1,3,51,31,41,1,0,1,0,11,0,10,0,10,20,3,3,2,0,2,0,4,2,261140488,1273953755,3,3,714,0,9,0
1,97,114,35,2,0,1,32010,0,201,2024,1,25,9,5,12,7,17,18,6,2,1,1,14,7,0,0,0,0,2,9,1,70,5,3,1,55,25,4,61,31,0,1,0,1,0,11,0,10,0,40,0,4,0,2,0,2,0,4,2,261115868,1274020298,5,3,9999,0,9,0
1,97,114,36,2,0,1,32010,0,201,2024,2,11,10,21,12,7,8,18,19,1,1,1,1,7,1,21,9,22,15,9,30,70,5,2,21,1,55,3,51,31,41,1,0,1,0,11,0,10,0,80,20,3,3,2,0,2,0,4,2,261152163,1273957571,1,1,9999,0,1,0
1,97,114,37,2,0,1,25620,0,201,2024,3,8,19,27,21,6,46,18,35,2,1,1,1,7,9,22,9,22,14,9,30,70,4,2,21,65,35,4,36,31,31,1,0,1,0,11,11,3,10,50,20,3,3,2,0,2,0,4,2,261112012,1274000905,6,3,9999,9999,9,5
1,97,114,38,2,0,1,3310,72,212,2024,3,2,19,10,21,6,52,18,31,2,2,1,1,1,9,22,9,22,19,9,30,70,5,2,21,1,1,4,4,31,31,1,1,1,1,11,11,3,3,80,50,2,2,2,2,2,2,4,2,260926262,1273924901,7,3,9999,9999,1,1
1,97,114,39,2,0,1,33410,0,212,2024,2,12,16,5,12,7,8,18,20,1,2,1,1,7,9,22,1,21,15,9,30,70,4,2,21,45,35,3,4,31,31,1,1,1,1,11,11,2,10,10,50,3,3,2,2,2,2,2,4,260911833,1274007122,2,1,9999,9999,5,1
1,97,114,40,2,0,1,25110,0,212,2024,3,1,17,30,12,6,53,18,31,3,2,2,1,1,9,22,9,22,18,9,30,70,5,2,21,25,55,4,35,31,31,1,0,1,0,11,11,3,3,80,10,3,3,2,0,2,0,4,2,261126765,1274131870,6,3,9999,9999,1,9
1,97,114,41,2,0,1,3310,46,201,2024,3,23,1,37,22,6,30,18,42,1,1,1,1,1,9,22,9,22,18,9,30,70,5,2,21,1,1,4,33,31,31,1,0,1,0,11,11,4,4,40,10,1,1,2,0,2,0,4,2,261042982,1273915217,7,3,9999,9999,5,1
1,97,114,42,2,0,1,3290,724,212,2024,3,25,12,50,12,6,28,18,43,2,3,1,1,1,9,22,9,22,18,9,30,70,5,2,21,35,65,3,4,31,31,1,1,1,1,11,11,10,10,30,10,3,3,2,2,2,2,2,4,261130041,1274209792,2,3,9999,9999,1,9
1,97,65,7,2,0,1,47420,0,211,2024,3,12,18,0,13,6,42,18,37,1,3,1,14,7,0,0,0,0,5,9,1,70,1,2,21,25,65,4,14,31,31,1,11,1,1,11,11,3,3,60,10,3,3,2,2,2,2,2,4,262226321,1274910409,3,3,9999,9999,1,9
1,97,65,8,2,0,1,47410,58,329,2024,4,8,7,49,12,6,13,18,50,1,3,1,14,7,0,0,0,0,3,9,1,70,1,4,21,55,45,3,4,31,31,1,1,1,1,11,11,7,7,10,30,3,3,2,2,2,2,4,2,261453830,1274508060,2,3,9999,9999,1,9
1,97,65,9,2,0,1,47410,92,328,2024,4,15,7,12,12,6,6,18,53,3,2,2,14,7,0,0,0,0,5,9,1,70,7,4,21,45,35,17,3,31,31,11,1,1,1,11,11,7,7,10,30,3,3,2,2,2,2,4,2,261608296,1274631912,2,3,9999,9999,1,1
1,97,101,130,2,0,1,3300,0,201,2024,3,22,7,50,12,6,31,18,42,1,1,1,14,1,0,0,0,0,3,9,1,70,4,2,21,35,25,3,14,31,1,1,11,1,1,11,11,3,3,30,10,3,3,2,2,2,2,2,4,261236608,1274040015,6,3,9999,9999,5,1
1,97,101,131,2,0,1,32010,0,201,2024,3,19,8,44,12,6,34,18,40,3,1,2,1,7,9,22,9,22,11,9,30,70,5,4,21,25,65,14,36,31,31,11,0,1,0,11,11,10,10,20,12,3,3,2,0,2,0,4,2,261230445,1274145794,3,2,9999,9999,1,5
1,97,101,132,2,0,1,32010,0,201,2024,2,20,17,30,13,7,2,18,25,1,1,1,14,7,0,0,0,0,3,9,1,70,5,4,21,65,0,36,0,31,0,0,0,0,0,11,0,10,0,20,0,3,0,0,0,0,0,2,0,261409247,1274055549,3,3,9999,0,9,0
1,97,101,134,2,0,2,3290,714,201,2024,3,17,22,30,22,6,36,18,39,2,1,1,1,1,9,22,9,22,19,9,30,70,5,2,21,1,25,3,4,31,31,1,1,1,1,11,11,5,5,80,50,2,2,2,1,2,2,4,2,261142191,1274242646,1,3,9999,9999,1,1
1,97,101,135,2,0,1,10820,0,201,2024,4,2,15,42,12,6,19,18,47,2,1,1,14,7,0,0,0,0,5,7,1,70,1,2,21,45,1,3,51,31,41,1,0,1,0,11,0,10,0,10,20,3,3,2,0,2,0,4,2,261237825,1274323264,3,3,9999,0,1,0
1,97,101,136,2,0,1,32010,0,201,2024,3,25,19,5,21,6,28,18,43,2,1,1,14,7,0,0,0,0,3,9,1,70,4,2,21,25,45,3,36,31,31,1,0,1,0,11,11,10,10,20,10,3,3,2,0,2,0,4,2,261238430,1274125256,2,3,9999,9999,1,9
1,97,101,137,2,0,1,580,1201,201,2024,3,13,6,50,11,6,41,18,37,1,1,1,1,7,9,22,9,22,17,9,30,70,1,2,21,75,35,3,51,1,41,1,0,1,0,11,0,10,0,10,24,3,3,2,0,2,0,4,2,261308177,1274052360,4,3,293,0,9,0
1,97,101,138,2,0,1,580,1192,201,2024,3,22,17,26,12,6,31,18,42,1,1,1,1,1,9,22,9,22,15,9,30,70,5,2,21,75,1,3,35,1,31,1,0,1,0,11,11,4,4,0,0,4,3,2,0,2,0,4,2,261331944,1274106972,6,3,982,9999,9,1
1,97,101,139,2,0,2,32010,0,201,2024,3,23,9,34,12,6,30,18,42,2,1,1,7,7,0,0,0,0,2,7,1,70,5,3,21,25,75,13,4,31,31,11,1,1,1,11,11,10,10,10,30,3,3,2,2,2,2,2,4,261259652,1274143123,7,3,9999,873,1,9
1,97,101,140,2,0,1,32010,0,201,2024,3,24,0,32,22,6,29,18,43,1,1,1,14,7,0,0,0,0,3,9,1,70,4,2,1,75,45,3,61,1,0,1,0,1,0,11,0,2,0,10,0,3,0,2,0,2,0,4,2,261301855,1274115396,1,3,9999,0,9,0
1,97,101,141,2,0,1,32010,0,201,2024,2,20,18,18,13,7,2,18,25,2,1,1,14,7,0,0,0,0,3,9,1,70,5,3,1,35,35,3,61,31,0,1,0,1,0,11,0,10,0,30,0,4,0,2,0,2,0,4,2,261250162,1274152267,3,3,9999,0,1,0
1,97,101,142,2,0,1,25390,0,201,2024,3,16,22,19,22,6,37,18,39,1,1,1,7,7,0,0,0,0,3,9,1,70,4,2,21,35,1,3,14,1,31,1,11,1,1,11,11,2,2,30,10,3,3,2,2,2,2,2,4,261258788,1274118359,7,3,9999,9999,1,1
1,97,101,143,2,0,1,32010,0,201,2024,4,4,12,38,12,6,17,18,48,1,1,1,14,7,0,0,0,0,3,9,1,70,4,3,21,55,1,3,4,31,31,1,1,1,1,11,11,10,10,20,10,3,3,2,2,2,2,2,4,261249302,1274025036,5,3,9999,9999,9,1
1,97,101,144,2,0,1,3300,0,201,2024,4,8,13,0,12,6,13,18,50,3,1,2,1,1,9,22,9,22,19,9,30,70,5,2,21,75,45,3,35,31,31,1,0,1,0,11,11,4,4,70,10,3,2,2,0,2,0,4,2,261319956,1274154827,2,3,929,9999,9,9
1,97,101,145,2,0,1,32010,0,201,2024,2,26,18,34,21,6,56,18,29,2,1,1,1,7,9,22,9,22,11,8,30,70,5,4,21,1,25,35,36,31,31,0,0,0,0,11,11,10,10,10,20,3,3,0,0,0,0,4,2,261209353,1274136542,2,3,9999,9999,1,5
1,97,101,146,2,0,1,25390,0,201,2024,3,27,19,16,21,6,26,18,44,1,1,1,1,1,9,22,9,22,18,9,30,70,5,2,21,1,25,3,36,31,31,1,0,1,0,11,11,3,2,10,10,3,2,2,0,2,0,4,2,261247239,1274044735,4,3,9999,9999,1,5
1,97,101,147,2,0,1,32010,0,201,2024,4,11,7,43,12,6,10,18,51,1,1,1,1,7,9,22,9,22,15,9,30,70,4,2,21,45,35,3,35,31,31,1,0,1,0,11,11,10,3,10,40,3,3,2,0,2,0,4,2,261350023,1274137759,5,3,9999,9999,5,1
1,97,101,148,2,0,1,32010,0,201,2024,4,12,17,53,13,6,9,18,52,3,1,2,7,7,0,0,0,0,4,8,1,70,4,2,21,25,75,4,14,31,31,1,11,1,2,11,11,3,3,30,10,3,3,2,2,2,2,2,4,261406562,1274118838,6,3,9999,9999,1,9
1,97,101,149,2,0,1,3290,715,201,2024,2,26,6,25,23,6,56,18,29,1,1,1,14,1,0,0,0,0,4,9,1,70,1,2,21,55,25,4,36,31,31,1,0,1,0,11,11,5,10,20,40,3,3,2,0,2,0,4,2,261140606,1274238126,2,3,9999,9999,9,5
1,97,101,150,2,0,2,10820,0,201,2024,4,6,17,20,12,6,15,18,49,3,1,2,7,1,0,0,0,0,3,2,1,70,1,2,21,75,25,3,3,31,31,1,1,1,1,11,11,3,3,10,30,3,3,2,2,2,2,4,2,261243117,1274325806,7,3,9999,9999,9,1
1,97,101,151,2,0,1,5070,0,201,2024,3,14,9,45,12,6,40,18,38,1,1,1,14,7,0,0,0,0,4,9,1,70,1,2,21,25,25,4,36,31,31,1,0,1,0,11,11,3,10,30,12,3,3,2,0,2,0,4,2,261144826,1274203154,5,3,9999,9999,1,1
1,97,101,152,2,0,1,32010,0,201,2024,4,8,8,35,12,6,13,18,50,2,1,1,14,7,0,0,0,0,3,9,1,70,4,2,21,65,45,3,36,31,31,1,0,1,0,1,11,3,10,10,10,3,3,2,0,2,0,4,2,261407382,1274116472,2,3,9999,9999,1,9
1,97,101,153,2,0,1,3300,0,201,2024,4,11,7,56,12,6,10,18,51,1,1,1,7,1,0,0,0,0,4,9,1,70,1,2,21,1,1,3,4,31,31,1,1,1,1,11,11,3,3,10,30,3,3,2,2,2,2,4,2,261207132,1274112052,5,3,9999,9999,1,1
1,97,101,154,2,0,1,32010,0,201,2024,3,7,10,40,12,6,47,18,34,2,1,1,1,7,9,22,9,22,14,9,30,70,5,2,21,1,35,4,32,31,31,1,0,1,0,11,11,10,10,80,10,3,3,2,0,2,0,4,2,261308735,1274051362,5,3,9999,9999,1,5
1,97,101,155,2,0,1,25460,0,201,2024,4,4,21,10,22,6,17,18,48,3,1,2,14,1,0,0,0,0,5,8,1,70,4,2,21,35,1,3,35,31,31,1,0,1,0,11,11,3,3,0,20,4,3,2,0,2,0,4,2,261215610,1274157908,5,3,9999,9999,1,1
1,97,101,157,2,0,1,32010,0,201,2024,3,22,19,25,21,6,31,18,42,1,1,1,7,7,0,0,0,0,3,9,1,70,5,2,21,45,65,3,3,31,31,1,1,1,1,11,11,10,10,10,30,3,3,2,2,2,2,4,2,261359484,1274310816,6,3,9999,9999,5,9
1,97,101,159,2,0,1,3300,0,201,2024,3,30,0,0,22,6,22,18,45,2,1,1,1,1,9,22,0,0,18,9,30,70,5,2,1,65,65,3,61,1,0,1,0,1,0,11,0,3,0,20,0,3,0,2,0,2,0,4,2,261225999,1274047644,7,3,9999,0,9,0
1,97,101,161,2,0,1,27510,0,201,2024,4,7,8,30,12,6,14,18,49,2,1,1,14,1,0,0,0,0,3,7,1,70,1,2,21,75,25,4,4,31,31,1,1,1,1,11,11,4,4,80,20,3,3,2,2,2,2,4,2,261326058,1274132626,1,3,360,9999,9,1
1,97,101,162,2,0,2,32010,0,201,2024,4,12,16,53,12,6,9,18,52,3,1,2,12,7,0,0,0,0,3,8,1,70,4,2,21,35,35,3,4,31,31,1,1,1,1,11,11,3,3,10,30,3,3,2,2,2,2,4,2,261339212,1274207078,6,3,9999,9999,1,1
1,97,101,163,2,0,1,5070,0,201,2024,4,25,9,22,12,5,57,18,58,2,1,1,14,7,0,0,0,0,5,9,1,70,4,2,21,65,25,3,4,31,31,1,1,1,1,11,11,4,4,20,10,3,3,1,2,2,2,4,2,261153329,1274243430,5,3,9999,9999,9,1
1,97,101,164,2,0,1,3300,0,201,2024,4,24,12,38,12,5,58,18,58,2,1,1,7,1,0,0,0,0,5,8,1,70,4,2,21,55,25,3,3,31,31,1,1,1,1,11,11,3,3,41,20,2,3,1,2,2,2,4,4,261245248,1274137054,4,3,9999,9999,9,1
1,97,101,165,2,0,1,27210,0,201,2024,4,16,14,45,12,6,5,18,54,2,1,1,14,7,0,0,0,0,5,9,1,70,1,2,21,25,25,3,14,31,31,1,11,1,1,11,11,3,3,10,30,3,3,2,2,2,2,4,2,261208629,1274051442,3,3,9999,9999,1,1
1,97,101,166,2,0,1,5070,0,201,2024,4,13,3,9,22,6,8,18,52,1,1,1,14,7,0,0,0,0,5,9,1,70,4,2,1,65,25,3,61,1,0,1,0,1,0,11,0,3,0,10,0,3,0,2,0,2,0,4,2,261203830,1274106342,7,3,9999,0,9,0
1,97,101,167,2,0,1,27510,0,201,2024,4,17,9,20,12,6,4,18,54,1,1,1,1,1,9,22,9,22,18,9,30,70,5,2,21,25,45,3,3,31,31,1,1,1,1,11,11,4,4,42,10,3,2,2,1,2,1,4,2,261338089,1274143652,4,3,0,9999,0,1
1,97,101,168,2,0,1,580,1192,201,2024,4,16,23,50,22,6,5,18,54,2,1,1,1,1,9,22,9,22,19,9,30,70,5,2,21,75,1,4,51,31,41,1,0,1,0,11,0,3,0,10,40,3,3,2,0,2,0,4,2,261333147,1274107320,3,3,1071,0,9,0
1,97,101,169,2,0,1,25460,0,201,2024,4,6,21,41,22,6,15,18,49,2,1,1,1,1,9,22,0,0,19,9,30,70,5,2,1,55,65,3,61,1,0,1,0,1,0,11,0,3,0,50,0,3,0,2,0,2,0,4,2,261221654,1274157682,7,3,9999,0,9,0
1,97,102,39,2,0,1,32100,0,210,2024,2,27,8,37,12,6,56,18,29,2,1,1,14,1,0,0,0,0,4,9,1,70,4,2,21,45,25,3,4,31,31,1,1,1,1,11,11,2,2,10,30,3,3,2,2,2,2,4,2,260811010,1274013922,3,3,9999,9999,1,1
1,97,102,40,2,0,1,32100,0,210,2024,4,5,7,31,12,6,16,18,48,3,2,2,1,7,9,22,9,22,15,5,30,70,5,2,21,55,35,3,4,31,31,1,1,1,1,11,11,2,2,30,50,3,3,2,2,2,2,2,4,260856396,1274115302,6,3,9999,9999,9,5