data_category,prefecture_code,police_station_code,report_id,accident_details_code,fatalities,injured_persons,route_code,location_code,municipality_code,occurence_year,occurence_month,occurence_date,occurence_hour,occurence_minute,day_night_code,sunrise_hour,sunrise_minute,sunset_hour,sunset_minute,weather_code,terrain_code,road_condition_code,road_config_code,traffic_signal_code,stop_reg_signage_code_party_a,stop_reg_roadmarking_code_party_a,stop_reg_signage_code_party_b,stop_reg_roadmarking_code_party_b,road_width_code,road_alignment_code,collision_point_code,zone_reg_code,median_facility_code,pedestrian_vehicle_separation_code,accident_type_code,age_party_a,age_party_b,party_type_code_party_a,party_type_code_party_b,vehicle_use_code_party_a,vehicle_use_code_party_b,vehicle_shape_code_party_a,vehicle_shape_code_party_b,auto_transm_code_party_a,auto_transm_code_party_b,safety_feature_code_party_a,safety_feature_code_party_b,speed_reg_code_party_a,speed_reg_code_party_b,vehicle_impact_point_code_party_a,vehicle_impact_point_code_party_b,vehicle_damage_level_party_a,vehicle_damage_level_party_b,airbag_code_party_a,airbag_code_party_b,side_airbag_code_party_a,side_airbag_code_party_b,injury_severity_code_party_a,injury_severity_code_party_b,latitude_north,longitude_east,occurence_day_code,public_holiday_code,days_since_cognitive_test_party_a,days_since_cognitive_test_party_b,driving_practice_method_code_party_a,driving_practice_method_code_party_b
1,97,102,41,2,0,1,33620,0,362,2024,3,30,18,12,13,6,22,18,45,2,1,1,14,7,0,0,0,0,4,8,1,70,4,2,21,35,55,4,4,31,31,1,1,1,1,11,11,3,3,10,30,3,3,2,2,2,2,4,2,260944777,1274319301,7,3,9999,9999,9,9
1,97,102,42,2,0,1,10820,0,362,2024,3,9,16,25,12,6,45,18,35,1,2,1,14,1,0,0,0,0,3,9,1,70,1,2,21,35,35,4,4,31,31,1,1,1,1,11,11,4,4,10,30,3,3,2,2,2,2,4,2,261035911,1274248082,7,3,9999,9999,1,1
1,97,102,43,2,0,1,32100,0,210,2024,4,2,17,35,12,6,19,18,47,1,2,1,1,7,9,22,9,22,15,9,30,70,4,2,21,75,1,3,34,31,31,1,0,1,0,11,11,10,2,20,10,4,3,2,0,2,0,4,2,260955228,1274148980,3,3,463,9999,9,1
1,97,102,44,2,0,1,10820,0,210,2024,4,6,18,8,13,6,15,18,49,2,1,1,1,7,9,22,9,22,11,9,30,70,5,3,21,25,25,3,3,31,31,1,1,1,1,11,11,10,10,50,70,3,3,2,2,2,2,4,2,260839566,1274031577,7,3,9999,9999,4,1
1,97,102,45,2,0,1,32100,0,210,2024,4,11,16,25,12,6,10,18,51,2,1,1,1,1,9,22,9,22,15,9,30,70,5,2,21,35,65,3,4,31,31,1,1,1,1,11,11,3,3,50,80,2,2,2,2,2,2,4,2,260840787,1274001690,5,3,9999,9999,1,9
1,97,103,50,2,0,1,33500,32,215,2024,3,26,13,30,12,6,27,18,44,2,3,1,1,7,1,21,9,22,15,1,30,70,1,2,21,45,35,3,13,31,31,1,11,1,1,11,11,10,3,20,10,3,3,2,2,2,2,4,2,261137226,1274422657,3,3,9999,9999,1,1
1,97,103,51,2,0,1,26370,0,215,2024,3,26,9,55,12,6,27,18,44,2,3,1,1,7,1,21,9,22,15,3,30,70,5,2,21,55,65,4,14,31,31,1,11,1,2,11,11,2,3,50,80,3,3,2,2,2,2,4,2,261041344,1274605056,3,3,9999,9999,9,9
1,97,103,52,2,0,1,5070,0,350,2024,3,31,23,28,22,6,21,18,46,2,2,1,1,7,9,22,9,22,17,7,30,70,5,2,21,1,1,4,4,31,31,1,1,1,1,11,11,10,10,40,60,3,3,2,2,2,2,4,2,261024226,1274338993,1,3,9999,9999,1,1
1,97,103,53,2,0,1,33500,0,350,2024,3,15,17,19,12,6,39,18,38,1,1,1,1,7,9,22,9,22,15,7,30,70,5,2,21,65,1,14,51,31,41,11,0,1,0,11,0,10,0,80,10,4,3,2,0,2,0,4,2,261105240,1274351355,6,3,9999,0,9,0
1,97,103,54,2,0,1,10770,0,215,2024,3,24,23,24,22,6,29,18,43,1,2,1,1,1,9,22,9,22,15,9,30,70,5,2,21,1,1,4,35,31,31,1,0,1,0,11,11,3,4,78,10,3,2,2,0,2,0,2,4,261035990,1274451634,1,3,9999,9999,1,1
1,97,103,55,2,0,1,33640,0,215,2024,3,10,13,47,12,6,44,18,36,1,1,1,1,7,9,22,1,21,15,9,30,70,5,2,21,45,75,4,36,31,31,1,0,1,0,11,11,10,10,52,14,3,3,2,0,2,0,4,2,261043784,1274632815,1,3,9999,9999,1,9
1,97,103,56,2,0,1,10770,0,348,2024,3,23,16,8,12,6,30,18,42,2,1,1,1,7,9,22,9,22,15,9,30,70,1,2,21,45,1,3,31,31,31,1,0,1,0,11,11,10,4,60,10,4,2,2,0,2,0,4,2,261225780,1274547257,7,3,9999,9999,1,1
1,97,103,57,2,0,1,3290,674,350,2024,4,10,7,23,12,6,11,18,51,2,2,1,1,1,9,22,9,22,18,9,30,70,5,2,21,25,55,3,34,31,31,1,0,1,0,11,11,3,3,40,20,3,3,2,0,2,0,4,2,261209799,1274431805,4,3,9999,9999,1,9
1,97,103,58,2,0,1,10860,0,215,2024,4,9,7,5,11,6,12,18,50,2,2,2,14,7,0,0,0,0,3,9,1,70,4,2,21,45,55,4,4,31,31,1,1,1,1,11,11,3,3,10,30,2,2,2,2,2,2,4,2,261005621,1274515772,3,3,9999,9999,1,1
1,97,103,59,2,0,1,33480,0,348,2024,4,10,15,55,12,6,11,18,51,2,1,1,1,1,9,22,9,22,15,9,30,70,5,2,21,25,1,3,4,31,31,1,1,1,1,11,11,4,3,40,10,2,2,2,2,2,2,4,2,261216942,1274552020,4,3,9999,9999,5,1
1,97,103,60,2,0,1,25480,0,215,2024,3,25,12,6,12,6,28,18,43,1,2,1,14,7,0,0,0,0,3,9,1,70,4,2,21,75,1,4,35,31,31,1,0,1,0,11,11,2,2,40,10,3,3,2,0,2,0,4,2,260906545,1274507045,2,3,462,9999,9,5
1,97,103,61,2,0,1,99000,0,348,2024,3,3,18,50,21,6,51,18,32,1,1,1,0,7,0,0,0,0,0,0,20,70,0,4,1,35,1,51,61,41,0,0,0,0,0,0,0,0,0,10,0,3,0,0,0,0,0,4,2,261215973,1274523332,1,3,0,0,0,0
1,97,103,62,2,0,1,33640,0,215,2024,4,4,16,25,12,6,17,18,48,1,2,1,14,7,0,0,0,0,2,9,1,70,5,4,21,55,65,3,3,31,31,1,1,1,1,11,11,10,10,80,50,2,2,2,2,2,2,4,2,260857988,1274818097,5,3,9999,9999,9,9
1,97,103,63,2,0,1,99000,0,350,2024,4,5,15,10,12,6,16,18,48,2,1,1,0,7,0,0,0,0,0,0,20,70,0,4,21,65,45,3,14,31,1,1,11,1,1,11,11,10,10,80,10,3,3,2,2,2,2,4,2,261133655,1274251156,6,3,9999,9999,9,5
1,97,103,64,2,0,1,10820,0,350,2024,3,16,15,10,12,6,37,18,39,1,2,1,1,1,9,22,9,22,19,4,30,70,5,2,21,65,1,4,33,31,31,1,0,1,0,11,11,3,3,70,10,3,3,2,0,2,0,4,2,261226734,1274323653,7,3,9999,9999,9,1
1,97,103,65,2,0,1,3290,664,348,2024,4,6,10,49,12,6,15,18,49,3,1,2,14,7,0,0,0,0,5,9,1,70,4,2,1,65,1,3,61,1,0,1,0,1,0,11,0,4,0,40,0,4,0,2,0,2,0,4,2,261210897,1274517132,7,3,9999,0,9,0
1,97,103,66,2,0,1,5070,56,350,2024,3,26,15,8,12,6,27,18,44,1,2,1,1,1,9,22,9,22,19,4,30,70,5,2,21,45,65,4,52,31,41,1,0,1,0,11,0,3,0,10,20,3,3,2,0,2,0,4,2,261052741,1274325842,3,3,9999,0,9,0
1,97,103,67,2,0,1,10860,0,350,2024,3,4,18,50,21,6,50,18,33,3,2,2,14,7,0,0,0,0,3,9,1,70,4,2,21,65,35,3,36,31,31,1,0,1,0,11,11,3,10,60,10,3,3,2,0,2,0,4,2,261211009,1274440999,2,3,9999,9999,3,5
1,97,103,68,2,0,1,5070,0,350,2024,4,8,20,18,22,6,13,18,50,3,1,2,7,7,0,0,0,0,3,9,1,70,4,2,1,1,75,4,61,31,0,1,0,1,0,11,0,3,0,80,0,3,0,2,0,2,0,4,2,261121188,1274232854,2,3,9999,0,1,0
1,97,103,69,2,0,1,5070,0,350,2024,4,20,10,22,12,6,1,18,56,1,2,1,7,7,0,0,0,0,3,7,1,70,4,2,21,35,65,3,4,31,31,1,1,1,1,11,11,10,10,80,60,3,3,2,2,2,2,4,2,261024323,1274339014,7,3,9999,9999,1,9
1,97,103,70,2,0,1,33500,0,350,2024,4,25,15,10,12,5,57,18,58,2,2,1,14,7,0,0,0,0,3,9,1,70,4,2,21,35,65,14,36,31,31,11,0,1,0,11,11,10,10,50,14,3,2,2,0,2,0,4,2,261200083,1274413243,5,3,9999,9999,9,9
1,97,104,60,2,0,1,3300,120,205,2024,3,29,16,3,12,6,24,18,45,1,1,1,1,1,9,22,9,22,17,8,30,70,5,2,21,45,1,3,4,31,31,1,1,1,1,11,11,3,3,30,10,3,3,2,2,2,2,2,4,261536479,1274533422,6,3,9999,9999,9,1
1,97,104,61,2,0,1,32050,0,205,2024,3,29,9,52,12,6,24,18,45,2,1,1,7,7,0,0,0,0,3,9,1,70,4,2,21,55,1,3,4,31,31,1,1,1,1,11,11,3,3,10,30,3,3,2,2,2,2,4,2,261707105,1274703026,6,3,9999,9999,9,1
1,97,104,62,2,0,1,3300,128,205,2024,4,3,16,58,12,6,18,18,47,1,1,1,7,1,0,0,0,0,4,9,1,70,1,2,21,25,25,3,14,31,31,1,11,1,1,1,1,3,3,10,30,3,3,2,2,2,2,4,2,261520920,1274511473,4,3,9999,9999,9,1
1,97,104,63,2,0,1,3300,121,205,2024,3,19,2,3,22,6,34,18,40,1,1,1,14,7,0,0,0,0,4,9,1,70,4,2,21,65,1,3,4,1,31,1,1,1,1,1,1,3,3,50,80,3,3,2,2,2,2,4,2,261533754,1274530978,3,2,9999,9999,9,1
1,97,104,64,2,0,1,3300,152,205,2024,3,29,5,19,22,6,24,18,45,3,1,2,14,7,0,0,0,0,5,9,1,70,1,2,21,35,55,4,36,31,31,1,0,1,0,11,11,4,10,0,20,4,3,2,0,2,0,4,2,261516690,1274405701,6,3,9999,9999,1,9
1,97,104,65,2,0,1,25340,0,205,2024,3,24,17,6,12,6,29,18,43,1,1,1,14,7,0,0,0,0,4,7,1,70,4,2,21,25,55,3,3,31,1,1,1,1,1,11,11,3,3,10,30,3,3,2,2,2,2,4,2,261538531,1274437957,1,3,9999,9999,1,9
1,97,104,66,2,0,1,99000,1114,205,2024,3,25,12,45,12,6,28,18,43,1,1,1,0,7,0,0,0,0,0,0,20,70,0,4,21,35,0,4,0,31,0,1,0,1,0,11,0,10,0,60,0,3,0,2,0,2,0,2,0,261611834,1274411512,2,3,9999,0,1,0
1,97,104,67,2,0,2,99000,0,205,2024,3,25,17,54,13,6,28,18,43,1,1,1,0,7,0,0,0,0,0,0,20,70,0,4,1,75,25,4,61,31,0,1,0,1,0,11,0,10,0,30,0,3,0,2,0,2,0,4,2,261543967,1274545868,2,3,374,0,9,0
1,97,104,68,2,0,1,580,1084,205,2024,4,3,16,53,12,6,18,18,47,1,2,1,14,1,0,0,0,0,4,9,1,70,1,2,21,45,25,3,4,31,31,1,1,1,1,11,11,4,4,30,10,3,4,2,2,2,2,2,4,261720609,1274525250,4,3,9999,9999,9,1
1,97,104,69,2,0,1,580,1091,205,2024,1,23,19,30,22,7,17,18,5,1,1,1,14,7,0,0,0,0,6,9,1,70,1,2,1,1,55,35,61,31,0,0,0,0,0,11,0,4,0,10,0,3,0,0,0,0,0,4,2,261702144,1274514562,3,3,9999,0,1,0
1,97,104,70,2,0,1,580,1116,205,2024,2,20,15,56,12,7,2,18,25,1,1,1,14,7,0,0,0,0,5,9,1,70,1,2,21,35,45,4,35,31,31,1,0,1,0,11,11,10,5,50,10,3,3,2,0,2,0,4,2,261630695,1274345347,3,3,9999,9999,5,9
1,97,104,71,2,0,4,580,1111,205,2024,4,4,13,0,12,6,17,18,48,1,1,1,1,7,9,22,9,22,15,9,30,70,1,2,21,25,45,4,4,31,31,1,1,1,1,11,11,1,5,10,50,3,3,2,2,2,2,4,2,261641264,1274358350,5,3,9999,9999,1,5
1,97,104,72,2,0,1,99000,0,205,2024,2,20,17,23,12,7,2,18,25,1,1,1,0,7,0,0,0,0,0,0,20,70,0,4,21,1,25,4,4,31,31,1,1,1,1,11,11,10,10,70,10,3,3,2,2,2,2,4,2,261637744,1274631822,3,3,9999,9999,1,1
1,97,104,73,2,0,1,32050,90,205,2024,3,19,11,14,12,6,34,18,40,3,1,2,14,7,0,0,0,0,3,9,1,70,5,4,1,55,65,4,61,31,0,1,0,1,0,11,0,10,0,80,0,4,0,2,0,2,0,4,2,261646672,1274641632,3,2,9999,0,9,0
1,97,104,74,2,0,1,580,1090,205,2024,3,23,18,24,13,6,30,18,42,1,1,1,14,7,0,0,0,0,5,9,1,70,1,2,21,1,45,3,3,31,31,1,1,1,1,11,11,4,4,10,30,3,3,2,2,2,2,4,2,261704988,1274516232,7,3,0,9999,0,5
1,97,104,75,2,0,1,580,1112,205,2024,4,5,8,43,12,6,16,18,48,2,1,2,14,7,0,0,0,0,5,9,1,70,4,2,21,25,35,4,34,31,31,1,0,1,0,11,11,10,10,10,10,3,3,2,0,2,0,4,2,261638496,1274355448,6,3,9999,9999,1,9
1,97,104,76,2,0,1,32050,0,205,2024,4,7,9,32,12,6,14,18,49,2,1,2,1,7,9,22,9,22,14,9,30,70,4,2,21,35,25,3,35,31,31,1,0,1,0,11,11,3,3,10,10,3,3,2,0,2,0,4,2,261548969,1274505983,1,3,9999,9999,1,9
1,97,104,77,2,0,1,580,1114,205,2024,3,9,15,35,12,6,45,18,35,1,1,1,14,7,0,0,0,0,5,9,1,70,1,2,21,1,25,3,51,31,41,1,0,1,0,11,0,5,0,40,10,3,3,2,0,2,0,4,2,261634939,1274350912,7,3,0,0,0,0
1,97,104,78,2,0,1,3300,107,205,2024,1,17,18,24,21,7,18,18,0,1,1,1,1,1,9,22,9,22,17,9,30,70,5,2,21,75,45,4,4,31,31,1,1,1,1,11,11,3,2,40,50,3,3,2,2,2,2,4,2,261607352,1274604091,4,3,320,9999,4,1
1,97,104,79,2,0,1,99000,0,328,2024,3,31,20,20,22,6,21,18,46,3,1,2,0,7,0,0,0,0,0,0,20,70,0,4,21,45,35,3,3,31,31,1,1,1,1,11,11,10,10,60,20,3,3,2,2,2,2,4,2,261521704,1274613516,1,3,9999,9999,1,1
1,97,104,80,2,0,1,3300,114,205,2024,4,11,19,45,21,6,10,18,51,1,1,1,14,1,0,0,0,0,4,9,1,70,1,2,21,25,1,34,35,31,31,0,0,0,0,11,1,3,3,30,10,2,3,0,0,0,0,2,4,261551113,1274547081,5,3,9999,9999,5,1
1,97,104,81,1,1,0,25340,0,205,2024,4,21,19,19,21,6,0,18,56,1,1,1,14,7,0,0,0,0,4,8,1,70,4,2,1,55,75,4,61,31,0,1,0,1,0,11,0,3,0,80,0,3,0,2,0,2,0,4,1,261528811,1274457196,1,3,9999,0,9,0
1,97,104,82,2,0,1,580,1110,205,2024,4,15,19,7,21,6,6,18,53,1,1,1,1,1,9,22,9,22,15,9,30,70,5,2,21,65,45,4,35,31,31,1,0,1,0,11,11,10,3,40,10,3,2,1,0,2,0,4,2,261642604,1274402951,2,3,9999,9999,1,9
1,97,104,83,2,0,1,32050,0,205,2024,3,30,17,35,12,6,22,18,45,1,1,1,14,7,0,0,0,0,3,9,1,70,4,3,21,1,35,3,14,31,31,1,11,1,1,1,1,2,2,60,0,3,3,2,2,2,2,4,4,261714107,1274544374,7,3,9999,9999,1,1
1,97,104,84,2,0,1,25340,0,205,2024,4,14,21,2,22,6,7,18,53,1,1,1,1,1,9,22,0,0,15,9,30,70,5,2,1,75,55,4,61,31,0,1,0,1,0,11,0,3,0,50,0,4,0,2,0,2,0,4,2,261537822,1274439196,1,3,305,0,9,0
1,97,104,85,2,0,1,25340,0,205,2024,4,10,8,43,12,6,11,18,51,1,1,1,1,7,9,22,9,22,14,7,30,70,4,2,21,25,25,3,35,31,31,1,0,1,0,11,1,3,3,10,20,3,3,2,0,2,0,4,2,261550846,1274421710,4,3,9999,9999,9,1
1,97,104,86,2,0,1,3300,120,205,2024,4,10,10,34,12,6,11,18,51,1,1,1,14,7,0,0,0,0,5,7,1,70,4,2,21,55,65,3,4,1,31,1,1,1,1,11,11,3,3,40,50,3,3,2,2,2,2,2,4,261536475,1274533041,4,3,9999,9999,1,9
1,97,105,64,2,0,2,10850,0,211,2024,1,27,0,13,22,7,16,18,8,1,1,1,7,1,0,0,0,0,6,9,1,70,1,2,21,1,1,4,4,31,31,1,1,1,1,11,11,4,4,10,13,2,2,1,2,2,2,4,2,262005500,1274718431,7,3,0,9999,0,1
1,97,105,83,2,0,1,3300,57,327,2024,3,7,17,24,12,6,47,18,34,1,1,1,1,1,9,22,9,22,18,9,30,70,5,2,21,25,55,4,4,31,31,1,1,1,1,11,11,4,4,50,50,2,2,2,2,2,2,4,2,261824649,1274650023,5,3,9999,9999,1,9
1,97,105,84,2,0,1,3300,40,327,2024,3,30,11,21,12,6,22,18,45,1,2,1,1,1,9,22,9,22,19,9,30,70,5,2,21,75,35,4,51,31,41,1,0,1,0,11,0,4,0,10,40,3,3,2,0,2,0,4,2,261858518,1274737234,7,3,346,0,9,0
1,97,105,86,2,0,1,25240,0,326,2024,3,7,16,30,12,6,47,18,34,2,1,1,1,7,1,21,9,22,15,8,30,70,4,2,21,35,45,3,4,31,31,1,1,1,1,11,11,2,2,10,40,3,3,2,2,2,2,4,2,261902356,1274617926,5,3,0,9999,0,1
1,97,105,87,2,0,1,3290,442,211,2024,3,20,7,23,11,6,33,18,41,1,1,1,1,1,9,22,9,22,15,9,30,70,5,2,21,25,1,4,4,31,31,1,1,1,1,11,11,4,4,10,30,3,3,2,2,2,2,4,2,262202093,1274902464,4,1,9999,9999,1,1
1,97,105,88,2,0,2,10850,0,211,2024,3,12,13,30,12,6,42,18,37,1,1,1,7,7,0,0,0,0,5,9,1,70,1,2,21,35,35,3,13,31,31,1,11,1,1,11,11,3,3,10,30,3,3,2,2,2,2,4,2,262106437,1274900156,3,3,9999,9999,1,1
1,97,105,89,2,0,1,3300,57,327,2024,3,24,5,55,23,6,29,18,43,1,2,1,7,1,0,0,0,0,5,9,1,70,1,2,21,35,45,3,3,31,1,1,1,1,2,11,11,4,4,50,70,3,3,2,2,2,2,4,2,261823821,1274649249,1,3,9999,9999,5,1
1,97,105,90,2,0,1,3290,456,211,2024,3,15,18,45,21,6,39,18,38,2,1,1,7,7,0,0,0,0,4,9,1,70,4,2,21,1,25,14,14,31,31,11,11,1,1,11,11,3,3,10,30,3,3,2,2,2,2,4,2,262121953,1274847052,6,3,9999,9999,1,1
1,97,105,92,2,0,1,3290,526,327,2024,3,8,14,30,12,6,46,18,35,1,1,1,14,1,0,0,0,0,3,9,1,70,4,2,21,45,35,4,4,31,31,1,1,1,1,11,11,4,4,20,80,3,3,2,2,2,2,4,2,261802689,1274832191,6,3,9999,9999,9,1
1,97,105,93,2,0,1,580,1058,326,2024,4,7,10,15,12,6,14,18,49,3,1,2,14,1,0,0,0,0,4,9,1,70,1,2,21,45,1,3,4,31,31,1,1,1,1,11,11,10,10,30,10,3,3,2,2,2,2,2,4,261841846,1274545446,1,3,9999,9999,9,1
1,97,105,94,2,0,1,32110,0,211,2024,4,8,8,20,12,6,13,18,50,2,1,1,7,7,0,0,0,0,3,9,1,1,4,2,1,45,1,3,61,31,0,1,0,1,0,11,0,2,0,50,0,3,0,2,0,2,0,4,2,262028540,1274921407,2,3,9999,0,1,0
1,97,105,95,2,0,1,10850,0,211,2024,4,4,8,0,12,6,17,18,48,1,1,1,14,7,0,0,0,0,5,9,1,70,1,2,21,35,45,3,3,31,31,1,1,1,1,11,11,3,3,10,30,3,3,2,2,2,2,4,2,261904292,1274919088,5,3,9999,9999,1,1
1,97,105,96,2,0,1,27240,0,211,2024,3,27,21,44,22,6,26,18,44,2,2,1,14,7,0,0,0,0,3,9,1,70,4,2,21,65,25,3,4,1,31,1,1,1,1,11,11,3,3,60,80,3,3,2,1,2,2,2,4,262210225,1274933938,4,3,9999,9999,9,1
1,97,105,97,2,0,2,32110,0,211,2024,2,24,16,45,12,6,58,18,27,2,1,1,14,1,0,0,0,0,3,9,1,70,4,2,21,45,65,3,3,31,31,1,1,1,1,11,11,3,3,10,31,3,3,2,2,2,2,4,4,261956359,1275007436,7,3,9999,9999,1,9
1,97,105,98,2,0,1,33260,0,326,2024,4,13,19,25,21,6,8,18,52,1,2,1,14,7,0,0,0,0,4,9,1,70,4,2,21,35,25,3,3,31,31,1,1,1,1,11,11,10,10,10,30,3,3,2,2,2,2,4,2,261915017,1274539175,7,3,9999,9999,1,1
1,97,105,99,2,0,1,99000,0,326,2024,3,13,16,10,12,6,41,18,37,1,1,1,0,7,0,0,0,0,0,0,20,70,0,4,21,55,25,3,4,31,31,1,1,1,1,11,11,10,10,10,70,3,4,2,2,2,2,2,4,261909498,1274536061,4,3,9999,9999,9,1
1,97,105,100,2,0,1,10230,0,326,2024,4,4,9,23,12,6,17,18,48,1,1,1,14,7,0,0,0,0,4,8,1,70,1,2,21,35,25,4,4,31,31,1,1,1,1,11,11,4,4,10,30,3,3,2,2,2,2,4,2,261937355,1274518907,5,3,9999,9999,1,1
1,97,105,101,2,0,1,25360,0,211,2024,3,7,8,40,12,6,47,18,34,2,2,1,14,7,0,0,0,0,4,8,1,70,4,2,21,35,55,3,3,31,31,1,1,1,1,11,11,4,4,10,30,3,3,2,2,2,2,4,2,262226519,1274924233,5,3,9999,9999,1,9
1,97,105,102,2,0,1,32110,0,211,2024,4,3,13,42,12,6,18,18,47,1,1,1,1,7,9,22,9,22,15,9,30,70,4,2,21,65,35,3,3,31,31,1,1,1,1,11,11,2,2,10,45,3,2,2,2,2,2,4,2,262158900,1274913199,4,3,9999,9999,9,1
1,97,105,103,2,0,1,3300,64,327,2024,4,6,8,23,12,6,15,18,49,3,2,2,1,1,9,22,9,22,18,7,30,70,5,2,21,25,35,4,4,31,31,1,1,1,1,11,11,4,5,10,10,2,4,1,1,1,1,4,2,261804212,1274649391,7,3,9999,9999,1,5
1,97,105,104,2,0,1,3290,497,211,2024,4,11,15,0,12,6,10,18,51,1,1,1,1,7,9,22,9,22,17,9,30,70,4,2,21,55,55,3,35,1,31,1,0,1,0,11,11,10,4,50,10,4,3,2,0,2,0,4,2,261922087,1274918631,5,3,9999,9999,9,9
1,97,105,105,2,0,1,32110,0,211,2024,4,20,9,10,12,6,1,18,56,1,1,1,1,7,9,22,0,0,15,9,30,70,5,2,1,35,25,3,61,31,0,1,0,1,0,11,0,2,0,80,0,3,0,2,0,2,0,4,2,262122583,1274905815,7,3,9999,0,1,0
1,97,105,106,2,0,1,27240,0,211,2024,4,8,8,54,12,6,13,18,50,2,1,1,14,7,0,0,0,0,4,9,1,70,4,2,21,25,45,3,34,31,31,1,0,1,0,11,11,3,3,80,14,3,2,2,0,2,0,4,2,262138365,1274914632,2,3,9999,9999,1,1
1,97,105,107,2,0,1,33260,0,326,2024,2,15,9,0,12,7,6,18,22,1,1,1,14,7,0,0,0,0,4,9,1,70,4,2,21,25,55,4,35,31,31,1,0,1,0,11,11,2,2,80,10,3,3,2,0,2,0,4,2,261830319,1274548244,5,3,9999,9999,1,9
1,97,105,108,2,0,1,33260,0,326,2024,4,10,13,22,12,6,11,18,51,1,1,1,13,7,0,0,0,0,3,3,1,70,4,2,21,65,45,3,35,1,31,1,0,1,0,11,11,2,2,20,10,3,3,2,0,2,0,4,2,261912738,1274615866,4,3,9999,9999,9,9
1,97,105,109,2,0,1,33260,0,326,2024,4,21,14,34,12,6,0,18,56,1,1,1,1,7,9,22,9,22,15,9,30,70,4,2,21,1,25,3,4,31,31,1,1,2,1,11,11,2,2,40,10,3,3,2,1,2,2,4,2,261939745,1274633676,1,3,9999,9999,1,1
1,97,105,110,2,0,1,33260,0,326,2024,4,13,17,45,12,6,8,18,52,2,3,1,14,7,0,0,0,0,3,9,1,70,5,2,1,1,1,35,61,31,0,0,0,0,0,11,0,10,0,10,0,3,0,0,0,0,0,4,2,261857820,1274515548,7,3,9999,0,1,0
1,97,105,111,2,0,1,27240,0,211,2024,4,12,6,55,11,6,9,18,52,1,2,1,7,1,0,0,0,0,4,9,1,70,4,2,21,25,35,4,14,31,31,1,11,1,1,11,11,3,3,10,30,3,3,2,2,2,2,4,2,262222685,1274937135,6,3,9999,9999,9,1
1,97,105,112,2,0,1,3290,461,211,2024,4,20,8,40,12,6,1,18,56,1,1,1,14,7,0,0,0,0,4,9,1,70,4,2,21,25,75,3,4,31,31,1,1,1,1,11,11,3,3,50,84,3,3,2,2,2,2,2,4,262107060,1274846019,7,3,9999,501,1,9
1,97,105,113,2,0,2,3290,426,211,2024,4,21,11,49,12,6,0,18,56,1,2,1,7,1,0,0,0,0,5,9,1,70,1,2,21,35,1,3,4,31,31,1,1,1,1,11,11,10,5,30,10,3,3,2,2,2,2,2,4,262318197,1274942845,1,3,9999,9999,1,1
1,97,105,117,2,0,2,33260,0,326,2024,4,25,7,57,12,5,57,18,58,3,1,2,1,7,9,22,9,22,14,9,30,70,4,2,21,1,45,3,13,31,31,1,11,1,1,11,11,10,10,50,10,3,3,2,2,2,2,4,2,261919308,1274625201,5,3,9999,9999,1,1
1,97,106,18,2,0,2,580,942,324,2024,4,3,12,50,12,6,18,18,47,1,3,1,14,1,0,0,0,0,5,9,1,70,1,2,21,1,55,3,3,31,31,1,1,2,1,11,11,5,5,10,30,3,3,2,2,2,2,4,2,262416920,1274532778,4,3,9999,9999,1,9
1,97,106,19,2,0,1,580,1001,325,2024,3,4,11,53,12,6,50,18,33,3,1,2,7,1,0,0,0,0,5,9,1,70,1,2,21,55,45,3,13,31,31,1,11,1,1,11,11,5,5,30,10,3,3,2,2,2,2,2,4,262131705,1274455090,2,3,9999,9999,9,9
1,97,106,20,2,0,1,33240,0,324,2024,3,27,16,51,12,6,26,18,44,1,2,1,1,7,9,22,9,22,14,9,30,70,4,3,21,65,1,4,35,31,31,1,0,1,0,11,11,10,10,80,10,3,3,2,0,2,0,4,2,262231321,1274524840,4,3,9999,9999,9,1
1,97,106,21,2,0,2,580,931,324,2024,4,9,8,15,12,6,12,18,50,2,2,2,1,1,9,22,9,22,18,9,30,70,5,2,21,25,35,3,13,31,31,1,11,1,1,11,11,5,5,85,57,2,2,1,1,2,2,2,2,262450252,1274549540,3,3,9999,9999,1,1
1,97,106,22,2,0,1,25160,0,324,2024,4,16,15,58,12,6,5,18,54,2,1,1,14,7,0,0,0,0,3,9,1,70,4,2,21,75,1,3,51,31,41,1,0,1,0,11,0,3,0,80,24,3,3,2,0,2,0,4,2,262213695,1274457663,3,3,818,0,9,0
1,97,106,23,2,0,1,580,1010,325,2024,4,22,23,15,22,5,59,18,57,1,2,1,14,7,0,0,0,0,6,9,1,70,1,2,21,45,1,4,34,31,31,1,0,1,0,11,11,4,4,30,10,3,2,2,0,2,0,4,2,262107034,1274447029,2,3,9999,9999,1,1
1,97,107,26,2,0,1,99000,0,213,2024,4,2,12,53,12,6,19,18,47,2,1,1,0,7,0,0,0,0,0,0,20,70,0,4,1,1,1,4,61,31,0,1,0,1,0,11,0,10,0,50,0,4,0,2,0,2,0,4,2,262224578,1275112956,3,3,9999,0,1,0