data_category,prefecture_code,police_station_code,report_id,accident_details_code,fatalities,injured_persons,route_code,location_code,municipality_code,occurence_year,occurence_month,occurence_date,occurence_hour,occurence_minute,day_night_code,sunrise_hour,sunrise_minute,sunset_hour,sunset_minute,weather_code,terrain_code,road_condition_code,road_config_code,traffic_signal_code,stop_reg_signage_code_party_a,stop_reg_roadmarking_code_party_a,stop_reg_signage_code_party_b,stop_reg_roadmarking_code_party_b,road_width_code,road_alignment_code,collision_point_code,zone_reg_code,median_facility_code,pedestrian_vehicle_separation_code,accident_type_code,age_party_a,age_party_b,party_type_code_party_a,party_type_code_party_b,vehicle_use_code_party_a,vehicle_use_code_party_b,vehicle_shape_code_party_a,vehicle_shape_code_party_b,auto_transm_code_party_a,auto_transm_code_party_b,safety_feature_code_party_a,safety_feature_code_party_b,speed_reg_code_party_a,speed_reg_code_party_b,vehicle_impact_point_code_party_a,vehicle_impact_point_code_party_b,vehicle_damage_level_party_a,vehicle_damage_level_party_b,airbag_code_party_a,airbag_code_party_b,side_airbag_code_party_a,side_airbag_code_party_b,injury_severity_code_party_a,injury_severity_code_party_b,latitude_north,longitude_east,occurence_day_code,public_holiday_code,days_since_cognitive_test_party_a,days_since_cognitive_test_party_b,driving_practice_method_code_party_a,driving_practice_method_code_party_b
1,97,107,27,2,0,1,25360,0,213,2024,4,1,10,26,12,6,20,18,46,1,2,1,1,1,9,22,9,22,15,9,30,70,5,2,21,45,55,3,4,31,31,1,1,1,1,11,11,2,3,10,10,2,2,2,1,2,2,2,4,262153993,1275042234,2,3,9999,9999,9,1
1,97,107,28,2,0,2,27550,410,213,2024,3,26,9,55,12,6,27,18,44,2,2,1,1,1,9,22,9,22,15,9,30,70,5,2,21,25,45,4,4,31,31,1,1,1,1,11,11,4,4,10,30,3,3,2,2,2,2,4,2,262330959,1274956518,3,3,9999,9999,5,1
1,97,107,29,2,0,1,25330,0,213,2024,4,2,21,34,22,6,19,18,47,2,2,1,7,1,0,0,0,0,4,9,1,70,1,2,21,1,1,4,14,31,1,1,11,1,1,11,11,4,4,70,50,3,3,2,2,2,2,2,4,262037118,1275120794,3,3,9999,9999,1,1
1,97,108,21,2,0,1,32040,0,213,2024,2,22,7,32,11,7,0,18,26,1,1,1,14,7,0,0,0,0,4,9,1,70,4,2,1,25,75,4,61,31,0,1,0,1,0,11,0,2,0,0,0,4,0,2,0,2,0,4,2,262530551,1274927001,5,2,9999,0,1,0
1,97,108,22,2,0,1,3290,216,313,2024,4,5,11,50,12,6,16,18,48,2,3,1,1,7,9,22,9,22,15,5,30,70,4,2,21,35,65,3,4,31,31,1,1,1,1,11,11,4,4,70,50,3,2,2,2,2,2,2,4,262818736,1275653383,6,3,9999,9999,4,9
1,97,108,23,2,0,1,580,826,311,2024,4,7,21,51,22,6,14,18,49,3,2,2,7,1,0,0,0,0,4,9,1,70,4,2,21,35,1,3,4,31,31,1,1,1,1,11,11,4,4,30,10,3,3,2,2,2,2,2,4,262852306,1275046788,1,3,9999,9999,5,1
1,97,108,24,2,0,1,32040,0,213,2024,4,3,9,25,12,6,18,18,47,1,2,1,7,7,0,0,0,0,1,9,1,70,4,2,21,55,25,3,4,31,31,1,1,1,1,11,11,2,2,10,0,3,3,2,2,2,2,4,2,262603314,1274828390,4,3,9999,9999,9,1
1,97,108,25,2,0,1,580,0,311,2024,3,17,17,55,13,6,36,18,39,1,2,1,1,1,9,22,9,22,19,9,30,70,5,2,21,25,1,3,4,31,31,1,1,1,1,11,11,4,4,50,57,1,1,1,2,2,2,4,2,262838370,1275023975,1,3,0,9999,0,1
1,97,108,26,2,0,3,3290,0,314,2024,3,31,12,18,12,6,21,18,46,3,2,2,11,7,0,0,0,0,5,9,1,70,4,2,21,1,55,3,4,31,31,1,1,1,1,11,11,3,4,58,81,2,3,2,2,2,2,4,2,262708615,1275352793,1,3,0,9999,0,9
1,97,108,27,2,0,1,580,705,311,2024,4,16,23,16,22,6,5,18,54,2,3,1,1,7,9,22,9,22,15,9,30,70,5,2,21,35,35,4,33,31,31,1,0,1,0,11,11,4,4,80,40,3,3,2,0,2,0,4,2,263130691,1275523938,3,3,9999,9999,1,1
1,97,109,33,2,0,1,99000,0,209,2024,4,1,19,59,22,6,20,18,46,1,1,1,0,7,0,0,0,0,0,0,20,70,0,4,21,1,65,4,51,31,41,1,0,1,0,11,0,10,0,50,12,3,2,2,0,2,0,4,2,263528050,1275853688,2,3,9999,0,1,0
1,97,109,34,2,0,1,32090,0,209,2024,3,26,6,18,23,6,27,18,44,1,1,1,1,3,9,22,9,22,15,9,30,70,5,2,21,65,1,13,4,31,31,11,1,1,1,11,11,2,2,40,10,3,2,2,1,2,2,2,4,263541096,1275842899,3,3,9999,9999,9,1
1,97,109,35,2,0,1,10910,0,209,2024,3,22,14,11,12,6,31,18,42,1,1,1,1,7,9,22,9,22,15,9,30,70,5,2,21,65,45,4,4,31,31,1,1,1,1,11,11,2,2,80,20,3,3,2,2,2,2,4,2,263533130,1275836415,6,3,9999,9999,9,1
1,97,109,36,2,0,1,32090,0,209,2024,3,7,8,20,12,6,47,18,34,1,1,1,1,7,9,22,1,21,15,9,30,70,5,2,21,35,75,3,4,31,31,1,1,1,1,11,11,3,10,10,50,2,3,2,2,2,2,2,4,263553383,1275830436,5,3,9999,772,1,9
1,97,109,37,2,0,1,32090,0,209,2024,4,9,13,10,12,6,12,18,50,1,3,1,1,7,9,21,9,22,15,9,30,70,5,2,21,1,35,3,14,31,31,1,11,1,1,11,11,10,3,24,14,2,2,2,2,2,2,4,2,263738035,1280011110,3,3,0,9999,0,1
1,97,109,38,2,0,1,32090,598,209,2024,1,29,16,30,12,7,15,18,9,1,1,1,1,7,1,21,9,22,18,9,30,70,5,3,21,45,1,3,51,31,41,1,0,1,0,11,0,10,0,80,10,3,3,2,0,2,0,4,2,263447363,1275906443,2,3,9999,0,4,0
1,97,109,39,2,0,1,580,527,209,2024,4,13,10,30,12,6,8,18,52,3,2,2,14,1,0,0,0,0,5,8,1,70,1,2,21,65,45,4,4,31,31,1,1,1,1,11,11,4,4,10,30,3,3,2,2,2,2,4,2,263637547,1280004284,7,3,9999,9999,9,5
1,97,109,40,2,0,5,580,589,209,2024,3,31,22,1,22,6,21,18,46,3,1,2,14,7,0,0,0,0,5,9,1,70,1,2,21,1,45,3,4,31,31,1,1,1,1,11,11,5,5,10,50,2,3,2,2,2,2,4,2,263515151,1275857749,1,3,0,9999,0,1
1,97,109,41,2,0,1,32090,0,209,2024,4,14,18,5,13,6,7,18,53,2,1,1,14,7,0,0,0,0,2,9,1,70,5,2,1,35,35,3,61,31,0,1,0,1,0,11,0,10,0,40,0,4,0,2,0,2,0,4,2,263527035,1275837214,1,3,9999,0,1,0
1,97,109,42,2,0,1,580,672,209,2024,4,21,17,47,12,6,0,18,56,1,3,1,14,2,0,0,0,0,3,9,1,70,4,2,21,45,55,3,35,31,31,1,0,1,0,11,11,4,4,84,14,3,3,2,0,2,0,4,2,263218607,1275654564,1,3,9999,9999,5,9
1,97,109,43,2,0,1,580,672,209,2024,4,7,18,36,13,6,14,18,49,3,2,2,7,7,0,0,0,0,3,9,1,70,4,2,21,65,55,3,14,31,31,1,11,1,2,11,11,4,4,10,20,2,3,1,2,2,2,2,4,263218812,1275655007,1,3,9999,9999,9,9
1,97,109,44,2,0,1,10710,0,209,2024,4,12,10,5,12,6,9,18,52,1,3,1,1,7,9,22,9,22,11,9,30,70,4,2,21,45,75,4,36,31,31,1,0,1,0,11,11,3,2,50,10,3,3,2,0,2,0,4,2,263623918,1280004831,6,3,9999,73,9,9
1,97,109,45,2,0,1,32090,0,209,2024,4,25,17,16,12,5,57,18,58,2,1,1,7,1,0,0,0,0,4,9,1,70,4,2,21,1,1,4,4,31,31,1,1,1,1,11,11,3,3,10,30,3,3,2,2,2,2,4,4,263636868,1275835288,5,3,9999,9999,1,1
1,97,109,46,1,1,1,580,571,209,2024,4,27,7,22,12,5,55,18,59,1,1,1,13,7,0,0,0,0,5,1,1,70,1,2,41,1,0,3,75,31,0,1,0,1,0,11,0,4,0,20,0,1,0,1,0,2,0,1,0,263539847,1275800253,7,3,9999,0,1,0
1,97,110,10,2,0,1,5050,0,306,2024,2,24,17,52,13,6,58,18,27,2,2,1,12,1,0,0,0,0,3,8,1,70,4,2,21,1,45,3,14,31,31,1,11,1,1,11,11,3,3,10,30,3,4,2,2,2,2,4,2,264053090,1275836106,7,3,0,9999,0,1
1,97,110,11,2,0,4,4490,0,308,2024,4,28,13,33,12,5,54,19,0,2,3,1,14,7,0,0,0,0,4,9,1,70,1,2,21,25,1,3,4,31,31,1,1,1,1,11,11,3,3,10,31,2,3,1,2,2,2,4,2,263903179,1275250642,1,2,9999,9999,2,1
1,97,111,19,2,0,2,33630,0,214,2024,1,27,14,25,12,7,16,18,8,2,1,1,14,7,0,0,0,0,1,9,1,70,5,4,21,55,45,4,4,31,31,1,1,1,1,11,11,10,10,10,60,3,3,2,2,2,2,4,2,244721059,1251551624,7,3,9999,9999,9,9
1,97,111,20,2,0,1,33630,0,214,2024,3,23,20,41,22,6,30,18,42,1,3,1,14,7,0,0,0,0,3,9,1,70,4,2,21,65,65,4,4,31,31,1,1,1,1,11,11,10,10,50,50,2,2,1,1,2,2,4,2,244956608,1251255163,7,3,9999,9999,9,1
1,97,111,21,2,0,2,33630,0,214,2024,3,24,16,30,12,6,29,18,43,1,1,1,1,7,9,22,9,22,14,9,30,70,5,4,21,45,45,4,4,31,31,1,1,1,1,11,1,10,10,10,60,2,3,2,2,2,2,4,2,244753876,1251733241,1,3,9999,9999,1,1
1,97,111,22,2,0,2,33630,0,214,2024,3,26,11,58,12,6,27,18,44,3,3,2,14,7,0,0,0,0,3,8,1,70,5,4,21,45,1,3,13,31,31,1,11,1,1,11,11,10,10,30,50,3,3,2,2,2,2,2,4,244319776,1251517986,3,3,9999,9999,9,1
1,97,111,23,2,0,1,99000,0,214,2024,4,24,10,30,12,5,58,18,58,1,1,1,0,7,0,0,0,0,0,0,20,70,0,4,1,35,55,4,61,31,0,1,0,1,0,11,0,10,0,50,0,4,0,2,0,2,0,4,2,244818670,1251648590,4,3,9999,0,1,0
1,97,111,24,2,0,2,27350,0,214,2024,4,26,12,47,12,5,56,18,59,3,1,2,1,7,1,21,9,22,15,9,30,70,5,2,21,55,25,3,4,31,31,1,1,1,1,11,11,10,10,10,40,2,2,1,2,2,2,4,2,244401295,1251630144,6,3,9999,9999,9,1
1,97,112,23,2,0,1,32070,0,207,2024,4,2,16,3,12,6,19,18,47,1,1,1,14,1,0,0,0,0,3,9,1,70,4,2,21,65,45,3,14,1,31,1,11,1,1,11,11,3,3,10,30,3,3,2,2,2,2,4,2,242058841,1240917816,3,3,9999,9999,9,5
1,97,112,24,2,0,1,32070,0,207,2024,4,13,8,45,12,6,8,18,52,1,3,1,7,7,0,0,0,0,1,9,1,70,5,4,1,55,65,14,61,31,0,11,0,2,0,11,0,10,0,80,0,4,0,2,0,2,0,4,2,242202658,1241254101,7,3,9999,0,9,0
1,97,112,25,2,0,1,32070,0,207,2024,2,26,12,12,12,6,56,18,29,2,1,1,1,7,9,22,0,0,15,6,30,70,4,2,1,45,1,4,61,31,0,1,0,1,0,11,0,3,0,50,0,3,0,2,0,2,0,4,2,242053786,1240852811,2,3,9999,0,1,0
1,97,112,26,2,0,1,3900,0,207,2024,3,29,10,40,12,6,24,18,45,1,2,1,7,1,0,0,0,0,3,9,1,70,4,2,21,55,65,3,4,31,31,1,1,1,1,11,11,2,2,10,30,3,3,2,2,2,2,4,2,242016285,1241041635,6,3,9999,9999,9,9
1,97,113,79,2,0,1,3290,638,329,2024,3,30,8,50,12,6,22,18,45,1,1,1,14,7,0,0,0,0,5,9,1,70,4,2,21,35,1,3,4,31,31,1,1,1,1,11,11,4,4,10,50,2,1,1,2,1,1,2,4,261325694,1274556970,7,3,9999,9999,1,1
1,97,113,80,2,0,1,3300,138,208,2024,4,1,11,29,12,6,20,18,46,1,1,1,14,1,0,0,0,0,2,9,1,70,1,2,21,75,35,3,13,31,31,1,11,1,1,11,11,4,4,30,10,3,3,2,2,2,2,2,4,261458020,1274448199,2,3,404,9999,9,1
1,97,113,81,2,0,3,3300,190,208,2024,3,31,17,25,12,6,21,18,46,2,1,2,14,7,0,0,0,0,5,9,1,70,1,2,21,1,35,13,14,1,31,11,11,2,1,11,11,4,4,10,31,3,3,2,2,2,2,4,2,261409895,1274227464,1,3,9999,9999,1,1
1,97,113,82,2,0,1,33290,0,329,2024,3,26,13,5,12,6,27,18,44,3,1,2,1,7,1,21,9,22,14,9,30,70,5,4,21,55,55,4,35,31,31,1,0,1,0,11,11,10,10,20,10,3,3,2,0,2,0,4,2,261332365,1274516135,3,3,9999,9999,9,9
1,97,113,83,2,0,2,32080,177,208,2024,4,8,11,15,12,6,13,18,50,2,1,2,1,7,1,21,9,22,15,3,30,70,5,2,21,75,25,3,4,31,31,1,1,1,1,11,11,2,2,20,10,3,3,2,2,2,2,4,2,261447371,1274246584,2,3,952,9999,9,1
1,97,113,84,2,0,1,32080,0,208,2024,3,30,20,34,22,6,22,18,45,2,1,1,1,7,1,21,9,22,15,9,30,70,4,2,21,1,1,4,4,31,31,1,1,1,1,11,11,2,2,10,80,2,2,1,1,1,2,4,2,261554529,1274307475,7,3,9999,9999,1,1
1,97,113,85,2,0,1,3290,631,329,2024,3,30,19,20,21,6,22,18,45,1,1,1,14,7,0,0,0,0,5,7,1,70,4,2,21,1,65,34,36,31,31,0,0,0,0,11,11,4,10,10,30,3,3,0,0,0,0,4,2,261346510,1274605077,7,3,9999,9999,1,9
1,97,113,86,2,0,1,580,1155,208,2024,4,11,18,28,13,6,10,18,51,1,1,1,7,1,0,0,0,0,6,9,1,70,1,2,21,25,45,14,34,31,31,11,0,1,0,11,11,4,4,10,31,3,3,2,0,2,0,4,2,261508215,1274214483,5,3,9999,9999,1,9
1,97,113,87,2,0,1,10380,0,329,2024,4,10,13,26,12,6,11,18,51,1,1,1,1,1,9,22,0,0,14,9,30,70,5,2,1,55,1,3,61,31,0,1,0,1,0,11,0,3,0,80,0,4,0,2,0,2,0,4,2,261410104,1274503967,4,3,9999,0,9,0
1,97,113,88,2,0,1,10380,0,329,2024,4,4,15,49,12,6,17,18,48,1,2,1,1,7,9,22,9,22,15,9,30,70,5,2,21,55,55,4,35,31,31,1,0,1,0,11,11,3,3,50,40,3,3,2,0,2,0,4,2,261422992,1274439926,5,3,9999,9999,9,9
1,97,113,89,2,0,1,26530,0,208,2024,4,11,16,35,12,6,10,18,51,1,1,1,1,7,9,22,9,22,14,7,30,70,5,2,21,45,1,4,51,31,41,1,0,1,0,11,0,2,0,50,20,3,3,2,0,2,0,4,2,261543456,1274324996,5,3,9999,0,1,0
1,97,113,90,2,0,2,580,1171,208,2024,4,13,18,34,13,6,8,18,52,2,1,1,1,1,9,22,9,22,19,9,30,70,5,2,21,1,45,4,4,31,31,1,1,1,1,11,11,3,3,40,10,3,2,2,1,2,2,4,2,261434969,1274129609,7,3,9999,9999,4,9
1,97,113,91,2,0,2,10380,0,208,2024,4,13,23,39,22,6,8,18,52,1,1,1,14,7,0,0,0,0,4,9,1,70,4,2,21,65,55,4,14,31,31,1,11,1,1,11,11,3,3,80,80,3,2,2,2,2,2,2,4,261445334,1274334709,7,3,9999,9999,9,9
1,97,113,92,2,0,1,3300,177,208,2024,4,8,17,15,12,6,13,18,50,3,1,2,14,7,0,0,0,0,5,8,1,70,1,2,21,25,35,13,4,31,31,11,1,1,1,11,11,4,4,10,30,3,3,2,2,2,2,4,2,261449319,1274247495,2,3,9999,9999,1,1
1,97,113,93,2,0,1,26530,0,208,2024,4,6,12,40,12,6,15,18,49,3,1,2,14,7,0,0,0,0,3,8,1,70,4,2,21,1,45,3,4,31,31,1,1,1,1,11,11,3,3,10,30,3,3,2,2,2,2,4,2,261534754,1274322433,7,3,9999,9999,1,1
1,97,113,94,2,0,2,27510,0,208,2024,4,7,19,46,21,6,14,18,49,3,1,2,1,7,9,22,9,22,15,9,30,70,4,2,21,55,1,4,35,31,31,1,0,1,0,11,11,3,3,0,0,3,3,2,0,2,0,4,2,261459554,1274244464,1,3,9999,9999,9,1
1,97,113,95,2,0,1,99000,0,208,2024,4,15,17,40,12,6,6,18,53,1,1,1,0,7,0,0,0,0,0,0,20,70,0,4,21,45,35,3,4,31,31,1,1,1,1,11,11,10,10,20,50,3,3,2,2,2,2,4,2,261440816,1274426423,2,3,9999,9999,1,1
1,97,113,96,2,0,1,99000,0,208,2024,4,17,13,37,12,6,4,18,54,1,1,1,0,7,0,0,0,0,0,0,20,70,0,4,1,35,45,3,61,31,0,1,0,1,0,11,0,10,0,20,0,3,0,2,0,2,0,4,2,261427414,1274331466,4,3,9999,0,1,0
1,97,113,97,2,0,1,33290,0,329,2024,4,10,18,34,13,6,11,18,51,1,2,1,14,7,0,0,0,0,3,9,1,70,2,2,21,55,35,3,14,31,31,1,11,1,1,11,11,4,4,10,30,3,3,2,2,2,2,4,2,261315262,1274628373,4,3,9999,9999,9,1
1,97,113,98,2,0,1,32080,0,208,2024,3,30,18,35,13,6,22,18,45,2,1,1,1,7,9,22,9,22,15,9,30,70,5,4,21,65,35,4,36,31,31,1,0,1,0,11,11,2,10,10,20,3,3,2,0,2,0,4,2,261420144,1274152328,7,3,9999,9999,9,5
1,97,113,99,2,0,1,32080,0,208,2024,4,12,13,40,12,6,9,18,52,2,2,1,1,1,9,22,0,0,15,9,30,70,5,2,1,55,45,4,61,31,0,1,0,1,0,11,0,2,0,50,0,3,0,2,0,2,0,4,2,261523342,1274305444,6,3,9999,0,9,0
1,97,113,100,2,0,3,85000,0,208,2024,4,14,19,30,21,6,7,18,53,2,2,1,12,7,0,0,0,0,3,8,1,70,1,2,21,25,25,3,3,31,31,1,1,1,1,11,11,10,10,10,31,3,3,2,2,2,2,4,2,261616572,1274221625,1,3,9999,9999,1,5
1,97,113,101,2,0,1,580,1125,208,2024,4,15,8,43,12,6,6,18,53,3,1,2,14,7,0,0,0,0,4,9,1,70,1,2,21,1,55,4,36,31,31,1,0,1,0,11,11,4,10,0,20,4,3,2,0,2,0,4,2,261600278,1274333125,2,3,9999,9999,1,9
1,97,114,43,2,0,1,33410,0,212,2024,3,25,9,40,12,6,28,18,43,1,3,1,1,7,9,22,9,22,15,7,30,70,5,2,21,75,35,4,35,31,31,1,0,1,0,11,11,10,2,10,10,3,3,2,0,2,0,4,2,261009743,1274154467,2,3,714,9999,9,5
1,97,114,44,2,0,1,33410,0,212,2024,3,21,18,19,13,6,32,18,41,1,1,1,1,7,9,22,9,22,11,9,30,70,5,4,21,45,45,14,33,31,31,11,0,1,0,11,11,10,10,70,10,4,3,2,0,2,0,4,2,261045077,1273958522,5,3,9999,9999,1,5
1,97,114,45,2,0,2,99000,0,201,2024,3,15,14,6,12,6,39,18,38,1,1,1,0,7,0,0,0,0,0,0,20,70,0,2,41,65,0,4,75,31,0,1,0,1,0,11,0,10,0,10,0,2,0,2,0,2,0,4,0,261201231,1274001978,6,3,9999,0,9,0
1,97,114,46,2,0,1,27210,0,201,2024,4,3,14,10,12,6,18,18,47,1,1,1,1,7,9,22,9,22,11,8,30,70,5,2,21,55,65,3,3,31,1,1,1,1,1,11,11,2,2,80,30,3,3,2,2,2,2,4,2,261140308,1274014552,4,3,9999,9999,1,9
1,97,114,47,2,0,1,32010,0,201,2024,3,25,10,56,12,6,28,18,43,1,1,1,1,7,9,22,1,21,15,9,30,70,5,4,21,65,25,3,34,1,31,1,0,1,0,11,11,10,10,10,20,3,3,2,0,2,0,4,2,261042143,1273916729,2,3,9999,9999,9,1
1,97,114,48,2,0,1,32010,0,201,2024,4,8,8,10,12,6,13,18,50,2,1,1,1,1,9,22,9,22,14,9,30,70,5,2,21,1,1,4,35,31,31,1,0,1,0,11,11,3,3,10,32,3,3,2,0,2,0,4,2,261143926,1273941468,2,3,9999,9999,1,1
1,97,114,49,2,0,1,33410,110,212,2024,4,12,7,54,12,6,9,18,52,2,3,1,1,7,9,22,0,0,15,9,30,70,5,2,1,35,1,4,61,31,0,1,0,1,0,11,0,3,0,80,0,4,0,2,0,2,0,4,2,261030965,1274023401,6,3,9999,0,1,0
1,97,114,50,2,0,3,27560,115,212,2024,4,14,19,35,21,6,7,18,53,3,3,2,1,1,9,22,9,22,15,9,30,70,5,2,21,35,1,3,4,31,31,1,1,1,1,11,11,3,3,50,20,2,2,2,2,2,2,4,2,261032981,1274005002,1,3,0,9999,0,1
1,97,114,51,2,0,1,27310,0,212,2024,4,13,12,36,12,6,8,18,52,2,2,1,7,7,0,0,0,0,3,9,1,70,4,2,21,45,35,4,4,31,31,1,1,1,1,11,11,2,2,10,30,3,3,2,2,2,2,4,2,261033661,1273956124,7,3,9999,9999,5,1
1,97,114,52,2,0,1,33410,0,212,2024,3,11,11,10,12,6,43,18,36,2,2,1,1,7,1,21,0,0,14,9,30,70,4,2,1,35,45,14,61,1,0,11,0,1,0,11,0,3,0,80,0,3,0,2,0,2,0,4,2,261029820,1274115032,2,3,9999,0,1,0
1,97,114,53,2,0,1,3310,18,201,2024,4,1,8,47,12,6,20,18,46,1,1,1,1,1,9,22,9,22,19,9,30,70,1,2,21,45,1,4,36,31,31,1,0,1,0,1,11,4,10,10,10,2,2,2,0,2,0,2,4,261207819,1273943110,2,3,9999,9999,1,1
1,97,114,54,2,0,2,3310,9,201,2024,1,23,20,49,22,7,17,18,5,2,1,1,1,1,9,22,9,22,15,8,30,70,5,2,21,25,25,3,4,1,31,1,1,1,1,11,11,4,4,10,66,2,2,2,2,2,2,2,4,261217575,1274004703,3,3,9999,9999,1,5
1,97,114,55,2,0,1,33410,0,212,2024,4,24,6,15,11,5,58,18,58,3,1,2,1,7,9,22,9,22,14,8,30,70,5,4,21,75,35,4,36,31,31,1,0,1,0,11,11,10,10,0,14,4,3,2,0,2,0,4,2,261010142,1274132460,4,3,791,9999,1,1
1,97,114,56,2,0,1,32010,0,201,2024,4,8,17,50,13,6,13,18,50,3,1,2,1,4,9,21,9,22,14,9,30,70,5,2,21,1,35,3,35,31,31,1,0,1,0,11,11,2,3,0,0,4,3,2,0,2,0,4,2,261118917,1273933102,2,3,0,9999,0,5
1,97,65,10,2,0,3,50020,87,212,2024,4,19,19,0,21,6,2,18,55,1,3,1,11,7,0,0,0,0,4,9,1,70,1,4,21,1,55,3,4,31,31,1,1,1,1,11,11,7,7,31,10,1,1,2,1,2,2,2,4,261019650,1274138381,6,3,9999,9999,1,9
1,97,101,158,2,0,1,85000,0,201,2024,2,2,6,50,23,7,14,18,13,1,1,1,1,7,9,22,9,22,18,9,30,70,3,2,21,55,1,3,35,31,31,1,0,1,0,11,11,10,4,30,10,3,3,2,0,2,0,4,2,261432752,1274054170,6,3,9999,9999,1,1
1,97,101,160,2,0,1,32010,0,201,2024,4,15,12,15,12,6,6,18,53,3,1,2,14,7,0,0,0,0,4,8,1,70,4,2,1,75,75,4,61,31,0,1,0,1,0,11,0,3,0,10,0,3,0,2,0,2,0,4,2,261235633,1274246696,2,3,268,0,9,0
1,97,101,170,2,0,2,580,1186,201,2024,3,19,11,8,12,6,34,18,40,2,1,2,14,7,0,0,0,0,6,9,1,70,1,2,21,35,1,4,36,31,31,1,0,1,0,11,11,4,10,30,10,3,3,2,0,2,0,2,4,261352414,1274109521,3,2,9999,9999,1,5
1,97,101,171,2,0,1,580,1200,201,2024,3,15,17,15,12,6,39,18,38,1,1,1,7,1,0,0,0,0,6,9,1,70,1,2,21,45,65,3,36,1,31,1,0,1,0,11,11,4,10,10,30,3,3,2,0,2,0,4,2,261310060,1274055013,6,3,9999,9999,5,9
1,97,101,172,2,0,1,3300,0,201,2024,3,15,13,44,12,6,39,18,38,1,1,1,1,1,9,22,9,22,17,9,30,70,5,2,21,65,1,3,36,1,31,1,0,1,0,11,11,3,2,10,10,3,3,2,0,2,0,4,2,261258698,1274144326,6,3,9999,9999,9,5
1,97,101,173,2,0,1,3300,0,201,2024,4,15,14,45,12,6,6,18,53,3,1,2,12,7,0,0,0,0,3,8,1,70,1,4,21,1,1,4,14,31,31,1,11,1,2,11,11,3,3,11,30,3,3,2,2,2,2,4,2,261304235,1274147180,2,3,9999,9999,1,1
1,97,101,174,2,0,1,580,1195,201,2024,3,25,12,30,12,6,28,18,43,1,1,1,14,7,0,0,0,0,5,9,1,70,1,2,21,55,25,3,4,31,31,1,1,1,1,11,11,4,4,40,28,3,3,2,2,2,2,4,4,261323221,1274102155,2,3,9999,9999,9,1
1,97,101,175,2,0,1,32010,0,201,2024,4,10,13,37,12,6,11,18,51,1,1,1,14,1,0,0,0,0,3,9,1,70,1,2,21,55,25,3,4,31,31,1,1,1,1,11,11,2,2,30,10,3,3,2,2,2,2,4,4,261303169,1274056741,4,3,9999,9999,9,1
1,97,101,176,2,0,1,32010,0,201,2024,3,19,18,40,21,6,34,18,40,2,1,1,1,2,9,22,0,0,14,9,30,70,5,2,1,45,55,3,61,31,0,1,0,2,0,11,0,3,0,0,0,4,0,2,0,2,0,4,2,261353933,1274343540,3,2,9999,0,5,0
1,97,101,178,2,0,1,32010,0,201,2024,1,20,2,38,22,7,18,18,3,2,1,1,1,7,9,22,9,22,15,9,30,70,5,2,21,1,1,3,36,31,31,1,0,1,0,11,11,10,10,40,10,3,3,2,0,2,0,2,4,261301538,1274013490,7,3,9999,0,5,0
1,97,101,179,2,0,1,10820,0,201,2024,4,5,17,45,12,6,16,18,48,2,1,1,7,1,0,0,0,0,3,7,1,70,1,2,21,55,65,3,4,31,31,1,1,1,1,11,11,3,3,30,10,4,4,2,2,2,2,2,4,261329813,1274306856,6,3,9999,9999,1,5
1,97,101,180,2,0,1,32010,0,201,2024,4,9,15,47,12,6,12,18,50,2,2,1,1,7,1,22,0,0,15,9,30,70,4,2,1,1,1,4,61,31,0,1,0,1,0,11,0,2,0,10,0,3,0,2,0,2,0,4,2,261218220,1274049055,3,3,9999,0,1,0
1,97,101,181,2,0,1,10290,0,201,2024,5,3,8,40,12,5,50,19,2,1,1,1,7,1,0,0,0,0,3,9,1,70,4,2,21,45,55,4,36,31,31,1,0,1,0,11,11,3,10,50,30,3,3,2,0,2,0,4,2,261313116,1274300941,6,1,9999,9999,1,9
1,97,101,182,2,0,1,32010,0,201,2024,4,27,9,17,12,5,55,18,59,2,1,1,1,1,9,22,9,22,18,9,30,70,5,2,21,65,25,3,36,31,31,1,0,1,0,11,11,2,2,40,10,3,2,2,0,2,0,4,2,261302482,1274054728,7,3,9999,9999,9,4
1,97,101,183,2,0,1,27220,0,201,2024,4,6,13,8,12,6,15,18,49,3,1,2,7,1,0,0,0,0,3,9,1,70,1,2,21,55,55,4,35,31,31,1,0,1,0,11,11,3,3,0,20,4,3,2,0,2,0,4,2,261211524,1274224466,7,3,9999,9999,9,9
1,97,101,184,2,0,1,25390,0,201,2024,4,23,2,22,22,5,59,18,57,2,1,1,1,3,9,22,0,0,15,9,30,70,5,2,1,45,65,3,61,1,0,1,0,1,0,11,0,3,0,20,0,3,0,2,0,2,0,4,2,261243031,1274037016,3,3,9999,0,1,0
1,97,101,185,2,0,1,32010,1202,201,2024,2,26,0,35,22,6,56,18,29,1,1,1,1,1,9,22,0,0,18,9,30,70,5,2,1,75,35,3,61,1,0,1,0,1,0,11,0,2,0,0,0,3,0,2,0,2,0,4,2,261305912,1274050484,2,3,647,0,9,0
1,97,101,186,2,0,1,32010,0,201,2024,5,4,21,17,22,5,50,19,3,1,1,1,14,7,0,0,0,0,3,9,1,70,5,3,21,1,35,3,35,31,31,1,0,1,0,11,11,1,1,30,10,3,3,2,0,2,0,4,2,261307273,1274116210,7,1,9999,9999,1,1