data_category,prefecture_code,police_station_code,report_id,accident_details_code,fatalities,injured_persons,route_code,location_code,municipality_code,occurence_year,occurence_month,occurence_date,occurence_hour,occurence_minute,day_night_code,sunrise_hour,sunrise_minute,sunset_hour,sunset_minute,weather_code,terrain_code,road_condition_code,road_config_code,traffic_signal_code,stop_reg_signage_code_party_a,stop_reg_roadmarking_code_party_a,stop_reg_signage_code_party_b,stop_reg_roadmarking_code_party_b,road_width_code,road_alignment_code,collision_point_code,zone_reg_code,median_facility_code,pedestrian_vehicle_separation_code,accident_type_code,age_party_a,age_party_b,party_type_code_party_a,party_type_code_party_b,vehicle_use_code_party_a,vehicle_use_code_party_b,vehicle_shape_code_party_a,vehicle_shape_code_party_b,auto_transm_code_party_a,auto_transm_code_party_b,safety_feature_code_party_a,safety_feature_code_party_b,speed_reg_code_party_a,speed_reg_code_party_b,vehicle_impact_point_code_party_a,vehicle_impact_point_code_party_b,vehicle_damage_level_party_a,vehicle_damage_level_party_b,airbag_code_party_a,airbag_code_party_b,side_airbag_code_party_a,side_airbag_code_party_b,injury_severity_code_party_a,injury_severity_code_party_b,latitude_north,longitude_east,occurence_day_code,public_holiday_code,days_since_cognitive_test_party_a,days_since_cognitive_test_party_b,driving_practice_method_code_party_a,driving_practice_method_code_party_b
1,97,113,131,2,0,3,580,1165,208,2024,5,19,12,7,12,5,41,19,11,1,3,1,14,7,0,0,0,0,2,9,1,70,1,2,21,1,25,3,14,31,31,1,11,1,1,11,11,4,4,31,10,3,3,2,2,2,2,2,4,261447377,1274147759,1,3,9999,9999,1,1
1,97,113,132,2,0,1,99000,0,208,2024,4,16,16,47,12,6,5,18,54,1,2,1,0,7,0,0,0,0,0,0,20,70,0,4,21,25,1,3,4,31,31,1,1,1,1,11,11,10,10,47,50,3,3,2,2,2,2,2,4,261511059,1274405014,3,3,9999,9999,1,1
1,97,113,133,2,0,1,27510,0,208,2024,4,29,21,46,22,5,53,19,0,2,1,1,14,7,0,0,0,0,3,9,1,70,1,2,21,25,1,4,35,31,31,1,0,1,0,11,11,3,3,80,10,3,3,2,0,2,0,4,2,261421916,1274220045,2,1,9999,9999,1,1
1,97,113,134,2,0,1,10290,0,329,2024,4,6,2,40,22,6,15,18,49,1,2,1,14,7,0,0,0,0,3,7,1,70,4,2,21,1,45,4,4,31,31,1,1,1,1,11,11,3,3,20,20,3,3,2,2,2,2,4,2,261337748,1274411219,7,3,9999,9999,1,1
1,97,114,57,2,0,2,99000,0,212,2024,3,19,12,33,12,6,34,18,40,3,2,2,0,7,0,0,0,0,0,0,20,70,0,4,1,55,65,3,61,31,0,1,0,1,0,11,0,10,0,11,0,3,0,2,0,2,0,4,2,261028412,1273921485,3,2,9999,0,9,0
1,97,114,58,2,0,1,27560,0,212,2024,1,7,19,13,22,7,18,17,53,1,1,1,1,1,9,22,0,0,19,9,30,70,5,2,1,65,1,34,61,31,0,0,0,0,0,11,0,3,0,20,0,3,0,0,0,0,0,4,2,261033218,1274007345,1,2,18,0,9,0
1,97,114,59,2,0,1,32010,0,201,2024,5,1,9,37,12,5,52,19,1,3,1,2,1,7,1,21,9,22,15,9,30,70,5,2,21,75,1,3,3,31,31,1,1,1,1,11,11,2,2,50,40,3,3,2,2,2,2,4,4,261126066,1273934488,4,3,511,9999,9,1
1,97,114,60,2,0,1,27490,0,212,2024,5,5,9,56,12,5,49,19,3,1,2,1,7,1,0,0,0,0,3,9,1,70,4,2,21,25,65,3,4,31,31,1,1,2,2,11,11,2,2,10,30,3,3,2,2,2,2,4,4,260947862,1274009692,1,1,9999,9999,1,9
1,97,114,62,2,0,1,10070,0,201,2024,5,9,17,35,12,5,46,19,6,1,1,1,14,7,0,0,0,0,4,9,1,70,4,2,21,25,1,3,36,31,31,1,0,1,0,11,11,3,10,50,14,3,3,2,0,2,0,4,2,261212269,1274016748,5,3,9999,9999,1,5
1,97,114,63,2,0,1,10070,0,201,2024,5,10,8,0,12,5,46,19,6,1,1,1,1,1,9,22,9,22,17,9,30,70,5,2,21,45,45,32,35,31,31,0,0,0,0,11,11,10,3,21,40,3,3,0,0,0,0,4,2,261133633,1274032701,6,3,9999,9999,1,9
1,97,114,64,2,0,1,32010,0,201,2024,4,1,23,35,22,6,20,18,46,1,1,1,1,7,9,22,0,0,11,7,30,70,5,4,1,45,35,4,61,31,0,1,0,1,0,11,0,10,0,50,0,4,0,2,0,2,0,4,2,261143120,1274028913,2,3,9999,0,9,0
1,97,114,65,2,0,3,10070,0,201,2024,3,17,12,45,12,6,36,18,39,1,1,1,14,7,0,0,0,0,4,9,1,70,1,2,21,35,25,3,3,31,31,1,1,1,1,11,11,3,3,10,31,2,2,1,2,1,2,4,2,261203960,1274022739,1,3,9999,9999,1,1
1,97,114,66,2,0,2,33410,0,212,2024,5,13,13,58,12,5,44,19,8,3,2,2,1,7,1,21,9,22,18,9,30,70,4,2,21,45,65,3,3,31,31,1,1,1,1,11,11,2,2,41,10,2,2,2,2,2,2,2,4,260949385,1274030983,2,3,9999,9999,1,9
1,97,114,67,2,0,1,10070,0,212,2024,4,8,19,46,21,6,13,18,50,3,1,2,14,7,0,0,0,0,3,9,20,70,4,2,21,65,55,4,35,31,31,1,0,1,0,11,11,3,3,30,10,3,2,2,0,2,0,2,4,260959792,1274134843,2,3,9999,9999,9,9
1,97,114,68,2,0,1,10070,0,212,2024,5,11,16,2,12,5,45,19,7,1,1,1,1,7,9,22,8,22,15,7,30,70,5,2,21,45,1,14,51,31,41,11,0,1,0,11,0,10,0,80,20,3,3,2,0,2,0,4,2,261058998,1274056262,7,3,9999,0,1,0
1,97,114,69,2,0,1,99000,0,212,2024,4,29,13,33,12,5,53,19,0,3,2,2,0,7,0,0,0,0,0,0,20,70,0,4,1,1,1,13,61,31,0,11,0,1,0,11,0,10,0,10,0,4,0,2,0,2,0,4,2,260927580,1273930298,2,1,9999,0,1,0
1,97,101,194,2,0,1,32010,0,201,2024,4,26,3,1,22,5,56,18,59,2,1,2,1,7,9,22,1,21,15,9,30,70,5,2,21,45,1,17,4,1,31,11,1,1,1,11,11,10,10,10,24,3,1,2,1,2,2,2,4,261359851,1274156857,6,3,9999,9999,1,1
1,97,101,204,2,0,1,32010,0,201,2024,5,20,15,24,12,5,40,19,12,2,1,1,7,7,0,0,0,0,4,9,1,70,4,2,21,35,35,13,5,31,31,11,1,1,1,11,11,3,2,10,30,3,3,2,2,2,2,4,2,261300412,1274038374,2,3,9999,9999,1,5
1,97,101,205,2,0,1,32010,0,201,2024,5,23,7,50,12,5,39,19,13,3,1,2,14,7,0,0,0,0,3,8,1,70,4,2,21,1,1,3,4,31,31,1,1,1,1,11,11,3,3,30,10,3,3,2,2,2,2,2,4,261250990,1274251422,5,3,9999,9999,1,1
1,97,101,206,2,0,1,580,1177,201,2024,4,17,18,32,13,6,4,18,54,1,1,1,1,7,9,22,0,0,14,9,30,70,5,2,1,1,75,51,61,41,0,0,0,0,0,0,0,0,0,10,0,4,0,0,0,0,0,4,2,261420303,1274117012,4,3,0,0,0,0
1,97,101,207,2,0,1,3300,0,201,2024,5,23,14,22,12,5,39,19,13,2,1,1,7,1,0,0,0,0,5,9,1,70,4,2,21,45,35,4,14,31,31,1,11,1,1,11,11,3,3,20,80,4,3,2,2,2,2,2,4,261206934,1274104690,5,3,9999,9999,1,1
1,97,101,208,2,0,1,5070,0,201,2024,5,29,7,55,12,5,38,19,16,2,1,1,14,7,0,0,0,0,3,9,1,70,4,2,21,55,35,4,4,31,31,1,1,1,1,11,11,3,3,50,70,3,3,2,2,2,2,4,2,261153556,1274119514,4,3,9999,9999,9,1
1,97,101,209,2,0,1,32010,0,201,2024,6,1,13,37,12,5,37,19,18,3,1,2,1,7,9,22,9,22,18,7,30,70,4,2,21,1,45,4,33,31,31,1,0,1,0,11,11,3,3,20,10,3,1,2,0,2,0,4,2,261155586,1274149150,7,3,9999,9999,1,1
1,97,101,211,2,0,1,85000,0,201,2024,4,17,6,9,11,6,4,18,54,1,1,1,1,1,9,22,0,0,19,9,30,70,5,2,1,25,55,4,61,31,0,1,0,1,0,11,0,4,0,47,0,4,0,2,0,2,0,4,2,261323034,1274025622,4,3,9999,0,1,0
1,97,101,212,2,0,1,3300,0,201,2024,5,31,8,47,12,5,37,19,17,2,1,1,14,7,0,0,0,0,5,8,1,70,4,2,21,1,45,3,4,31,31,1,1,1,1,11,11,3,3,10,30,3,3,2,2,2,2,4,2,261240140,1274134883,6,3,9999,9999,1,1
1,97,101,213,2,0,2,32010,0,201,2024,5,15,14,45,12,5,43,19,9,1,1,1,14,7,0,0,0,0,3,9,1,70,4,2,21,1,25,3,4,31,31,1,1,1,1,11,11,3,3,10,30,3,3,2,2,2,2,4,2,261259598,1274231604,4,3,9999,9999,1,1
1,97,101,214,2,0,2,32010,0,201,2024,6,5,12,38,12,5,36,19,19,1,1,1,7,7,0,0,0,0,4,8,1,70,1,2,21,75,1,4,4,31,31,1,1,1,1,11,11,10,3,50,40,3,3,2,2,2,2,4,2,261319099,1274337621,4,3,572,9999,9,1
1,97,101,215,2,0,1,580,1205,201,2024,5,11,20,53,22,5,45,19,7,2,1,1,7,1,0,0,0,0,5,9,1,70,1,2,21,35,35,3,3,31,31,1,1,1,1,11,11,4,4,10,30,3,3,2,2,2,2,4,2,261257542,1274043450,7,3,9999,9999,1,1
1,97,101,216,2,0,3,27210,0,201,2024,4,21,11,53,12,6,0,18,56,1,1,1,1,7,9,22,9,22,18,9,30,70,1,2,21,35,45,3,4,31,31,1,1,1,1,11,11,3,3,40,20,3,3,2,2,2,2,4,2,261208644,1274053702,1,3,9999,9999,4,1
1,97,101,217,2,0,1,32010,0,201,2024,5,24,5,50,11,5,39,19,14,1,1,1,13,7,0,0,0,0,3,6,1,70,5,2,21,1,55,4,5,31,31,1,1,1,2,11,11,2,2,50,30,3,3,2,2,2,2,4,2,261309205,1274104028,6,3,9999,9999,1,5
1,97,101,218,2,0,1,99000,0,201,2024,5,30,20,10,21,5,37,19,17,1,1,1,0,7,0,0,0,0,0,0,20,70,0,4,1,1,75,4,61,31,0,1,0,1,0,11,0,10,0,30,0,4,0,2,0,2,0,4,2,261332470,1274140862,5,3,9999,0,1,0
1,97,101,219,1,1,0,32010,0,201,2024,6,11,23,55,22,5,36,19,22,3,1,2,1,7,9,22,0,0,14,3,30,70,5,2,41,65,0,4,75,31,0,1,0,1,0,11,0,10,0,10,0,2,0,1,0,2,0,1,0,261402375,1274057198,3,3,9999,0,9,0
1,97,101,220,2,0,1,32010,0,201,2024,5,27,20,30,22,5,38,19,15,3,1,2,14,7,0,0,0,0,1,9,20,70,5,4,41,45,0,3,76,31,0,1,0,1,0,11,0,10,0,50,0,3,0,2,0,2,0,2,0,261311662,1274134382,2,3,9999,0,1,0
1,97,101,221,2,0,1,580,1194,201,2024,5,22,8,38,12,5,40,19,13,3,1,2,7,7,0,0,0,0,5,7,1,70,1,2,21,45,45,3,3,31,31,1,1,1,1,11,11,4,4,10,30,3,3,2,2,2,2,4,2,261325342,1274103332,4,3,9999,9999,9,1
1,97,101,222,2,0,1,99000,0,201,2024,5,22,19,20,21,5,40,19,13,1,1,1,0,7,0,0,0,0,0,0,20,70,0,2,1,25,65,4,61,31,0,1,0,1,0,11,0,10,0,30,0,4,0,2,0,2,0,4,2,261208068,1274102947,4,3,9999,0,1,0
1,97,101,223,2,0,1,580,1186,201,2024,6,16,20,25,22,5,37,19,24,1,1,1,14,7,0,0,0,0,6,9,1,70,1,2,1,35,45,4,61,31,0,1,0,1,0,11,0,4,0,10,0,2,0,2,0,2,0,4,2,261353245,1274109308,1,3,9999,0,1,0
1,97,101,225,2,0,1,32010,0,201,2024,5,22,16,6,12,5,40,19,13,2,1,2,1,1,9,22,9,22,18,9,30,70,5,2,21,1,45,3,4,31,31,1,1,1,1,11,11,2,2,10,10,2,2,2,2,2,2,4,2,261312439,1274117873,4,3,9999,9999,1,9
1,97,101,226,2,0,1,3300,0,201,2024,6,17,19,42,21,5,37,19,24,2,1,1,7,7,0,0,0,0,3,9,1,70,1,2,21,65,25,3,14,1,31,1,11,1,1,11,11,4,4,30,10,3,3,2,2,2,2,2,4,261346891,1274209403,2,3,9999,9999,9,1
1,97,101,227,2,0,1,32010,0,201,2024,5,24,15,20,12,5,39,19,14,3,1,2,14,7,0,0,0,0,3,9,1,70,4,2,21,35,45,3,3,31,31,1,1,1,1,11,11,2,2,80,60,3,3,2,2,2,2,4,2,261307756,1274109863,6,3,0,9999,0,9
1,97,101,228,2,0,1,3300,0,201,2024,6,17,19,55,21,5,37,19,24,2,1,1,1,1,9,22,9,22,17,9,30,70,5,2,21,25,65,34,35,31,31,0,0,0,0,11,11,4,4,0,10,4,3,0,0,0,0,4,2,261331796,1274157876,2,3,9999,9999,1,1
1,97,101,229,2,0,1,580,1211,201,2024,5,18,22,52,22,5,41,19,11,1,1,1,1,1,9,22,0,0,19,9,30,70,5,2,1,65,25,3,61,31,0,1,0,1,0,11,0,4,0,50,0,4,0,2,0,2,0,4,2,261240144,1274030634,7,3,9999,0,9,0
1,97,101,230,2,0,1,25390,0,201,2024,5,21,11,3,12,5,40,19,12,3,1,2,7,7,0,0,0,0,3,8,1,70,4,2,21,55,0,4,0,31,0,1,0,1,0,11,0,2,0,80,0,3,0,2,0,2,0,2,0,261252006,1274058076,3,3,9999,0,9,0
1,97,101,231,2,0,1,95000,0,201,2024,6,17,18,30,13,5,37,19,24,2,1,1,0,7,0,0,0,0,0,0,20,70,0,4,1,55,25,13,61,31,0,11,0,1,0,11,0,10,0,40,0,4,0,2,0,2,0,4,2,261328016,1274126120,2,3,9999,0,9,0
1,97,101,232,2,0,1,27220,0,201,2024,5,17,10,3,12,5,42,19,10,1,1,1,1,2,9,22,9,22,15,9,30,70,5,2,21,65,75,4,51,31,41,1,0,1,0,11,0,3,0,10,20,3,3,2,0,2,0,4,2,261226608,1274134462,6,3,9999,0,9,0
1,97,101,233,2,0,1,32010,0,201,2024,4,30,6,23,11,5,53,19,1,1,2,1,1,7,9,22,0,0,18,7,30,70,5,2,1,65,65,3,61,1,0,1,0,1,0,11,0,10,0,10,0,3,0,2,0,2,0,4,2,261312655,1274208780,3,3,9999,0,9,0
1,97,101,234,2,0,1,10820,0,201,2024,6,7,7,35,12,5,36,19,20,3,1,2,14,7,0,0,0,0,5,9,1,70,1,2,21,1,45,4,36,31,31,1,0,1,0,11,11,4,10,10,30,3,3,2,0,2,0,4,2,261217921,1274319679,6,3,9999,9999,1,5
1,97,101,238,2,0,2,85000,0,201,2024,6,6,13,15,12,5,36,19,20,3,1,2,14,1,0,0,0,0,3,9,1,70,1,2,21,55,25,4,4,31,31,1,1,1,1,11,11,4,4,10,30,3,3,2,2,2,2,4,2,261407962,1274054077,5,3,9999,9999,9,1
1,97,102,53,2,0,1,27500,0,210,2024,5,16,8,20,12,5,42,19,9,1,2,1,14,7,0,0,0,0,3,9,1,70,4,2,21,1,45,4,14,31,31,1,11,1,1,11,11,3,3,10,30,3,3,2,2,2,2,4,2,260657949,1274147652,5,3,9999,9999,1,9
1,97,102,54,2,0,1,32100,100,210,2024,6,5,12,30,12,5,36,19,19,2,2,1,1,7,9,22,9,22,18,9,30,70,1,2,21,45,45,4,4,31,31,1,1,1,1,1,11,3,3,10,20,2,2,2,2,2,1,4,2,260803106,1273949716,4,3,9999,9999,1,5
1,97,102,55,2,0,1,10820,0,210,2024,6,7,18,0,12,5,36,19,20,1,1,1,1,7,1,22,9,22,18,9,30,70,5,2,21,45,35,4,34,31,31,1,0,1,0,11,11,10,4,50,10,3,3,2,0,2,0,4,2,260903240,1274022192,6,3,9999,9999,5,1
1,97,102,56,2,0,1,33620,0,362,2024,6,3,12,20,12,5,37,19,19,2,2,1,1,7,9,22,9,22,14,8,30,70,5,4,21,1,25,4,4,31,31,1,1,1,1,11,11,10,10,80,50,3,3,2,2,2,2,4,2,260906178,1274356780,2,3,9999,9999,5,9
1,97,102,57,2,0,1,32100,0,210,2024,5,23,17,45,12,5,39,19,13,2,1,1,1,7,9,22,9,22,15,9,30,70,5,2,21,25,45,4,35,31,31,1,0,1,0,11,11,3,3,50,30,3,3,2,0,2,0,4,2,260812768,1274009523,5,3,9999,9999,1,5
1,97,102,58,2,0,1,25480,0,362,2024,6,11,7,26,12,5,36,19,22,3,2,2,1,7,9,22,9,22,14,9,30,70,5,2,21,45,1,3,34,31,31,1,0,1,0,11,11,10,3,20,10,3,3,2,0,2,0,4,2,261028412,1274321263,3,3,9999,9999,1,5
1,97,102,59,2,0,1,5070,0,362,2024,6,12,7,30,12,5,36,19,22,1,3,2,14,7,0,0,0,0,3,9,1,70,4,2,21,1,35,4,35,31,31,1,0,1,0,11,11,3,3,80,30,3,3,2,0,2,0,4,2,261040829,1274306161,4,3,9999,9999,1,1
1,97,102,60,2,0,1,3310,125,210,2024,6,18,14,47,12,5,37,19,24,3,1,2,1,1,9,22,0,0,19,3,30,70,5,2,1,35,35,3,61,31,0,1,0,1,0,11,0,4,0,10,0,3,0,2,0,2,0,4,2,260708562,1274005430,3,3,9999,0,1,0
1,97,102,61,2,0,3,32100,0,210,2024,6,17,18,32,13,5,37,19,24,2,1,1,14,1,0,0,0,0,3,9,1,70,4,2,21,65,35,4,4,31,31,1,1,1,1,11,11,3,3,10,31,2,2,1,2,2,2,4,2,260828424,1274005282,2,3,9999,9999,9,1
1,97,102,62,2,0,1,99000,0,210,2024,6,27,13,28,12,5,39,19,26,1,1,1,0,7,0,0,0,0,0,0,20,70,0,2,1,55,35,14,61,31,0,11,0,1,0,11,0,10,0,50,0,3,0,2,0,2,0,4,2,260725846,1273956434,5,3,9999,0,9,0
1,97,102,63,1,1,0,3310,255,362,2024,6,29,12,52,12,5,40,19,26,1,3,1,13,7,0,0,0,0,3,4,1,70,4,2,21,55,45,11,4,1,31,11,1,2,1,11,11,3,3,50,50,3,1,2,1,2,2,4,1,260725900,1274454366,7,3,9999,9999,9,5
1,97,102,67,2,0,1,32100,0,210,2024,6,14,15,40,12,5,36,19,23,3,1,2,1,7,9,22,9,22,15,9,30,70,5,2,21,55,55,14,36,31,31,11,0,1,0,11,11,3,10,80,20,3,3,2,0,2,0,4,2,260856000,1274004919,6,3,9999,9999,9,5
1,97,103,94,2,0,1,3310,485,215,2024,5,15,9,45,12,5,43,19,9,1,2,1,1,7,9,22,9,22,15,9,30,70,4,2,21,65,45,14,36,31,31,11,0,1,0,11,11,2,10,10,40,3,3,2,0,2,0,4,2,261103282,1274627264,4,3,9999,9999,9,1
1,97,103,96,2,0,1,27400,0,350,2024,5,27,7,7,12,5,38,19,15,2,2,1,1,7,9,22,9,22,15,7,30,70,5,2,21,55,55,3,36,31,31,1,0,1,0,11,11,10,10,50,40,3,3,2,0,2,0,4,2,261234283,1274400388,2,3,9999,9999,1,9
1,97,103,97,2,0,1,33500,0,350,2024,6,7,6,2,11,5,36,19,20,3,1,2,7,1,0,0,0,0,5,9,1,70,1,2,21,45,25,4,4,31,31,1,1,1,1,11,11,3,3,10,30,3,3,2,2,2,2,4,2,261159669,1274422024,6,3,9999,9999,9,1
1,97,103,98,2,0,1,33500,0,350,2024,4,24,13,42,12,5,58,18,58,2,1,1,1,7,9,22,9,22,14,9,30,70,5,2,21,55,35,4,35,31,31,1,0,1,0,11,11,10,10,10,20,3,2,2,0,2,0,4,2,261117610,1274239791,4,3,9999,9999,9,1
1,97,103,99,2,0,1,10860,0,215,2024,5,2,18,35,13,5,51,19,2,3,2,2,14,1,0,0,0,0,3,9,1,70,4,2,21,25,1,3,4,31,31,1,1,1,1,11,11,3,3,10,30,3,3,2,2,2,2,4,2,261031699,1274459053,5,2,9999,9999,1,1
1,97,103,100,2,0,1,99000,0,350,2024,5,30,20,10,21,5,37,19,17,1,2,1,0,7,0,0,0,0,0,0,20,70,0,4,1,55,35,3,61,31,0,1,0,1,0,11,0,10,0,10,0,4,0,2,0,2,0,4,2,261205098,1274414809,5,3,9999,0,1,0
1,97,103,101,2,0,1,3310,491,348,2024,6,7,16,30,12,5,36,19,20,1,1,1,14,7,0,0,0,0,5,9,1,70,4,2,21,35,65,3,4,31,31,1,1,1,1,11,11,4,4,10,30,3,3,2,2,2,2,4,4,261120252,1274618836,6,3,9999,9999,1,9
1,97,103,102,2,0,1,3310,510,348,2024,5,11,21,36,22,5,45,19,7,2,1,1,1,1,9,22,9,22,19,9,30,70,5,2,21,45,1,3,35,31,31,1,0,1,0,11,11,4,4,70,10,3,3,2,0,2,0,4,2,261159942,1274538084,7,3,9999,9999,1,1
1,97,103,103,2,0,1,3290,681,350,2024,5,17,6,32,11,5,42,19,10,1,1,1,14,7,0,0,0,0,5,9,1,70,4,2,21,45,25,4,4,31,31,1,1,1,1,11,11,4,4,10,30,3,3,2,2,2,2,4,2,261201350,1274425238,6,3,9999,9999,9,1
1,97,103,104,2,0,1,10820,0,350,2024,5,9,12,23,12,5,46,19,6,1,2,1,14,2,0,0,0,0,5,9,1,70,1,2,21,75,55,4,36,31,31,1,0,1,0,11,11,4,10,40,20,3,3,2,0,2,0,4,2,261222795,1274321558,5,3,764,9999,9,4
1,97,103,105,2,0,1,3290,671,348,2024,5,23,17,55,12,5,39,19,13,1,1,1,7,1,0,0,0,0,5,9,1,70,4,2,21,55,25,3,3,31,31,1,1,1,1,11,11,4,4,80,60,3,3,2,2,2,2,4,2,261159770,1274458114,5,3,9999,9999,9,1
1,97,103,106,2,0,4,33500,32,215,2024,5,28,12,35,12,5,38,19,16,3,2,2,1,7,9,22,1,21,15,9,30,70,5,2,21,55,1,4,14,31,31,1,11,1,1,11,11,3,10,40,80,2,2,1,2,2,2,2,2,261137090,1274422639,3,3,9999,9999,5,1
1,97,103,107,2,0,1,3310,512,348,2024,5,24,19,45,21,5,39,19,14,2,1,2,1,1,9,22,9,22,17,9,30,70,4,2,21,75,1,4,35,31,31,1,0,1,0,11,11,4,4,40,10,2,2,2,0,2,0,4,2,261200637,1274531414,6,3,135,9999,9,1
1,97,103,108,2,0,1,10820,0,350,2024,6,10,7,15,12,5,36,19,22,1,1,2,14,7,0,0,0,0,5,9,1,70,1,2,21,25,45,3,3,31,31,1,1,1,1,11,11,3,3,10,31,2,3,1,2,2,2,4,2,261139908,1274338870,2,3,9999,9999,1,1
1,97,103,109,2,0,2,3290,693,350,2024,5,17,20,15,22,5,42,19,10,1,1,1,14,7,0,0,0,0,5,8,1,70,4,2,21,35,35,13,4,1,31,11,1,1,1,11,11,4,4,80,30,1,1,2,2,2,2,4,2,261145370,1274345397,6,3,9999,9999,1,1
1,97,103,110,2,0,1,99000,0,350,2024,6,9,12,10,12,5,36,19,21,2,1,1,0,7,0,0,0,0,0,0,20,70,0,4,1,55,45,3,61,31,0,1,0,1,0,11,0,10,0,20,0,4,0,2,0,2,0,4,2,261117848,1274232216,1,3,9999,0,9,0
1,97,103,111,2,0,1,3290,671,348,2024,6,12,19,37,21,5,36,19,22,2,1,2,1,1,9,22,0,0,18,9,30,70,5,2,1,45,65,4,61,31,0,1,0,1,0,11,0,4,0,80,0,4,0,2,0,2,0,4,2,261159950,1274459024,4,3,9999,0,1,0
1,97,103,112,2,0,1,26380,0,215,2024,6,5,17,12,12,5,36,19,19,1,2,1,1,7,1,21,9,22,15,9,30,70,4,2,21,65,65,4,4,31,31,1,1,1,1,11,11,10,2,10,40,3,3,2,2,2,2,4,2,261058696,1274636152,4,3,9999,9999,5,9
1,97,104,108,2,0,1,580,1106,205,2024,5,21,8,5,12,5,40,19,12,3,1,2,14,1,0,0,0,0,5,9,1,70,1,2,21,45,25,3,14,31,31,1,11,1,1,11,11,10,10,10,30,3,3,2,2,2,2,4,2,261645912,1274417354,3,3,9999,9999,1,1
1,97,104,109,2,0,2,3300,91,205,2024,3,24,18,13,13,6,29,18,43,1,1,1,7,2,0,0,0,0,4,9,1,70,4,2,21,35,1,3,34,31,31,1,0,1,0,11,11,3,3,80,20,3,3,2,0,2,0,4,2,261643061,1274642708,1,3,9999,9999,9,5
1,97,104,110,2,0,2,3290,559,328,2024,5,19,7,19,12,5,41,19,11,1,1,1,1,1,9,22,9,22,18,9,30,70,5,2,21,75,35,3,3,31,31,1,1,1,1,11,11,4,2,10,50,2,2,2,2,2,2,2,2,261638302,1274822684,1,3,166,9999,9,1
1,97,104,111,2,0,1,3300,81,205,2024,5,30,18,44,13,5,37,19,17,1,1,1,14,7,0,0,0,0,4,8,1,70,4,2,1,1,65,4,61,31,0,1,0,1,0,11,0,3,0,80,0,4,0,2,0,2,0,4,2,261713909,1274638489,5,3,9999,0,1,0
1,97,104,112,2,0,1,3300,75,205,2024,4,24,20,38,22,5,58,18,58,3,1,2,1,1,9,22,0,0,19,9,30,70,5,2,41,25,0,4,75,31,0,1,0,1,0,11,0,4,0,10,0,3,0,1,0,2,0,4,0,261731916,1274638244,4,3,9999,0,1,0
1,97,104,113,2,0,1,32050,0,205,2024,5,8,21,9,22,5,47,19,5,1,1,1,14,1,0,0,0,0,4,9,1,70,4,2,21,25,25,3,36,31,31,1,0,1,0,11,11,3,10,10,30,2,2,2,0,2,0,4,2,261543690,1274525524,4,3,9999,9999,1,4
1,97,104,114,2,0,2,580,1117,205,2024,4,6,22,35,22,6,15,18,49,1,1,1,1,1,9,22,9,22,18,9,30,70,5,2,21,25,1,4,35,31,31,1,0,1,0,11,11,4,4,10,10,3,2,2,0,2,0,4,2,261608119,1274358915,7,3,9999,9999,1,1
1,97,104,115,2,0,1,3300,110,205,2024,5,25,19,10,13,5,39,19,14,2,1,1,14,7,0,0,0,0,3,7,1,70,1,2,21,25,1,3,35,31,31,1,0,1,0,11,11,3,3,80,10,2,2,2,0,2,0,4,2,261558925,1274555130,7,3,9999,9999,1,1
1,97,104,116,2,0,1,32050,0,205,2024,5,23,17,17,12,5,39,19,13,2,1,1,14,7,0,0,0,0,2,9,1,70,1,3,21,25,35,4,4,31,31,1,1,1,1,11,11,10,10,50,50,2,2,2,2,2,2,4,2,261558522,1274527072,5,3,9999,9999,1,1
1,97,104,117,2,0,1,3300,76,205,2024,6,6,6,14,11,5,36,19,20,3,1,2,13,7,0,0,0,0,5,6,1,70,4,2,21,55,1,3,14,31,31,1,11,1,1,11,11,3,3,30,10,3,3,2,2,2,2,2,4,261729220,1274638694,5,3,9999,9999,1,1
1,97,104,118,2,0,1,27410,0,205,2024,3,5,9,32,12,6,49,18,33,1,1,1,1,1,9,22,0,0,17,9,30,70,5,2,1,75,75,4,61,31,0,1,0,1,0,11,0,3,0,40,0,3,0,2,0,2,0,4,2,261532958,1274432204,3,3,678,0,9,0
1,97,104,120,2,0,1,25320,0,205,2024,6,4,15,50,12,5,37,19,19,1,1,1,1,7,9,22,0,0,14,7,30,70,5,2,1,65,1,7,61,31,0,1,0,1,0,11,0,2,0,40,0,4,0,2,0,2,0,4,2,261532468,1274601114,3,3,9999,0,1,0
1,97,104,121,2,0,2,33280,0,328,2024,4,13,18,40,13,6,8,18,52,1,1,1,1,7,9,22,9,22,15,9,30,70,4,3,21,1,1,3,4,31,31,1,1,1,1,11,11,10,3,10,40,3,2,2,2,2,2,4,2,261509997,1274616655,7,3,9999,9999,1,1
1,97,104,122,2,0,1,32050,0,205,2024,6,10,20,23,22,5,36,19,22,3,1,2,14,7,0,0,0,0,3,9,1,70,4,2,21,25,1,4,36,31,31,1,0,2,0,1,1,3,10,10,30,3,3,2,0,2,0,4,2,261622735,1274602737,2,3,9999,9999,1,5