data_category,prefecture_code,police_station_code,report_id,accident_details_code,fatalities,injured_persons,route_code,location_code,municipality_code,occurence_year,occurence_month,occurence_date,occurence_hour,occurence_minute,day_night_code,sunrise_hour,sunrise_minute,sunset_hour,sunset_minute,weather_code,terrain_code,road_condition_code,road_config_code,traffic_signal_code,stop_reg_signage_code_party_a,stop_reg_roadmarking_code_party_a,stop_reg_signage_code_party_b,stop_reg_roadmarking_code_party_b,road_width_code,road_alignment_code,collision_point_code,zone_reg_code,median_facility_code,pedestrian_vehicle_separation_code,accident_type_code,age_party_a,age_party_b,party_type_code_party_a,party_type_code_party_b,vehicle_use_code_party_a,vehicle_use_code_party_b,vehicle_shape_code_party_a,vehicle_shape_code_party_b,auto_transm_code_party_a,auto_transm_code_party_b,safety_feature_code_party_a,safety_feature_code_party_b,speed_reg_code_party_a,speed_reg_code_party_b,vehicle_impact_point_code_party_a,vehicle_impact_point_code_party_b,vehicle_damage_level_party_a,vehicle_damage_level_party_b,airbag_code_party_a,airbag_code_party_b,side_airbag_code_party_a,side_airbag_code_party_b,injury_severity_code_party_a,injury_severity_code_party_b,latitude_north,longitude_east,occurence_day_code,public_holiday_code,days_since_cognitive_test_party_a,days_since_cognitive_test_party_b,driving_practice_method_code_party_a,driving_practice_method_code_party_b
1,97,104,123,2,0,1,3300,104,205,2024,5,30,15,21,12,5,37,19,17,1,1,1,14,7,0,0,0,0,4,9,1,70,4,2,21,65,1,4,35,31,31,1,0,1,0,11,11,3,3,50,10,3,2,2,0,2,0,4,2,261614419,1274611870,5,3,9999,9999,9,5
1,97,104,124,2,0,1,3300,110,205,2024,6,8,13,52,12,5,36,19,21,2,1,2,14,7,0,0,0,0,5,9,1,70,4,2,21,25,35,3,4,31,31,1,1,1,1,11,11,3,3,10,30,3,3,2,2,2,2,4,2,261559926,1274556769,7,3,9999,9999,1,5
1,97,104,125,2,0,2,10290,0,328,2024,5,12,13,13,12,5,44,19,7,1,2,1,1,1,9,22,9,22,15,9,30,70,5,2,21,35,45,3,4,31,31,1,1,1,1,11,11,3,3,40,10,3,3,2,2,2,2,2,4,261508492,1274621446,1,3,9999,9999,1,1
1,97,104,126,2,0,1,99000,0,328,2024,6,14,15,58,12,5,36,19,23,3,3,2,0,7,0,0,0,0,0,0,20,70,0,4,21,75,25,3,4,31,31,1,1,1,1,11,11,10,10,80,80,3,3,2,2,2,2,4,2,261511095,1274624182,6,3,154,9999,9,1
1,97,104,127,2,0,1,580,1087,205,2024,5,29,12,22,12,5,38,19,16,2,1,1,7,1,0,0,0,0,5,9,1,70,1,2,21,25,25,3,4,31,31,1,1,1,1,1,1,4,4,10,30,3,3,2,2,2,2,4,2,261711231,1274520765,4,3,9999,9999,1,1
1,97,104,128,2,0,1,32050,0,205,2024,5,31,7,43,12,5,37,19,17,1,1,1,1,7,9,22,9,22,15,7,30,70,4,2,21,45,45,14,35,31,31,11,0,1,0,11,11,3,3,10,10,3,2,2,0,2,0,4,2,261526543,1274420692,6,3,9999,9999,9,3
1,97,104,129,2,0,2,580,1121,205,2024,5,23,14,40,12,5,39,19,13,2,1,1,7,1,0,0,0,0,6,9,1,70,1,2,21,1,55,4,4,31,31,1,1,1,1,11,11,4,4,10,30,3,3,2,2,2,2,4,2,261604692,1274347582,5,3,9999,9999,1,9
1,97,104,130,2,0,1,25340,0,205,2024,5,17,17,30,12,5,42,19,10,1,1,1,14,7,0,0,0,0,4,7,1,70,4,2,1,55,45,3,61,31,0,1,0,1,0,1,0,3,0,10,0,3,0,2,0,2,0,4,2,261526129,1274503553,6,3,9999,0,9,0
1,97,104,131,2,0,1,32050,0,205,2024,6,15,20,50,22,5,37,19,23,3,1,2,1,7,9,22,9,22,15,9,30,70,5,2,21,55,1,4,51,31,41,1,0,1,0,11,0,2,0,20,10,3,4,2,0,2,0,4,2,261536400,1274455651,7,3,9999,0,9,0
1,97,104,132,2,0,7,580,1088,205,2024,6,15,14,16,12,5,37,19,23,2,1,1,14,7,0,0,0,0,6,8,1,70,1,2,21,25,45,3,3,31,31,1,1,1,1,11,11,4,4,88,65,2,2,1,2,1,2,4,2,261708498,1274519012,7,3,9999,9999,1,1
1,97,104,133,2,0,1,3300,74,205,2024,6,12,8,25,12,5,36,19,22,2,1,1,14,7,0,0,0,0,5,9,1,70,1,2,21,25,45,3,4,31,31,1,1,1,1,11,11,4,4,10,30,3,3,2,2,2,2,4,2,261733785,1274640138,4,3,0,9999,0,9
1,97,104,134,2,0,1,25340,0,205,2024,5,8,17,8,12,5,47,19,5,1,1,1,1,1,9,22,0,0,18,8,30,70,5,2,1,25,1,51,61,41,0,0,0,0,0,0,0,0,0,10,0,3,0,0,0,0,0,4,2,261531219,1274452152,4,3,0,0,0,0
1,97,104,135,2,0,1,3300,110,205,2024,6,17,8,12,12,5,37,19,24,1,1,1,1,7,9,22,9,22,17,9,30,70,4,2,21,35,1,3,35,31,31,1,0,1,0,11,11,3,3,10,20,3,2,2,0,2,0,4,2,261559796,1274556225,2,3,9999,9999,5,1
1,97,104,136,2,0,1,3290,567,328,2024,6,8,14,55,12,5,36,19,21,2,3,1,14,7,0,0,0,0,5,8,1,70,4,2,1,45,1,14,61,31,0,11,0,1,0,11,0,4,0,80,0,4,0,2,0,2,0,4,2,261634716,1274758110,7,3,9999,0,9,0
1,97,104,137,2,0,1,3300,114,205,2024,6,10,10,50,12,5,36,19,22,1,1,1,14,7,0,0,0,0,2,9,1,70,1,2,21,45,65,14,51,31,41,11,0,1,0,11,0,10,0,10,20,3,3,2,0,2,0,4,2,261549532,1274545126,2,3,9999,0,1,0
1,97,105,141,2,0,1,10230,485,211,2024,4,7,0,7,22,6,14,18,49,2,1,2,13,7,0,0,0,0,5,4,1,70,4,2,21,45,45,3,3,31,31,1,1,1,1,11,11,4,4,50,52,2,2,1,1,2,2,4,2,261958796,1274913778,1,3,9999,9999,1,1
1,97,105,148,2,0,2,580,1069,326,2024,4,19,15,20,12,6,2,18,55,1,1,1,1,1,9,22,9,22,18,9,30,70,5,2,21,35,1,3,3,1,31,1,1,1,2,11,11,5,5,50,80,3,2,2,2,2,2,2,2,261806304,1274541360,6,3,9999,9999,4,1
1,97,105,156,2,0,2,10850,0,211,2024,6,2,11,58,12,5,37,19,18,3,1,2,14,7,0,0,0,0,5,8,1,70,1,2,21,1,1,4,4,31,31,1,1,1,1,11,11,4,4,10,30,3,3,2,2,2,2,4,2,262112802,1274817086,1,3,0,9999,0,1
1,97,105,157,2,0,1,27240,0,211,2024,5,1,17,15,12,5,52,19,1,2,1,1,1,7,9,22,9,22,15,8,30,70,4,2,21,65,55,3,36,31,31,1,0,1,0,11,11,3,10,10,10,3,2,2,0,2,0,4,2,262145187,1274919121,4,3,9999,9999,9,5
1,97,105,159,2,0,1,32110,0,211,2024,5,14,16,52,12,5,43,19,8,3,1,2,1,7,9,22,9,22,15,9,30,70,5,4,21,45,1,3,35,31,31,1,0,1,0,11,11,10,10,80,20,3,2,2,0,2,0,4,2,261853651,1274945545,3,3,9999,9999,9,1
1,97,105,161,2,0,1,3300,52,327,2024,6,6,14,18,12,5,36,19,20,3,1,2,14,7,0,0,0,0,3,9,1,70,1,2,21,25,1,3,13,31,31,1,11,1,1,11,11,4,4,30,10,3,3,2,2,2,2,2,4,261834697,1274703656,5,3,9999,9999,1,1
1,97,105,162,2,0,1,3300,43,327,2024,6,3,14,48,12,5,37,19,19,1,2,1,14,7,0,0,0,0,3,7,1,70,1,2,21,25,1,3,4,31,31,1,1,1,1,11,11,4,4,80,60,3,3,2,2,2,2,2,4,261849453,1274729738,2,3,9999,9999,1,1
1,97,105,163,2,0,1,27240,0,211,2024,5,28,19,48,21,5,38,19,16,3,1,2,7,7,0,0,0,0,3,9,1,70,4,2,21,1,35,4,4,31,31,1,1,1,1,11,11,3,3,50,70,2,3,2,2,2,2,4,2,262035272,1274931339,3,3,9999,9999,1,1
1,97,105,164,2,0,1,32110,0,211,2024,5,17,22,17,22,5,42,19,10,2,1,1,7,1,0,0,0,0,4,7,1,70,4,2,21,55,25,3,35,31,31,1,0,1,0,11,11,2,2,10,30,3,2,2,0,2,0,4,2,261931832,1274656852,6,3,9999,9999,1,9
1,97,105,165,2,0,2,99000,0,326,2024,5,26,19,20,21,5,38,19,15,1,1,1,0,7,0,0,0,0,0,0,20,70,0,4,21,45,1,3,4,31,31,1,1,1,1,11,11,10,10,0,60,3,3,2,2,2,2,2,4,261859933,1274524646,1,3,9999,9999,1,5
1,97,105,166,2,0,1,25200,0,211,2024,4,30,13,0,12,5,53,19,1,1,1,1,7,7,0,0,0,0,3,9,1,70,4,2,21,55,1,3,4,31,31,1,1,1,1,11,11,3,3,30,10,2,3,2,2,2,2,2,4,261922246,1274944472,3,3,9999,9999,9,1
1,97,105,167,2,0,1,27240,0,211,2024,5,10,14,50,12,5,46,19,6,1,1,1,14,7,0,0,0,0,3,9,1,70,4,2,21,75,55,3,4,31,31,1,1,1,1,11,11,3,3,40,20,3,3,2,2,2,2,4,2,262043498,1274933924,6,3,9999,9999,9,9
1,97,105,168,2,0,1,3290,503,211,2024,5,13,7,50,12,5,44,19,8,3,1,2,1,1,9,22,9,22,18,7,30,70,5,2,21,25,55,3,3,31,31,1,1,1,1,11,11,10,4,50,10,2,2,2,2,2,2,4,2,261903724,1274910672,2,3,9999,9999,1,9
1,97,105,169,2,0,1,32110,0,211,2024,5,2,8,6,12,5,51,19,2,3,1,2,1,7,9,22,9,22,15,8,30,70,5,2,21,25,55,3,4,31,31,1,1,1,1,11,11,10,10,50,50,3,3,2,2,2,2,2,4,261949559,1274713538,5,2,9999,9999,1,9
1,97,105,170,1,1,0,26300,0,326,2024,6,17,1,2,22,5,37,19,24,2,2,1,13,7,0,0,0,0,4,6,1,70,1,2,1,65,35,4,61,31,0,1,0,1,0,11,0,4,0,10,0,3,0,2,0,2,0,4,1,261821208,1274630860,2,3,9999,0,9,0
1,97,105,171,2,0,1,580,1044,326,2024,6,3,18,37,13,5,37,19,19,1,1,1,1,1,9,22,9,22,18,9,30,70,5,2,21,35,1,3,35,31,31,1,0,1,0,11,11,5,5,40,10,3,3,2,0,2,0,4,2,261921698,1274526442,2,3,9999,9999,5,1
1,97,105,172,2,0,1,10750,0,211,2024,6,3,10,10,12,5,37,19,19,3,1,2,14,7,0,0,0,0,4,9,1,70,4,2,21,25,65,4,14,31,31,1,11,1,1,11,11,3,3,30,10,3,3,2,2,2,2,2,4,262028046,1274905225,2,3,9999,9999,1,9
1,97,105,173,2,0,1,3300,13,211,2024,5,30,17,3,12,5,37,19,17,2,1,1,14,7,0,0,0,0,4,9,1,70,4,2,21,35,1,3,4,31,31,1,1,1,1,11,11,3,3,70,50,2,2,2,2,2,2,2,4,262015104,1274809763,5,3,9999,9999,1,1
1,97,105,174,2,0,2,3300,22,211,2024,4,5,5,41,23,6,16,18,48,2,1,1,1,1,9,22,9,22,15,8,30,70,5,2,21,55,1,4,4,31,31,1,1,1,1,11,11,3,3,60,80,4,3,2,2,2,2,4,2,261954095,1274750575,6,3,0,9999,0,1
1,97,105,175,2,0,1,3290,483,211,2024,5,14,18,35,13,5,43,19,8,2,1,2,14,1,0,0,0,0,5,9,1,70,4,2,21,55,1,1,4,1,31,1,1,1,1,11,11,4,4,50,70,3,3,2,2,2,2,4,4,262002908,1274907576,3,3,9999,0,9,0
1,97,105,176,2,0,2,33260,0,326,2024,6,14,11,4,12,5,36,19,23,3,1,2,14,7,0,0,0,0,3,9,1,70,4,2,21,55,35,4,4,31,31,1,1,1,1,11,11,2,2,10,30,4,3,2,2,2,2,4,2,261935998,1274607684,6,3,9999,9999,9,1
1,97,105,177,2,0,1,580,1055,326,2024,5,10,9,15,12,5,46,19,6,1,1,1,14,7,0,0,0,0,6,9,1,70,1,2,21,35,25,13,4,31,31,11,1,1,1,11,11,10,10,30,10,4,3,2,1,2,2,2,4,261849666,1274540910,6,3,9999,9999,1,1
1,97,105,178,2,0,2,32110,0,211,2024,6,4,7,46,12,5,37,19,19,1,1,1,1,7,8,22,9,21,15,9,30,70,5,2,21,35,1,3,34,31,31,1,0,1,0,11,11,10,10,0,40,4,3,2,0,2,0,4,2,261831583,1274855116,3,3,9999,9999,5,1
1,97,105,179,2,0,1,580,1034,326,2024,5,30,20,18,22,5,37,19,17,1,1,1,7,1,0,0,0,0,4,9,1,70,1,2,21,65,35,4,4,31,31,1,1,1,1,11,11,5,5,50,40,2,3,2,2,2,2,4,2,261951942,1274506325,5,3,9999,9999,9,1
1,97,105,180,2,0,1,32110,0,211,2024,5,31,16,15,12,5,37,19,17,2,1,1,14,7,0,0,0,0,3,9,1,70,4,2,1,45,65,4,61,31,0,1,0,1,0,11,0,3,0,50,0,4,0,2,0,2,0,4,2,262003908,1275000290,6,3,9999,0,9,0
1,97,105,181,2,0,1,32110,0,211,2024,6,10,17,0,12,5,36,19,22,3,1,2,1,7,9,22,9,22,14,8,30,70,4,2,21,1,1,3,3,31,31,1,1,1,1,11,11,10,3,50,40,3,3,2,2,2,2,4,2,262018337,1274937661,2,3,9999,9999,1,1
1,97,105,182,2,0,1,25360,0,211,2024,5,22,11,35,12,5,40,19,13,3,2,2,14,7,0,0,0,0,3,9,1,70,4,2,21,45,1,12,3,1,31,11,1,1,1,11,11,4,4,60,10,3,2,2,2,2,2,2,4,262224740,1274933316,4,3,9999,0,1,0
1,97,105,183,2,0,1,99000,0,211,2024,6,1,18,16,12,5,37,19,18,3,1,2,0,7,0,0,0,0,0,0,20,70,0,4,21,65,55,4,4,31,31,1,1,1,1,11,11,10,10,70,60,3,3,2,2,2,2,4,2,261945898,1274800400,7,3,9999,9999,9,9
1,97,105,184,2,0,1,580,1069,326,2024,5,20,16,25,12,5,40,19,12,1,1,1,7,1,0,0,0,0,6,9,1,70,1,2,21,55,25,3,3,31,31,1,1,1,1,11,11,10,10,10,30,3,3,2,2,2,2,4,2,261805681,1274541220,2,3,9999,9999,9,1
1,97,105,185,2,0,1,10740,0,211,2024,6,2,13,47,12,5,37,19,18,3,3,2,7,1,0,0,0,0,4,9,1,70,1,2,21,55,65,3,4,31,31,1,1,1,1,11,11,4,4,30,10,3,3,2,2,2,2,2,4,262143592,1274738612,1,3,9999,9999,9,9
1,97,106,31,2,0,1,580,957,324,2024,5,22,7,25,12,5,40,19,13,3,3,2,13,7,0,0,0,0,6,6,1,70,1,2,21,45,25,3,4,31,31,1,1,1,1,11,11,5,5,30,10,3,3,2,2,2,2,2,4,262331564,1274519206,4,3,9999,9999,9,1
1,97,106,32,2,0,1,33240,0,324,2024,5,28,15,30,12,5,38,19,16,3,3,2,1,7,9,21,9,22,11,9,30,70,5,2,21,45,35,3,3,31,31,1,1,1,1,11,11,10,10,20,10,2,2,2,2,2,2,4,2,262401044,1274422466,3,3,9999,9999,5,1
1,97,106,33,2,0,1,33240,0,324,2024,5,30,20,14,21,5,37,19,17,1,1,1,1,7,9,22,9,22,14,9,30,70,5,2,21,45,1,4,34,31,31,1,0,1,0,11,11,10,2,80,21,3,3,2,0,2,0,4,2,262310406,1274340382,5,3,9999,9999,1,1
1,97,106,34,2,0,3,580,928,324,2024,5,28,14,38,12,5,38,19,16,3,3,2,7,1,0,0,0,0,5,9,1,70,1,2,21,25,1,3,14,31,31,1,11,1,2,11,11,5,5,30,10,2,3,2,2,2,2,2,4,262456009,1274556948,3,3,9999,9999,1,1
1,97,106,35,2,0,1,33250,0,325,2024,6,5,15,43,12,5,36,19,19,2,1,1,1,7,9,22,9,22,11,9,30,70,5,4,21,65,75,4,51,31,41,1,0,1,0,11,0,10,0,10,10,3,3,2,0,2,0,4,2,262158475,1274528699,4,3,9999,0,9,0
1,97,107,42,2,0,1,25080,0,213,2024,6,4,11,5,12,5,37,19,19,1,2,1,14,7,0,0,0,0,3,9,1,70,4,2,21,55,35,3,4,31,31,1,1,1,1,11,11,3,3,30,10,3,3,2,1,2,2,4,4,262155224,1275204411,3,3,9999,9999,4,1
1,97,107,43,2,0,1,10750,0,213,2024,5,24,11,19,12,5,39,19,14,3,1,2,7,1,0,0,0,0,4,9,1,70,4,2,21,35,25,4,4,31,31,1,1,1,1,11,11,3,3,10,31,3,2,2,2,2,2,4,4,262222148,1275110231,6,3,9999,9999,1,1
1,97,107,44,2,0,3,27550,409,213,2024,6,8,19,28,21,5,36,19,21,3,2,2,1,1,9,22,9,22,15,9,30,70,5,2,21,1,75,4,14,31,31,1,11,1,1,11,11,4,10,10,20,2,3,1,2,2,2,2,4,262331441,1274956496,7,3,9999,113,1,9
1,97,107,45,2,0,1,25080,0,213,2024,4,28,10,57,12,5,54,19,0,2,2,1,1,7,9,22,9,22,14,9,30,70,4,2,21,25,45,4,31,31,31,1,0,2,0,11,11,10,3,0,20,4,3,2,0,2,0,4,2,262204624,1275156506,1,2,9999,9999,1,1
1,97,107,46,2,0,1,99000,0,213,2024,6,10,21,58,22,5,36,19,22,3,2,2,0,7,0,0,0,0,0,0,20,70,0,4,1,1,35,4,61,31,0,1,0,1,0,11,0,10,0,80,0,4,0,2,0,2,0,4,2,262017837,1275221907,2,3,9999,0,1,0
1,97,107,47,2,0,1,27240,0,213,2024,6,12,17,55,12,5,36,19,22,3,2,2,1,7,1,21,9,22,15,8,30,70,4,2,21,45,55,14,51,31,41,11,0,1,0,11,0,10,0,20,10,3,3,2,0,2,0,4,2,262126723,1275057858,4,3,9999,0,1,0
1,97,107,48,1,1,0,25160,0,213,2024,6,22,9,25,12,5,38,19,25,1,2,1,1,2,9,22,0,0,14,9,30,70,5,2,1,65,75,14,61,31,0,11,0,1,0,11,0,3,0,10,0,3,0,2,0,2,0,4,1,262014395,1275225280,7,3,9999,0,9,0
1,97,107,49,2,0,1,10750,0,213,2024,6,12,17,24,12,5,36,19,22,3,3,2,14,1,0,0,0,0,3,9,1,70,4,2,21,1,45,4,14,31,31,1,11,1,1,11,11,3,3,10,30,3,3,2,2,2,2,4,2,262337061,1275111131,4,3,9999,9999,1,1
1,97,107,50,1,1,0,27550,407,213,2024,6,26,9,35,12,5,39,19,26,1,2,1,14,7,0,0,0,0,4,9,1,70,4,2,21,25,35,13,35,1,31,11,0,1,0,11,11,4,4,30,10,3,1,2,0,2,0,4,1,262340556,1274957227,4,3,9999,9999,1,1
1,97,108,29,2,0,1,580,718,311,2024,5,16,23,10,22,5,42,19,9,1,1,1,1,7,9,22,9,22,14,9,30,70,4,2,21,65,35,14,32,31,31,11,0,2,0,11,11,4,4,50,20,2,1,2,0,2,0,4,2,263056772,1275505588,5,3,9999,9999,9,1
1,97,108,30,2,0,1,3290,258,314,2024,6,8,21,50,22,5,36,19,21,2,1,2,7,1,0,0,0,0,4,9,1,70,4,2,21,45,55,4,4,31,31,1,1,1,1,11,11,3,3,80,60,3,3,2,2,2,2,4,2,262714008,1275452574,7,3,9999,9999,9,9
1,97,108,31,2,0,1,3290,393,213,2024,5,7,9,16,12,5,48,19,5,1,2,1,1,1,9,22,9,22,18,9,30,70,5,2,21,35,25,3,14,31,31,1,11,1,2,11,11,5,5,30,10,3,3,2,2,2,2,2,4,262452859,1274903655,3,3,9999,9999,1,1
1,97,109,61,2,0,10,580,574,209,2024,5,28,16,4,12,5,38,19,16,3,1,2,14,7,0,0,0,0,3,9,1,70,1,2,21,35,25,3,13,31,31,1,11,1,1,11,11,5,5,10,31,1,3,1,2,2,2,4,2,263537677,1275810335,3,3,9999,9999,1,5
1,97,109,62,2,0,1,580,556,209,2024,6,5,19,40,21,5,36,19,19,1,1,1,7,1,0,0,0,0,3,9,1,70,1,2,21,75,1,4,4,31,31,1,1,1,1,11,11,4,4,10,30,2,2,2,2,2,2,4,4,263615174,1275831458,4,3,463,9999,9,1
1,97,109,63,2,0,2,99000,0,303,2024,3,18,13,10,12,6,35,18,40,1,3,1,0,7,0,0,0,0,0,0,20,70,0,2,41,75,0,4,75,31,0,1,0,1,0,11,0,10,0,10,0,2,0,1,0,2,0,4,0,263833414,1280941177,2,3,91,0,9,0
1,97,109,64,2,0,1,580,589,209,2024,5,19,7,55,12,5,41,19,11,1,1,1,7,1,0,0,0,0,5,9,1,70,1,2,21,75,55,4,31,31,31,1,0,1,0,11,11,5,5,10,31,3,3,2,0,2,0,4,2,263515464,1275856986,1,3,824,9999,9,9
1,97,109,65,2,0,1,32090,0,209,2024,6,11,21,50,22,5,36,19,22,3,1,2,14,7,0,0,0,0,4,9,1,70,4,2,1,1,25,3,61,31,0,1,0,1,0,11,0,3,0,10,0,3,0,2,0,2,0,4,2,263550028,1275751595,3,3,9999,0,1,0
1,97,109,66,2,0,1,32090,0,209,2024,4,20,0,30,22,6,1,18,56,1,1,1,1,3,9,22,9,22,15,9,30,70,5,2,21,1,1,4,35,31,31,1,0,1,0,11,11,2,2,80,10,3,2,2,0,2,0,4,2,263541903,1275828751,7,3,9999,0,1,0
1,97,109,67,2,0,1,99000,0,209,2024,5,13,17,45,12,5,44,19,8,2,1,2,0,7,0,0,0,0,0,0,20,70,0,4,1,35,75,3,61,31,0,1,0,1,0,11,0,10,0,70,0,4,0,2,0,2,0,4,2,263521883,1275905917,2,3,9999,0,4,0
1,97,109,68,2,0,2,580,546,209,2024,6,12,16,26,12,5,36,19,22,3,1,2,1,1,9,22,9,22,18,9,30,70,5,2,21,1,75,4,4,31,31,1,1,1,1,11,11,4,4,81,10,3,3,2,2,2,2,4,4,263629682,1275901205,4,3,9999,106,1,9
1,97,109,69,1,1,2,3310,166,209,2024,6,23,9,6,12,5,38,19,25,1,3,1,14,7,0,0,0,0,4,7,1,70,4,2,21,55,55,31,34,31,31,0,0,0,0,11,11,3,3,13,12,3,2,0,0,0,0,1,2,263436052,1280724240,1,3,9999,9999,9,9
1,97,109,70,1,1,1,4490,0,209,2024,6,28,10,13,12,5,39,19,26,1,3,1,14,7,0,0,0,0,4,9,1,70,1,2,1,55,65,11,61,1,0,11,0,2,0,11,0,4,0,10,0,4,0,2,0,2,0,4,2,263634783,1275533103,6,3,9999,0,9,0
1,97,109,71,2,0,4,4490,593,209,2024,6,28,23,5,22,5,39,19,26,1,1,1,14,1,0,0,0,0,5,9,1,70,1,2,21,25,35,4,4,31,31,1,1,1,1,11,11,5,5,10,31,3,3,2,2,2,2,4,2,263503736,1275903455,6,3,9999,9999,1,1
1,97,109,72,2,0,1,32090,0,209,2024,6,25,12,15,12,5,39,19,25,1,1,1,7,1,0,0,0,0,3,9,1,70,4,2,21,35,25,3,4,31,31,1,1,1,1,11,11,3,10,40,80,3,3,2,2,2,2,2,4,263616816,1275733642,3,3,9999,9999,1,1
1,97,110,15,2,0,4,4490,0,308,2024,5,29,13,42,12,5,38,19,16,1,3,1,1,7,9,22,9,22,18,9,30,70,1,2,21,65,1,11,3,31,31,11,1,2,1,11,11,10,10,70,60,3,3,2,2,2,2,4,2,263630964,1275343541,4,3,9999,9999,9,1
1,97,110,16,2,0,1,5050,0,306,2024,6,18,10,39,12,5,37,19,24,3,3,2,13,7,0,0,0,0,3,5,1,70,4,2,21,55,35,13,4,31,31,11,1,1,1,11,11,3,3,10,38,3,2,2,2,2,2,4,2,264135959,1275719264,3,3,9999,9999,9,1
1,97,110,18,2,0,1,85000,0,308,2024,6,10,7,24,12,5,36,19,22,1,3,1,14,7,0,0,0,0,4,9,1,70,5,2,21,25,25,3,13,31,31,1,11,1,1,11,11,10,10,30,20,3,3,2,2,2,2,4,2,263820879,1275251146,2,3,9999,9999,1,1
1,97,111,32,2,0,1,26900,0,214,2024,4,27,18,5,13,5,55,18,59,1,3,1,1,7,9,22,0,0,14,9,30,70,4,2,1,45,75,3,61,31,0,1,0,1,0,11,0,3,0,50,0,3,0,2,0,2,0,4,2,244404106,1252027388,7,3,9999,0,1,0
1,97,111,33,2,0,1,33630,0,214,2024,5,2,10,10,12,5,51,19,2,3,1,2,1,1,9,22,0,0,15,9,30,70,5,2,1,35,65,3,61,31,0,1,0,1,0,11,0,3,0,10,0,3,0,2,0,2,0,4,2,244748278,1251731394,5,2,9999,0,1,0
1,97,111,34,2,0,1,33630,0,214,2024,5,12,14,35,12,5,44,19,7,1,3,1,1,7,1,21,9,22,15,9,30,70,4,2,21,35,1,3,4,31,31,1,1,1,1,11,11,10,2,10,40,2,2,2,2,2,2,4,2,244721016,1251602204,1,3,9999,9999,9,1
1,97,111,35,2,0,1,33630,0,214,2024,5,26,18,8,12,5,38,19,15,1,1,1,1,7,9,22,9,22,14,9,30,70,4,2,21,25,65,4,51,31,41,1,0,1,0,11,0,10,0,80,12,3,3,2,0,2,0,4,2,244842412,1251652766,1,3,9999,0,1,0
1,97,111,36,2,0,1,10780,0,214,2024,5,21,16,43,12,5,40,19,12,2,2,1,1,1,9,22,9,22,18,9,30,70,5,2,21,35,55,4,4,31,31,1,1,1,1,11,11,4,3,0,50,2,2,2,2,2,2,2,4,244713704,1251825301,3,3,9999,9999,1,9
1,97,111,37,2,0,1,10830,0,214,2024,6,9,10,3,12,5,36,19,21,1,1,1,1,7,1,21,9,22,11,9,30,70,5,2,21,65,75,14,51,31,41,11,0,2,0,11,0,10,0,10,40,3,3,2,0,2,0,4,2,244831172,1251706374,1,3,9999,0,9,0
1,97,111,38,2,0,2,27520,0,214,2024,4,27,15,20,12,5,55,18,59,1,3,1,14,7,0,0,0,0,4,9,1,70,4,2,21,45,35,13,4,31,31,11,1,1,1,11,11,4,4,60,80,3,3,2,2,2,2,2,4,244835932,1251306931,7,3,9999,9999,1,1
1,97,111,39,2,0,1,10780,0,214,2024,5,8,19,19,21,5,47,19,5,1,1,1,1,1,9,22,9,22,19,9,30,70,5,2,21,55,35,4,4,31,31,1,1,1,1,11,11,4,3,80,10,2,2,2,2,2,2,4,4,244713974,1251824952,4,3,9999,9999,9,1
1,97,112,36,2,0,1,32070,0,207,2024,4,17,13,54,12,6,4,18,54,1,1,1,7,1,0,0,0,0,3,9,1,70,4,2,21,45,35,14,51,31,41,11,0,1,0,11,0,3,0,40,20,3,3,2,0,2,0,4,2,242039343,1240951541,4,3,9999,0,1,0
1,97,112,37,2,0,1,3900,0,207,2024,5,24,14,55,12,5,39,19,14,1,3,1,1,7,9,22,9,22,15,9,30,70,5,2,21,65,35,11,31,31,31,11,0,2,0,11,11,3,3,50,10,3,3,2,0,2,0,4,2,242401357,1241426012,6,3,9999,9999,9,1
1,97,112,38,2,0,1,32070,0,207,2024,5,30,11,59,12,5,37,19,17,1,1,1,7,7,0,0,0,0,3,9,1,70,5,2,21,45,25,4,4,31,31,1,1,1,1,11,11,10,10,10,30,3,3,2,2,2,2,4,2,242023968,1241118031,5,3,9999,9999,9,1
1,97,112,39,2,0,1,32070,0,207,2024,6,17,15,32,12,5,37,19,24,1,1,1,14,1,0,0,0,0,4,9,1,70,4,2,21,35,45,3,4,31,31,1,1,1,1,11,11,3,3,30,10,3,3,2,2,2,2,2,4,242027668,1240908820,2,3,9999,9999,1,5
1,97,112,40,2,0,1,3900,0,207,2024,6,3,17,30,12,5,37,19,19,2,3,1,1,1,9,22,9,22,15,3,30,70,5,2,21,1,45,3,4,31,31,1,1,1,1,11,11,3,3,30,10,3,3,2,2,2,2,2,4,242114202,1241156738,2,3,9999,9999,1,9
1,97,113,135,2,0,1,580,1128,208,2024,6,1,15,14,12,5,37,19,18,3,1,2,14,7,0,0,0,0,5,9,1,70,1,2,21,65,55,3,3,31,31,1,1,1,1,11,11,4,4,40,50,3,3,2,2,2,2,4,2,261558903,1274322944,7,3,9999,9999,9,1
1,97,113,137,2,0,1,3290,645,329,2024,5,13,8,42,12,5,44,19,8,3,1,2,7,1,0,0,0,0,5,9,1,70,4,2,21,1,25,4,4,31,31,1,1,1,1,11,11,4,4,10,30,3,3,2,2,2,2,4,2,261304660,1274550958,2,3,9999,9999,1,1