data_category,prefecture_code,police_station_code,report_id,accident_details_code,fatalities,injured_persons,route_code,location_code,municipality_code,occurence_year,occurence_month,occurence_date,occurence_hour,occurence_minute,day_night_code,sunrise_hour,sunrise_minute,sunset_hour,sunset_minute,weather_code,terrain_code,road_condition_code,road_config_code,traffic_signal_code,stop_reg_signage_code_party_a,stop_reg_roadmarking_code_party_a,stop_reg_signage_code_party_b,stop_reg_roadmarking_code_party_b,road_width_code,road_alignment_code,collision_point_code,zone_reg_code,median_facility_code,pedestrian_vehicle_separation_code,accident_type_code,age_party_a,age_party_b,party_type_code_party_a,party_type_code_party_b,vehicle_use_code_party_a,vehicle_use_code_party_b,vehicle_shape_code_party_a,vehicle_shape_code_party_b,auto_transm_code_party_a,auto_transm_code_party_b,safety_feature_code_party_a,safety_feature_code_party_b,speed_reg_code_party_a,speed_reg_code_party_b,vehicle_impact_point_code_party_a,vehicle_impact_point_code_party_b,vehicle_damage_level_party_a,vehicle_damage_level_party_b,airbag_code_party_a,airbag_code_party_b,side_airbag_code_party_a,side_airbag_code_party_b,injury_severity_code_party_a,injury_severity_code_party_b,latitude_north,longitude_east,occurence_day_code,public_holiday_code,days_since_cognitive_test_party_a,days_since_cognitive_test_party_b,driving_practice_method_code_party_a,driving_practice_method_code_party_b
1,97,113,138,2,0,1,33290,0,329,2024,6,3,6,32,11,5,37,19,19,3,1,2,1,2,9,22,1,21,14,9,30,70,4,2,21,1,55,4,14,31,31,1,11,1,1,11,11,3,1,40,10,3,3,2,2,2,2,2,4,261326836,1274606625,2,3,9999,9999,1,9
1,97,113,139,2,0,1,32080,0,208,2024,6,3,9,42,12,5,37,19,19,3,1,2,1,4,9,22,9,22,15,9,30,70,5,2,21,35,35,4,14,31,31,1,11,1,2,1,1,2,2,46,11,3,3,2,2,2,2,2,4,261525560,1274309408,2,3,9999,9999,1,1
1,97,113,140,2,0,1,580,1169,208,2024,5,15,17,24,12,5,43,19,9,1,1,1,1,1,9,22,9,22,15,9,30,70,5,2,21,1,55,4,35,31,31,1,0,1,0,11,11,4,4,50,11,3,2,2,0,2,0,4,2,261440286,1274136056,4,3,9999,9999,5,9
1,97,113,141,2,0,1,32080,0,208,2024,6,7,8,14,12,5,36,19,20,3,1,2,1,7,9,22,9,22,15,9,30,70,4,4,21,35,25,3,34,31,31,1,0,1,0,11,11,10,10,0,0,4,3,2,0,2,0,4,2,261505677,1274300959,6,3,9999,9999,1,1
1,97,113,142,2,0,1,27510,0,208,2024,6,5,12,35,12,5,36,19,19,1,1,1,1,7,9,22,9,22,14,9,30,70,4,2,21,25,55,3,36,31,31,1,0,1,0,11,11,3,10,10,30,3,3,2,0,2,0,4,2,261507412,1274257406,4,3,9999,9999,1,9
1,97,113,143,2,0,1,3300,138,208,2024,5,10,21,16,22,5,46,19,6,1,1,1,1,1,9,22,9,22,18,9,30,70,5,2,21,1,45,4,35,31,31,1,0,1,0,11,11,3,4,20,10,3,3,2,0,2,0,4,2,261457725,1274446864,6,3,0,9999,0,1
1,97,113,144,2,0,1,580,1165,208,2024,6,4,16,29,12,5,37,19,19,1,1,1,1,1,9,22,9,22,19,9,30,70,5,2,21,45,45,3,4,31,31,1,1,1,1,11,11,4,4,10,10,2,2,1,1,2,2,4,2,261445629,1274146532,3,3,0,9999,0,9
1,97,113,145,2,0,2,580,1171,208,2024,6,2,1,0,22,5,37,19,18,3,1,2,12,7,0,0,0,0,4,7,1,70,1,2,41,65,0,3,75,1,0,1,0,1,0,11,0,4,0,50,0,3,0,2,0,2,0,4,0,261434994,1274130372,1,3,9999,0,9,0
1,97,113,146,2,0,1,3300,174,208,2024,5,24,17,23,12,5,39,19,14,3,1,2,14,7,0,0,0,0,2,7,1,70,1,2,21,55,1,4,51,31,41,1,0,1,0,11,0,4,0,10,24,2,2,2,0,2,0,4,2,261453455,1274254392,6,3,9999,0,9,0
1,97,113,147,2,0,1,32080,0,208,2024,5,6,4,9,22,5,48,19,4,1,1,1,13,7,0,0,0,0,3,2,1,70,4,2,1,25,45,3,61,31,0,1,0,1,0,11,0,3,0,10,0,3,0,2,0,2,0,4,2,261437748,1274153365,2,1,9999,0,5,0
1,97,113,148,2,0,1,99000,0,208,2024,5,11,21,3,22,5,45,19,7,2,1,1,0,7,0,0,0,0,0,0,20,70,0,4,1,55,75,3,61,31,0,1,0,1,0,11,0,10,0,80,0,4,0,2,0,2,0,4,2,261438692,1274233044,7,3,9999,0,9,0
1,97,113,149,2,0,1,580,1150,208,2024,6,6,7,28,12,5,36,19,20,3,1,2,1,7,9,22,9,22,17,9,30,70,1,2,21,25,25,4,14,31,31,1,11,1,1,11,11,4,4,10,30,3,4,2,2,2,2,4,2,261520542,1274227450,5,3,9999,9999,1,1
1,97,113,150,2,0,1,3300,156,208,2024,6,10,20,50,22,5,36,19,22,3,1,2,1,7,9,22,9,22,11,7,30,70,1,2,21,25,1,4,51,31,41,1,0,1,0,11,0,10,0,80,40,3,3,2,0,2,0,4,2,261520326,1274351290,2,3,9999,0,1,0
1,97,113,151,2,0,1,32080,0,208,2024,6,7,14,40,12,5,36,19,20,2,1,1,14,7,0,0,0,0,3,9,1,70,4,2,21,35,35,4,32,31,31,1,0,1,0,11,11,2,2,50,40,3,3,2,0,2,0,4,2,261545115,1274314513,6,3,9999,9999,1,9
1,97,113,152,2,0,1,32080,0,208,2024,6,6,7,44,12,5,36,19,20,2,1,2,1,7,9,22,1,22,15,9,30,70,2,2,21,45,45,3,3,31,31,1,1,1,1,11,11,3,3,70,80,3,3,2,2,2,2,2,4,261401745,1274327984,5,3,9999,9999,9,1
1,97,113,153,2,0,1,32080,0,208,2024,6,10,22,22,22,5,36,19,22,3,1,2,13,7,0,0,0,0,3,3,1,70,5,4,21,65,65,4,4,31,31,1,1,1,1,11,11,10,10,30,50,3,3,2,2,2,2,4,2,261509281,1274308854,2,3,9999,9999,9,9
1,97,113,154,2,0,1,3300,167,208,2024,6,19,17,50,12,5,37,19,24,2,2,1,14,7,0,0,0,0,5,9,1,70,1,2,21,55,45,3,4,1,31,1,1,1,1,11,11,4,4,11,33,3,3,2,2,2,2,4,2,261508093,1274314092,4,3,9999,9999,9,1
1,97,113,155,2,0,1,32080,0,208,2024,6,22,15,24,12,5,38,19,25,1,1,1,14,7,0,0,0,0,3,9,1,70,5,4,21,1,25,4,4,31,31,1,1,1,1,11,11,10,10,50,40,3,3,2,2,2,2,4,2,261406821,1274230506,7,3,9999,9999,1,1
1,97,113,156,2,0,1,3290,648,329,2024,6,14,11,7,12,5,36,19,23,3,1,2,1,7,9,22,9,22,15,9,30,70,4,2,21,45,65,11,4,31,31,11,1,2,1,11,11,4,4,80,28,3,2,2,2,2,2,4,4,261256520,1274547664,6,3,9999,9999,5,9
1,97,113,157,2,0,1,3290,638,329,2024,6,1,14,58,12,5,37,19,18,1,1,1,14,7,0,0,0,0,5,9,1,70,4,2,21,75,55,4,14,31,31,1,11,1,1,11,11,4,4,20,10,4,3,2,2,2,2,4,2,261325676,1274557010,7,3,674,9999,9,9
1,97,113,158,2,0,1,32080,0,208,2024,6,14,15,56,12,5,36,19,23,3,1,2,1,7,9,21,0,0,14,3,30,70,4,2,1,1,1,4,61,31,0,1,0,1,0,11,0,2,0,50,0,3,0,2,0,2,0,4,2,261409074,1274308299,6,3,9999,0,1,0
1,97,113,159,1,1,0,27410,0,208,2024,6,28,21,6,22,5,39,19,26,1,1,1,13,7,0,0,0,0,5,2,1,70,4,2,1,1,75,4,61,31,0,1,0,1,0,11,0,3,0,80,0,3,0,2,0,2,0,4,1,261453210,1274416771,6,3,9999,0,1,0
1,97,113,162,2,0,1,3290,644,329,2024,6,14,20,3,21,5,36,19,23,3,1,2,14,7,0,0,0,0,5,9,1,70,4,2,21,1,25,4,51,31,41,1,0,1,0,11,0,4,0,80,30,3,3,2,0,2,0,4,2,261307201,1274551930,6,3,9999,0,1,0
1,97,114,70,2,0,1,10070,0,212,2024,5,31,17,24,12,5,37,19,17,1,1,1,14,7,0,0,0,0,5,9,1,70,4,2,21,35,45,3,4,31,31,1,1,1,1,11,11,3,3,80,60,3,4,2,2,2,2,4,2,261033100,1274056957,6,3,0,9999,0,1
1,97,114,71,2,0,1,25620,0,201,2024,5,7,10,12,12,5,48,19,5,1,1,1,14,7,0,0,0,0,3,9,1,70,4,2,21,35,75,3,14,31,31,1,11,1,1,11,11,3,10,60,80,3,3,2,2,2,2,2,4,261108981,1273959188,3,3,9999,907,5,9
1,97,114,72,2,0,1,3310,0,212,2024,6,6,12,52,12,5,36,19,20,3,3,2,12,7,0,0,0,0,4,9,1,70,1,2,21,35,25,4,4,31,31,1,1,1,1,11,11,10,10,10,30,3,3,2,2,2,2,4,2,261028740,1273909637,5,3,9999,9999,1,1
1,97,114,73,2,0,1,10070,0,212,2024,5,28,15,16,12,5,38,19,16,3,1,2,14,7,0,0,0,0,3,8,1,70,4,2,21,25,45,13,4,31,31,11,1,1,1,11,11,3,3,30,10,3,3,2,2,2,2,2,4,261104754,1274029032,3,3,9999,9999,1,9
1,97,114,74,2,0,1,10070,0,212,2024,6,1,13,46,12,5,37,19,18,3,1,2,14,7,0,0,0,0,4,9,1,70,4,2,21,25,45,14,14,1,31,11,11,1,1,11,11,3,3,10,30,3,3,2,2,2,2,4,2,261004037,1274137262,7,3,9999,9999,1,9
1,97,114,75,2,0,1,33410,0,212,2024,6,10,18,30,13,5,36,19,22,3,1,2,1,7,1,21,9,22,14,9,30,70,5,3,21,65,1,3,51,31,41,1,0,1,0,11,0,10,0,80,14,3,3,2,0,2,0,4,2,261055909,1274224862,2,3,9999,0,9,0
1,97,114,76,2,0,1,3310,67,212,2024,6,15,13,29,12,5,37,19,23,2,2,1,13,7,0,0,0,0,5,5,1,70,1,2,21,45,55,3,14,31,31,1,11,1,2,11,11,10,10,70,20,3,3,2,2,2,2,4,2,260939823,1273914234,7,3,9999,9999,5,9
1,97,114,77,2,0,1,27490,0,212,2024,6,6,19,18,13,5,36,19,20,2,2,1,14,7,0,0,0,0,3,9,1,70,1,2,21,55,25,3,3,31,31,1,1,1,1,11,11,4,4,10,30,3,3,2,2,2,2,4,2,260942692,1274004544,5,3,9999,9999,9,1
1,97,114,78,2,0,1,33410,0,212,2024,6,10,16,20,12,5,36,19,22,3,3,2,14,7,0,0,0,0,3,8,1,70,4,2,21,25,45,3,3,31,31,1,1,1,1,11,11,3,3,10,30,3,3,2,2,2,2,4,2,260945961,1274046510,2,3,9999,9999,1,9
1,97,114,79,2,0,1,10070,0,201,2024,6,10,22,56,22,5,36,19,22,3,1,2,14,7,0,0,0,0,4,9,1,70,4,2,21,65,25,3,33,1,31,1,0,1,0,11,11,3,3,20,12,3,4,2,0,2,0,4,2,261154118,1274032545,2,3,9999,9999,9,9
1,97,114,80,2,0,1,25110,0,212,2024,6,14,16,21,12,5,36,19,23,3,1,2,14,7,0,0,0,0,3,9,1,70,4,2,21,25,45,14,35,31,31,11,0,1,0,11,11,3,3,10,34,3,3,2,0,2,0,4,2,261131625,1274113049,6,3,9999,9999,1,9
1,97,114,81,2,0,1,32010,0,201,2024,6,21,14,30,12,5,38,19,25,1,1,1,7,7,0,0,0,0,3,7,1,70,5,3,21,75,75,14,35,31,31,11,0,1,0,11,11,10,10,30,10,3,3,2,0,2,0,4,2,261108437,1274004166,6,3,799,434,9,9
1,97,114,82,2,0,2,33410,0,212,2024,6,3,16,31,12,5,37,19,19,1,2,1,1,7,1,21,9,22,14,9,30,70,4,2,21,45,75,3,4,31,31,1,1,1,1,11,11,10,2,80,50,3,3,2,2,2,2,4,2,261016086,1274210400,2,3,9999,9999,1,9
1,97,114,83,2,0,1,33410,0,212,2024,5,17,7,57,12,5,42,19,10,1,1,1,1,7,9,22,0,0,11,9,30,70,4,2,1,25,1,3,61,31,0,1,0,1,0,11,0,2,0,10,0,4,0,2,0,2,0,4,2,260938995,1274055243,6,3,9999,0,1,0
1,97,114,84,2,0,1,32010,0,201,2024,6,26,11,57,12,5,39,19,26,1,1,1,14,7,0,0,0,0,3,9,1,70,5,4,1,1,1,14,61,31,0,11,0,1,0,11,0,10,0,30,0,3,0,2,0,2,0,4,2,261046488,1273919282,4,3,9999,0,1,0
1,97,114,85,2,0,1,10070,0,212,2024,6,26,12,16,12,5,39,19,26,1,1,1,14,7,0,0,0,0,4,9,1,70,4,2,21,65,25,4,35,31,31,1,0,1,0,11,11,3,3,80,44,3,3,2,0,2,0,4,2,261031660,1274105528,4,3,9999,9999,9,1
1,97,65,11,2,0,1,47410,122,327,2024,6,11,8,3,12,5,36,19,22,3,3,2,14,7,0,0,0,0,4,9,1,70,1,4,21,35,35,3,3,31,31,1,1,1,1,11,11,7,7,80,60,3,3,2,2,2,2,4,2,261731132,1274721998,3,3,9999,9999,1,5
1,97,65,12,2,0,1,47420,407,314,2024,7,20,5,40,23,5,49,19,22,1,3,1,14,7,0,0,0,0,5,9,1,70,1,4,21,25,55,3,14,31,31,1,11,1,1,11,11,7,7,10,31,2,2,1,2,2,2,4,2,262741674,1275432425,7,3,0,9999,0,9
1,97,101,197,2,0,1,5070,0,201,2024,4,17,5,45,23,6,4,18,54,1,1,1,1,1,9,22,0,0,19,9,30,70,5,2,1,65,75,3,61,31,0,1,0,1,0,11,0,3,0,50,0,3,0,2,0,2,0,4,2,261145859,1274142598,4,3,9999,0,9,0
1,97,101,235,2,0,1,32010,0,201,2024,3,5,16,25,12,6,49,18,33,1,1,1,1,7,1,21,9,22,18,9,30,70,5,2,21,75,35,4,4,31,31,1,1,1,1,11,11,2,3,10,40,3,2,2,2,2,2,4,2,261439808,1274023858,3,3,501,9999,9,1
1,97,101,237,2,0,1,32010,0,201,2024,6,24,14,10,12,5,38,19,25,1,1,1,14,7,0,0,0,0,4,9,1,70,4,2,21,55,55,4,14,31,31,1,11,1,1,11,11,3,3,10,30,3,3,2,2,2,2,4,2,261257132,1274331037,2,3,9999,9999,9,9
1,97,101,239,2,0,1,32010,0,201,2024,6,25,19,44,21,5,39,19,25,1,1,1,1,7,9,22,0,0,14,9,30,70,5,4,1,1,35,4,61,31,0,1,0,1,0,11,0,1,0,10,0,4,0,2,0,2,0,4,2,261259818,1274038752,3,3,9999,0,1,0
1,97,101,240,2,0,1,10290,0,201,2024,7,1,13,46,12,5,41,19,26,1,1,1,1,7,9,22,9,22,17,9,30,70,4,2,21,45,1,4,14,31,1,1,11,1,1,11,11,3,10,70,80,3,3,2,2,2,2,2,4,261306971,1274144452,2,3,9999,9999,1,5
1,97,101,241,2,0,1,27220,0,201,2024,6,27,11,17,12,5,39,19,26,1,1,1,7,7,0,0,0,0,4,8,1,70,4,2,21,65,35,3,4,31,31,1,1,1,1,11,11,3,3,11,30,3,3,2,2,2,2,4,2,261239655,1274109205,5,3,9999,9999,9,5
1,97,101,242,2,0,1,32010,0,201,2024,6,23,14,38,12,5,38,19,25,1,1,1,1,7,9,22,9,22,15,9,30,70,4,2,21,1,45,4,36,31,31,1,0,1,0,11,11,10,10,10,40,3,3,2,0,2,0,4,2,261403890,1274159676,1,3,9999,9999,1,9
1,97,101,243,2,0,1,3300,0,201,2024,7,3,17,40,12,5,41,19,26,1,1,1,14,7,0,0,0,0,3,8,1,70,1,2,21,65,35,13,36,31,31,11,0,1,0,11,11,3,10,40,20,3,3,2,0,2,0,4,2,261313764,1274153617,4,3,9999,9999,9,1
1,97,101,244,2,0,1,10820,0,201,2024,7,1,17,52,12,5,41,19,26,1,1,1,1,7,9,22,9,22,18,9,30,70,1,2,21,1,1,13,14,31,31,11,11,1,1,11,11,3,3,10,30,3,3,2,2,2,2,4,2,261304948,1274326947,2,3,9999,9999,1,1
1,97,101,245,2,0,1,25430,0,201,2024,3,6,16,24,12,6,48,18,34,2,1,1,14,7,0,0,0,0,3,9,1,70,4,2,21,25,45,3,51,31,41,1,0,1,0,11,0,3,0,40,40,3,4,2,0,2,0,4,2,261305048,1274023920,4,3,9999,0,1,0
1,97,101,246,2,0,1,10820,0,201,2024,5,29,13,45,12,5,38,19,16,1,1,1,7,1,0,0,0,0,3,7,1,70,1,2,21,25,55,3,4,31,31,1,1,1,1,11,11,4,4,10,30,3,3,2,2,2,2,4,2,261254378,1274329701,4,3,9999,9999,1,9
1,97,101,247,2,0,1,25460,0,201,2024,6,9,3,7,22,5,36,19,21,2,1,1,1,7,9,22,9,22,15,9,30,70,4,2,21,65,35,3,4,1,31,1,1,1,1,11,11,3,3,60,20,3,3,2,2,2,2,4,2,261155428,1274207085,1,3,9999,9999,9,1
1,97,101,248,2,0,1,32010,0,201,2024,6,26,8,23,12,5,39,19,26,1,1,1,14,7,0,0,0,0,3,7,1,70,4,2,21,45,55,4,36,31,31,1,0,1,0,11,11,10,10,10,40,3,3,2,0,2,0,4,2,261327030,1274231550,4,3,9999,9999,1,9
1,97,101,249,1,1,0,33610,0,361,2024,7,6,2,57,22,5,42,19,26,1,3,1,14,7,0,0,0,0,3,9,1,70,4,2,1,65,35,3,61,1,0,1,0,1,0,11,0,10,0,10,0,3,0,2,0,2,0,4,1,262008016,1264808032,7,3,9999,0,9,0
1,97,101,251,2,0,1,3290,719,201,2024,6,19,17,23,12,5,37,19,24,1,1,1,7,7,0,0,0,0,6,8,1,70,1,2,21,35,35,3,4,31,31,1,1,1,1,11,11,5,5,30,10,3,3,2,2,2,2,2,4,261134152,1274228296,4,3,9999,9999,1,1
1,97,101,252,2,0,1,10290,0,201,2024,7,6,0,20,22,5,42,19,26,1,1,1,1,1,9,22,9,22,19,9,30,70,5,2,21,65,65,3,3,1,1,1,1,1,1,11,11,3,3,10,30,3,3,2,2,2,2,4,2,261310348,1274334738,7,3,9999,9999,9,5
1,97,101,253,2,0,1,27220,0,201,2024,7,9,18,20,12,5,44,19,25,1,1,1,14,2,0,0,0,0,5,9,1,70,1,2,21,55,75,4,51,31,41,1,0,1,0,11,0,3,0,80,20,3,3,2,0,2,0,4,2,261226176,1274134609,3,3,9999,0,9,0
1,97,101,254,2,0,1,85000,0,201,2024,7,7,5,52,11,5,43,19,26,1,1,1,1,1,9,22,9,22,19,9,30,70,5,2,21,1,1,3,4,31,31,1,1,1,1,11,11,4,4,80,10,2,2,1,1,2,2,4,2,261322588,1274025306,1,3,0,9999,0,1
1,97,101,255,2,0,1,85000,0,201,2024,7,1,21,45,22,5,41,19,26,1,1,1,14,7,0,0,0,0,5,9,1,70,1,2,1,1,75,33,61,31,0,0,0,0,0,11,0,4,0,10,0,3,0,0,0,0,0,4,2,261251919,1274003198,2,3,9999,0,1,0
1,97,101,256,2,0,3,580,1202,201,2024,6,27,11,19,12,5,39,19,26,1,1,1,7,1,0,0,0,0,6,9,1,70,1,2,21,65,45,3,4,1,31,1,1,1,1,11,11,4,4,31,10,3,3,2,2,2,2,2,4,261304699,1274050142,5,3,9999,9999,9,5
1,97,101,257,2,0,2,580,1194,201,2024,6,27,16,5,12,5,39,19,26,1,1,1,14,1,0,0,0,0,6,9,1,70,1,2,21,35,25,4,4,31,31,1,1,1,1,11,11,4,4,10,30,3,3,2,2,2,2,4,2,261328304,1274104621,5,3,9999,9999,1,5
1,97,101,258,2,0,1,32010,0,201,2024,7,5,21,32,22,5,42,19,26,1,1,1,14,7,0,0,0,0,4,7,1,70,4,2,1,65,75,4,61,31,0,1,0,1,0,11,0,3,0,10,0,3,0,2,0,2,0,4,2,261237789,1274225254,6,3,9999,0,9,0
1,97,101,259,2,0,1,32010,0,201,2024,7,8,20,9,21,5,43,19,26,1,1,1,1,7,9,22,0,0,14,9,30,1,5,2,1,45,35,4,61,31,0,1,0,1,0,11,0,10,0,10,0,4,0,2,0,2,0,4,2,261311654,1274111317,2,3,9999,0,9,0
1,97,101,260,2,0,1,5070,0,201,2024,7,24,7,54,12,5,51,19,21,1,1,1,1,2,9,22,9,22,17,9,30,70,5,2,21,45,35,4,35,31,31,1,0,1,0,11,11,10,3,50,10,3,2,2,0,2,0,4,2,261144048,1274211070,4,3,9999,9999,9,5
1,97,101,261,2,0,1,10820,0,201,2024,5,25,14,15,12,5,39,19,14,2,1,1,1,7,9,22,9,22,15,9,30,70,1,2,21,35,55,3,34,31,31,1,0,1,0,11,11,3,3,50,12,3,3,2,0,2,0,4,2,261305020,1274326962,7,3,9999,9999,1,9
1,97,101,262,2,0,1,32010,0,201,2024,7,21,19,40,21,5,49,19,22,1,1,1,14,7,0,0,0,0,4,7,1,70,4,2,21,55,55,4,36,31,31,1,0,1,0,11,11,2,2,10,31,3,3,2,0,2,0,4,2,261239830,1274148116,1,3,9999,9999,9,9
1,97,101,263,2,0,2,32010,0,201,2024,7,19,16,55,12,5,48,19,23,1,1,1,1,7,9,22,9,22,15,9,30,70,4,4,21,55,1,4,4,31,31,1,1,1,1,11,11,10,10,40,50,4,3,2,2,2,2,2,2,261310816,1274052820,6,3,9999,9999,1,1
1,97,101,264,2,0,2,5070,0,201,2024,7,14,8,13,12,5,46,19,24,1,1,1,14,7,0,0,0,0,5,9,1,70,4,2,21,55,45,3,14,31,31,1,11,1,1,11,11,4,4,30,10,3,3,2,2,2,2,2,4,261146547,1274218925,1,2,9999,9999,9,1
1,97,101,265,1,1,0,10820,0,201,2024,7,30,22,35,22,5,54,19,17,1,1,1,14,7,0,0,0,0,5,9,1,70,1,2,1,25,55,4,61,31,0,1,0,1,0,11,0,4,0,10,0,3,0,2,0,2,0,4,1,261157224,1274250710,3,3,9999,0,1,0
1,97,102,64,2,0,1,10770,0,210,2024,6,28,6,20,11,5,39,19,26,1,2,1,1,7,9,22,9,22,15,9,30,70,4,2,21,45,45,4,35,31,31,1,0,1,0,11,11,3,3,50,30,3,3,2,0,2,0,4,2,260809442,1274138843,6,3,9999,9999,1,9
1,97,102,65,2,0,1,10820,0,362,2024,6,20,8,30,12,5,37,19,25,1,3,1,1,1,9,22,9,22,19,3,30,70,5,2,21,65,25,4,4,31,31,1,1,1,1,11,11,4,4,80,10,2,2,1,1,1,1,4,2,260937940,1274209720,5,3,9999,9999,9,1
1,97,102,66,2,0,1,3310,260,362,2024,6,28,13,3,12,5,39,19,26,1,2,1,13,7,0,0,0,0,3,2,1,70,4,2,21,35,55,3,4,31,31,1,1,1,1,1,11,3,5,41,10,1,2,2,2,2,2,2,4,260739922,1274500860,6,3,9999,9999,1,9
1,97,102,68,2,0,1,27560,0,210,2024,5,24,22,23,22,5,39,19,14,1,1,1,1,1,9,22,0,0,15,9,30,70,5,2,1,65,75,4,61,31,0,1,0,1,0,11,0,3,0,10,0,3,0,2,0,2,0,4,2,260838864,1274022768,6,3,9999,0,9,0
1,97,102,69,2,0,1,95000,0,210,2024,6,23,11,43,12,5,38,19,25,1,3,1,0,7,0,0,0,0,0,0,20,70,0,4,1,25,45,3,61,31,0,1,0,1,0,11,0,10,0,70,0,4,0,2,0,2,0,4,2,260548829,1274333125,1,3,9999,0,1,0
1,97,102,70,2,0,1,27560,0,210,2024,7,3,20,52,22,5,41,19,26,1,1,1,1,1,9,22,0,0,15,9,30,70,5,2,1,35,55,14,61,1,0,11,0,1,0,11,0,3,0,50,0,3,0,2,0,2,0,4,2,260827636,1274018610,4,3,9999,0,5,0
1,97,102,71,2,0,1,33620,0,362,2024,7,18,7,40,12,5,48,19,23,1,3,1,1,7,1,21,9,22,14,7,30,70,5,2,21,75,25,4,34,31,31,1,0,1,0,11,11,10,2,50,10,3,3,2,0,2,0,4,2,260935276,1274250893,5,3,341,9999,9,1
1,97,102,72,2,0,1,32100,0,210,2024,7,6,10,12,12,5,42,19,26,1,1,1,14,7,0,0,0,0,3,9,1,70,4,2,21,25,1,3,4,31,31,1,1,1,1,1,11,2,2,30,10,3,3,2,2,2,2,2,4,260848422,1274032426,7,3,9999,9999,1,1
1,97,102,73,2,0,1,3310,242,362,2024,7,17,6,17,11,5,47,19,23,1,3,1,14,7,0,0,0,0,3,9,1,70,4,2,21,45,65,3,14,31,31,1,11,1,1,11,11,3,3,20,50,3,3,2,2,2,2,2,4,260707039,1274419291,4,3,9999,9999,1,1
1,97,102,74,2,0,1,3310,246,362,2024,7,23,16,35,12,5,50,19,21,2,1,1,1,1,9,22,0,0,15,9,30,70,5,2,1,75,1,4,61,31,0,1,0,1,0,11,0,3,0,10,0,4,0,2,0,2,0,4,2,260715661,1274431250,3,3,967,0,9,0
1,97,103,113,2,0,1,99000,0,350,2024,6,12,13,32,12,5,36,19,22,2,1,1,0,7,0,0,0,0,0,0,20,70,0,4,21,65,75,4,34,31,31,1,0,1,0,11,11,10,10,80,20,3,3,2,0,2,0,4,2,261118294,1274233689,4,3,9999,651,1,9
1,97,103,114,2,0,1,10770,0,215,2024,6,1,10,50,12,5,37,19,18,3,1,2,14,7,0,0,0,0,3,9,1,70,4,2,21,45,25,4,4,31,31,1,1,1,1,11,11,4,4,10,30,3,3,2,2,2,2,4,2,261027854,1274446932,7,3,9999,9999,1,1
1,97,103,116,2,0,1,10820,0,350,2024,6,30,10,35,12,5,40,19,26,1,1,1,14,7,0,0,0,0,3,9,1,70,4,2,21,65,1,4,51,31,41,1,0,1,0,11,0,2,0,82,40,2,3,2,0,2,0,4,2,261119576,1274344746,1,3,9999,0,9,0
1,97,103,117,2,0,3,33640,0,215,2024,5,16,7,42,12,5,42,19,9,1,3,1,1,7,1,21,9,22,15,7,30,70,4,2,21,45,35,3,4,31,31,1,1,1,1,11,11,2,2,50,80,3,3,2,2,2,2,4,2,260853707,1274602042,5,3,9999,9999,5,1
1,97,103,118,2,0,1,3290,694,350,2024,6,4,10,36,12,5,37,19,19,1,1,1,1,1,9,22,9,22,19,9,30,70,5,2,21,45,65,3,4,31,31,1,1,1,1,11,11,3,4,80,50,3,3,2,1,2,2,2,4,261215926,1274333650,3,3,9999,9999,1,9
1,97,103,119,2,0,1,3310,485,215,2024,7,9,16,54,12,5,44,19,25,1,1,1,7,7,0,0,0,0,3,9,1,70,4,2,21,1,1,14,51,31,41,11,0,2,0,11,0,3,0,80,40,3,3,2,0,2,0,4,2,261102897,1274627307,3,3,9999,0,5,0
1,97,103,120,2,0,1,33640,0,215,2024,6,30,6,27,11,5,40,19,26,3,2,2,1,7,9,22,9,22,15,9,30,70,4,3,21,65,65,4,36,31,31,1,0,1,0,11,11,3,10,50,10,3,3,2,0,2,0,4,2,261023563,1274524322,1,3,9999,9999,9,9
1,97,103,121,2,0,1,33500,0,350,2024,7,11,16,0,12,5,45,19,25,1,2,1,1,7,9,22,9,22,15,9,30,70,5,3,21,35,1,4,51,31,41,1,0,1,0,11,0,10,0,80,40,3,3,2,0,2,0,4,2,261058663,1274300581,5,3,9999,0,1,0
1,97,103,122,2,0,1,10770,0,348,2024,6,22,0,15,22,5,38,19,25,1,1,1,14,7,0,0,0,0,5,9,1,70,1,2,21,55,25,4,35,31,31,1,0,1,0,11,11,4,4,30,10,3,2,2,0,2,0,4,2,261221960,1274545198,7,3,9999,9999,9,5
1,97,103,123,2,0,1,26370,486,215,2024,7,5,8,52,12,5,42,19,26,1,2,1,14,1,0,0,0,0,3,9,1,70,4,2,21,35,45,3,4,31,31,1,1,1,1,11,11,3,3,30,10,3,3,2,2,2,2,2,4,261104909,1274625489,6,3,9999,9999,1,1
1,97,103,124,2,0,2,5070,0,350,2024,6,24,11,32,12,5,38,19,25,1,2,1,7,1,0,0,0,0,5,9,1,70,1,2,21,35,45,3,3,31,31,1,1,1,1,11,11,4,4,10,30,3,3,2,2,2,2,4,2,261045318,1274331566,2,3,9999,9999,5,1