data_category,prefecture_code,police_station_code,report_id,accident_details_code,fatalities,injured_persons,route_code,location_code,municipality_code,occurence_year,occurence_month,occurence_date,occurence_hour,occurence_minute,day_night_code,sunrise_hour,sunrise_minute,sunset_hour,sunset_minute,weather_code,terrain_code,road_condition_code,road_config_code,traffic_signal_code,stop_reg_signage_code_party_a,stop_reg_roadmarking_code_party_a,stop_reg_signage_code_party_b,stop_reg_roadmarking_code_party_b,road_width_code,road_alignment_code,collision_point_code,zone_reg_code,median_facility_code,pedestrian_vehicle_separation_code,accident_type_code,age_party_a,age_party_b,party_type_code_party_a,party_type_code_party_b,vehicle_use_code_party_a,vehicle_use_code_party_b,vehicle_shape_code_party_a,vehicle_shape_code_party_b,auto_transm_code_party_a,auto_transm_code_party_b,safety_feature_code_party_a,safety_feature_code_party_b,speed_reg_code_party_a,speed_reg_code_party_b,vehicle_impact_point_code_party_a,vehicle_impact_point_code_party_b,vehicle_damage_level_party_a,vehicle_damage_level_party_b,airbag_code_party_a,airbag_code_party_b,side_airbag_code_party_a,side_airbag_code_party_b,injury_severity_code_party_a,injury_severity_code_party_b,latitude_north,longitude_east,occurence_day_code,public_holiday_code,days_since_cognitive_test_party_a,days_since_cognitive_test_party_b,driving_practice_method_code_party_a,driving_practice_method_code_party_b
1,97,103,125,2,0,1,33500,0,350,2024,7,12,7,55,12,5,45,19,25,1,2,1,1,7,9,22,9,22,11,9,30,70,5,4,21,25,65,4,14,31,31,1,11,1,2,11,11,10,10,20,10,3,3,2,2,2,2,2,4,261230064,1274420504,6,3,9999,9999,1,9
1,97,103,126,2,0,1,33640,0,215,2024,6,29,16,33,12,5,40,19,26,1,2,1,1,7,9,22,9,22,14,9,30,70,4,2,21,35,55,3,34,31,31,1,0,1,0,11,11,3,3,50,20,3,3,2,0,2,0,4,2,260934711,1274404866,7,3,0,9999,0,9
1,97,103,127,2,0,1,5070,0,350,2024,7,18,18,22,12,5,48,19,23,1,1,1,14,7,0,0,0,0,3,9,1,70,4,2,21,1,45,14,34,31,31,11,0,1,0,11,11,3,3,30,10,3,3,2,0,2,0,4,2,261113171,1274238009,5,3,9999,9999,1,9
1,97,103,129,2,0,1,3290,684,350,2024,7,3,11,45,12,5,41,19,26,1,1,1,14,7,0,0,0,0,5,9,1,70,4,2,21,75,35,4,34,31,31,1,0,1,0,11,11,10,4,10,40,3,3,2,0,2,0,4,2,261157131,1274413772,4,3,9999,9999,9,9
1,97,103,130,2,0,1,10820,0,350,2024,6,19,7,25,12,5,37,19,24,1,2,1,14,7,0,0,0,0,5,9,1,70,1,2,21,1,45,3,3,31,31,1,1,1,1,11,11,3,3,80,60,3,3,2,2,2,2,4,2,261228123,1274323624,4,3,9999,9999,1,5
1,97,103,131,2,0,1,3290,653,348,2024,7,1,7,38,12,5,41,19,26,1,1,1,1,1,9,22,9,22,18,9,30,70,5,2,21,25,25,3,4,31,31,1,1,1,1,11,11,4,4,60,50,3,3,2,2,2,2,2,4,261243898,1274537379,2,3,9999,9999,5,5
1,97,103,132,2,0,1,3290,679,350,2024,6,4,8,12,12,5,37,19,19,1,1,1,14,1,0,0,0,0,5,9,1,70,4,2,21,45,35,3,4,31,31,1,1,1,1,11,11,4,4,10,30,3,3,2,2,2,2,4,2,261202153,1274430480,3,3,9999,9999,1,1
1,97,103,133,2,0,1,3290,676,350,2024,7,7,16,20,12,5,43,19,26,3,1,2,7,1,0,0,0,0,5,9,1,70,1,2,21,25,25,4,4,31,31,1,1,1,1,11,11,3,3,50,70,3,3,2,2,2,2,4,4,261210397,1274430797,1,3,9999,9999,5,1
1,97,104,138,2,0,1,25340,0,205,2024,6,4,18,15,12,5,37,19,19,1,1,1,7,7,0,0,0,0,4,8,1,70,4,2,21,1,35,3,3,31,31,1,1,1,1,11,11,3,3,80,20,3,3,2,2,2,2,4,2,261530157,1274454434,3,3,9999,9999,1,1
1,97,104,139,2,0,2,3290,570,328,2024,4,21,17,24,12,6,0,18,56,1,3,1,1,7,9,22,9,22,17,9,30,70,4,2,21,25,1,4,35,31,31,1,0,1,0,11,11,4,4,50,30,2,2,2,0,2,0,4,2,261627041,1274751788,1,3,9999,9999,1,1
1,97,104,140,2,0,1,580,1115,205,2024,6,5,8,31,12,5,36,19,19,1,1,1,14,7,0,0,0,0,6,9,1,70,1,2,21,25,1,3,35,31,31,1,0,1,0,11,11,4,4,40,10,3,3,2,0,2,0,4,2,261609847,1274409067,4,3,9999,9999,1,1
1,97,104,141,2,0,1,580,1115,205,2024,6,22,9,0,12,5,38,19,25,1,1,1,1,7,1,21,9,22,18,9,30,70,1,2,21,45,75,3,14,31,31,1,11,1,1,11,11,3,4,50,40,2,3,2,2,2,2,4,2,261610787,1274409524,7,3,9999,313,1,9
1,97,104,142,2,0,1,3300,107,205,2024,7,13,2,4,22,5,46,19,25,1,1,1,14,1,0,0,0,0,3,9,1,70,1,2,41,65,0,3,76,1,0,1,0,1,0,11,0,3,0,0,0,4,0,2,0,2,0,4,0,261607072,1274604170,7,3,9999,0,5,0
1,97,104,143,2,0,1,3300,74,205,2024,7,18,8,6,12,5,48,19,23,1,1,1,7,1,0,0,0,0,5,9,1,70,1,2,21,45,45,4,36,31,31,1,0,1,0,11,11,4,10,10,30,3,3,2,0,2,0,4,2,261736596,1274641603,5,3,9999,9999,1,5
1,97,104,144,2,0,1,32050,0,205,2024,6,28,3,50,22,5,39,19,26,1,2,1,13,7,0,0,0,0,3,5,1,70,5,2,21,55,0,4,0,31,0,1,0,1,0,11,0,10,0,20,0,3,0,2,0,2,0,4,0,261601636,1274533952,6,3,9999,0,9,0
1,97,104,145,2,0,1,580,1080,205,2024,7,17,19,17,13,5,47,19,23,1,1,1,7,1,0,0,0,0,6,9,1,70,1,2,21,35,1,3,4,31,31,1,1,1,1,11,11,4,4,30,10,3,3,2,2,2,2,2,4,261732050,1274531579,4,3,9999,9999,1,1
1,97,104,146,2,0,3,25340,0,205,2024,6,24,18,34,13,5,38,19,25,1,1,1,7,1,0,0,0,0,5,8,1,70,4,2,21,25,25,13,4,31,31,11,1,1,1,11,11,3,3,30,10,3,3,2,2,2,2,2,4,261534567,1274445254,2,3,9999,9999,5,1
1,97,104,147,2,0,1,32050,0,205,2024,6,26,20,45,22,5,39,19,26,1,1,1,14,7,0,0,0,0,3,9,1,70,4,2,21,25,25,3,36,31,31,1,0,1,0,1,1,3,10,80,40,3,3,2,0,2,0,4,2,261604307,1274414543,4,3,9999,9999,1,9
1,97,104,148,2,0,1,25340,0,205,2024,7,5,17,47,12,5,42,19,26,1,1,1,14,7,0,0,0,0,2,8,1,70,5,2,1,55,1,35,61,31,0,0,0,0,0,11,0,10,0,10,0,3,0,0,0,0,0,4,2,261600005,1274411378,6,3,9999,0,9,0
1,97,104,149,2,0,1,3300,72,205,2024,7,4,19,7,13,5,42,19,26,1,1,1,14,7,0,0,0,0,4,8,1,70,1,2,21,45,35,4,4,31,31,1,1,1,1,1,1,4,4,10,31,3,3,2,2,2,2,4,2,261740996,1274645700,5,3,9999,9999,9,5
1,97,104,150,2,0,1,25320,0,205,2024,6,5,13,10,12,5,36,19,19,1,1,1,14,7,0,0,0,0,3,9,1,70,4,2,21,25,45,3,35,31,31,1,0,1,0,11,11,2,2,20,40,4,4,2,0,2,0,4,2,261532656,1274559083,4,3,9999,9999,1,9
1,97,104,151,2,0,2,25340,0,205,2024,6,26,6,36,11,5,39,19,26,1,1,1,1,7,9,22,9,22,17,7,30,70,4,2,21,55,1,3,4,31,31,1,1,1,1,11,11,3,3,40,0,2,4,2,2,2,2,2,4,261527050,1274501055,4,3,9999,9999,9,1
1,97,104,152,2,0,1,32050,0,205,2024,7,8,7,17,12,5,43,19,26,1,1,1,7,1,0,0,0,0,3,9,1,70,4,2,21,25,1,3,4,31,31,1,1,1,1,11,11,3,3,30,10,3,3,2,2,2,2,2,4,261542890,1274507891,2,3,9999,9999,1,1
1,97,104,153,2,0,1,32050,0,205,2024,7,21,19,35,21,5,49,19,22,1,1,1,14,7,0,0,0,0,3,9,1,70,4,2,1,35,35,3,61,31,0,1,0,1,0,11,0,2,0,30,0,4,0,2,0,2,0,4,2,261614207,1274425217,1,3,9999,0,1,0
1,97,104,154,2,0,1,32050,0,205,2024,7,13,11,44,12,5,46,19,25,1,1,1,1,7,9,22,9,22,11,9,30,70,5,4,21,1,1,3,36,31,31,1,0,1,0,11,11,10,10,52,14,3,3,2,0,2,0,4,2,261601567,1274406169,7,3,9999,9999,1,1
1,97,104,155,2,0,1,580,1087,205,2024,7,17,22,35,22,5,47,19,23,1,1,1,7,1,0,0,0,0,5,9,1,70,1,2,21,45,25,3,3,31,31,1,1,1,1,11,11,4,4,10,30,3,3,2,2,2,2,4,2,261712732,1274521190,4,3,9999,9999,1,1
1,97,105,160,2,0,1,10850,0,211,2024,5,25,18,10,12,5,39,19,14,2,2,1,1,1,9,22,9,22,19,9,30,70,5,2,21,35,1,4,36,31,31,1,0,1,0,11,11,4,10,10,20,3,3,2,0,2,0,4,2,262005917,1274718820,7,3,9999,9999,1,1
1,97,105,186,2,0,1,32110,0,211,2024,6,20,20,21,21,5,37,19,25,1,1,1,1,1,9,22,9,22,11,7,30,70,5,2,21,55,45,3,4,31,31,1,1,1,1,11,11,2,2,10,30,3,3,2,2,2,2,4,2,261946456,1274723633,5,3,9999,9999,1,4
1,97,105,187,2,0,2,3290,491,211,2024,6,14,9,54,12,5,36,19,23,3,1,2,14,7,0,0,0,0,4,8,1,70,4,2,21,1,25,13,4,31,31,11,1,1,1,11,11,3,3,10,31,3,3,2,2,2,2,4,2,261939371,1274921108,6,3,9999,9999,1,1
1,97,105,188,2,0,1,99000,0,326,2024,6,19,10,32,12,5,37,19,24,1,1,1,0,7,0,0,0,0,0,0,20,70,0,4,1,75,55,3,61,31,0,1,0,1,0,11,0,10,0,50,0,3,0,2,0,2,0,4,2,261926810,1274519976,4,3,184,0,9,0
1,97,105,189,2,0,1,33260,0,326,2024,5,15,17,40,12,5,43,19,9,1,1,1,14,7,0,0,0,0,4,9,1,70,4,2,1,25,1,3,61,31,0,1,0,1,0,11,0,2,0,10,0,3,0,2,0,2,0,4,2,261950012,1274455576,4,3,0,0,0,0
1,97,105,190,2,0,1,580,1062,326,2024,6,6,9,48,12,5,36,19,20,2,1,1,1,1,9,22,9,22,18,9,30,70,5,2,21,1,65,3,4,31,31,1,1,1,1,11,11,5,5,80,10,1,2,1,1,2,2,4,2,261829745,1274550338,5,3,0,9999,0,9
1,97,105,191,2,0,1,32110,0,211,2024,3,29,14,35,12,6,24,18,45,2,1,1,14,7,0,0,0,0,4,9,1,70,4,4,1,35,55,4,61,31,0,1,0,1,0,11,0,10,0,70,0,4,0,2,0,2,0,4,2,261937042,1274739296,6,3,9999,0,1,0
1,97,105,192,2,0,1,26300,0,327,2024,6,28,7,45,12,5,39,19,26,1,1,1,14,7,0,0,0,0,3,9,1,70,1,2,21,25,35,3,4,31,31,1,1,1,1,11,11,4,4,30,10,3,3,2,2,2,2,2,4,261825888,1274643547,6,3,9999,9999,1,1
1,97,105,193,2,0,1,32110,0,211,2024,5,23,16,29,12,5,39,19,13,1,1,1,1,7,1,22,9,22,15,9,30,70,5,2,21,25,75,13,4,31,31,11,1,1,1,11,11,10,10,80,70,3,2,2,2,2,2,4,2,261831864,1274855148,5,3,9999,701,1,9
1,97,105,195,2,0,1,3290,423,211,2024,6,26,16,16,12,5,39,19,26,1,2,1,1,2,9,22,9,22,15,9,30,70,4,2,21,75,55,3,34,31,31,1,0,1,0,11,11,4,4,60,14,3,2,2,0,2,0,4,2,262253364,1274939439,4,3,467,9999,1,9
1,97,105,197,2,0,1,3300,14,211,2024,5,18,8,15,12,5,41,19,11,1,1,1,1,1,9,22,9,22,17,7,30,70,5,2,21,45,25,4,35,31,31,1,0,1,0,11,11,3,3,50,20,2,2,2,0,2,0,4,2,262014237,1274807020,7,3,9999,9999,1,1
1,97,105,198,2,0,2,33260,0,326,2024,5,24,7,50,12,5,39,19,14,1,1,1,1,7,1,21,9,22,15,9,30,70,4,2,21,65,35,3,3,31,31,1,1,1,1,11,11,10,2,10,81,2,2,2,1,2,2,4,2,261946582,1274614520,6,3,9999,9999,5,3
1,97,105,199,2,0,1,27240,0,211,2024,7,8,15,46,12,5,43,19,26,1,1,1,14,7,0,0,0,0,4,8,1,70,1,2,21,25,1,3,4,31,31,1,1,1,1,11,11,3,3,80,20,3,3,2,2,2,2,4,2,262038072,1274921986,2,3,9999,9999,1,1
1,97,105,200,2,0,1,3300,57,327,2024,6,17,20,58,22,5,37,19,24,2,2,1,1,1,9,22,9,22,18,9,30,70,5,2,21,65,35,3,51,1,41,1,0,1,0,11,0,4,0,50,10,3,3,2,0,2,0,4,2,261824570,1274649649,2,3,9999,0,9,0
1,97,105,201,2,0,1,3290,516,211,2024,6,10,15,19,12,5,36,19,22,3,2,2,1,7,9,22,9,22,15,9,30,70,4,2,21,45,35,4,14,31,31,1,11,1,2,11,11,4,4,33,11,3,3,2,2,2,2,2,4,261829974,1274851077,2,3,9999,0,1,0
1,97,105,202,2,0,1,10290,0,327,2024,5,2,11,20,12,5,51,19,2,3,2,2,14,7,0,0,0,0,3,7,1,70,4,2,21,75,55,4,14,31,31,1,11,1,1,11,11,3,3,18,30,2,2,2,2,2,2,4,4,261743775,1274704070,5,2,448,9999,9,9
1,97,105,203,2,0,1,580,1039,326,2024,7,9,18,48,13,5,44,19,25,1,1,1,7,1,0,0,0,0,6,9,1,70,1,2,21,55,1,3,3,31,31,1,1,1,1,11,11,4,4,10,31,3,3,2,2,2,2,4,2,261936325,1274512982,3,3,9999,9999,9,1
1,97,105,204,2,0,1,3300,17,211,2024,4,27,12,57,12,5,55,18,59,1,1,1,7,1,0,0,0,0,5,9,1,70,1,2,21,35,45,3,4,31,31,1,1,1,1,11,11,4,4,30,10,3,4,2,2,2,2,2,4,262005924,1274759366,7,3,9999,9999,1,1
1,97,105,205,2,0,1,580,1061,326,2024,6,1,22,38,22,5,37,19,18,3,1,2,7,1,0,0,0,0,6,9,1,70,1,2,21,25,25,3,4,31,31,1,1,1,1,11,11,5,5,30,10,3,3,2,2,2,2,2,4,261830560,1274550285,7,3,9999,9999,1,1
1,97,105,206,2,0,1,10750,0,211,2024,6,25,7,45,12,5,39,19,25,1,1,1,1,7,9,22,9,22,15,3,30,70,4,2,21,75,55,3,34,1,31,1,0,1,0,11,11,3,3,70,10,4,3,2,0,2,0,4,2,262026250,1274903500,3,3,112,9999,9,9
1,97,105,207,2,0,1,3300,14,211,2024,6,10,17,59,12,5,36,19,22,3,1,2,1,1,9,22,9,22,19,9,30,70,5,2,21,1,35,3,4,31,31,1,1,1,1,11,11,3,3,10,30,3,3,2,2,2,2,4,2,262014104,1274807088,2,3,9999,9999,1,9
1,97,105,208,2,0,1,25200,0,211,2024,7,1,7,55,12,5,41,19,26,1,1,1,1,1,9,22,0,0,19,9,30,70,5,2,1,35,1,3,61,31,0,1,0,1,0,11,0,4,0,80,0,4,0,2,0,2,0,4,2,261859231,1274949318,2,3,9999,0,1,0
1,97,105,209,2,0,1,10810,0,327,2024,7,2,20,58,22,5,41,19,26,1,2,1,14,1,0,0,0,0,5,9,1,70,1,2,21,1,35,4,4,31,31,1,1,1,1,11,11,4,4,10,30,3,3,2,2,2,2,4,2,261804846,1274820556,3,3,9999,9999,1,1
1,97,105,210,2,0,1,32110,0,211,2024,7,9,14,53,12,5,44,19,25,1,1,1,1,7,1,21,9,22,11,9,30,70,5,2,21,25,45,4,4,31,31,1,1,1,1,11,11,10,10,23,10,2,2,2,2,2,2,4,2,261959099,1274957320,3,3,9999,9999,1,1
1,97,105,211,2,0,1,3300,55,327,2024,7,3,17,19,12,5,41,19,26,1,2,1,1,1,9,22,9,22,18,9,30,70,5,2,21,75,55,4,35,31,31,1,0,1,0,11,11,4,3,40,20,3,3,2,0,2,0,4,2,261829815,1274655330,4,3,160,9999,9,9
1,97,105,212,2,0,1,25200,0,211,2024,5,28,20,41,22,5,38,19,16,3,1,2,7,7,0,0,0,0,4,7,1,70,4,2,21,25,45,4,14,31,31,1,11,1,1,11,11,3,3,30,10,3,4,2,2,2,2,2,4,261950369,1274830463,3,3,9999,9999,5,5
1,97,105,213,2,0,1,10850,0,211,2024,6,1,13,30,12,5,37,19,18,3,2,2,14,7,0,0,0,0,4,9,1,70,1,2,21,35,25,3,4,31,31,1,1,1,1,11,11,4,4,80,65,3,4,2,2,2,2,2,4,262010504,1274736380,7,3,9999,9999,5,1
1,97,105,214,2,0,2,33260,1047,326,2024,7,17,17,1,12,5,47,19,23,1,1,1,1,1,9,22,9,22,18,9,30,70,5,2,21,1,45,3,4,31,31,1,1,1,1,11,11,10,10,80,60,3,3,2,2,2,2,4,2,261912569,1274531579,4,3,0,9999,0,1
1,97,105,215,2,0,1,25200,0,211,2024,7,12,16,41,12,5,45,19,25,1,1,1,1,1,1,21,9,22,17,9,30,70,5,2,21,55,25,3,34,31,31,1,0,1,0,11,11,10,3,50,10,3,2,2,0,2,0,4,2,262003102,1274808428,6,3,9999,9999,9,1
1,97,105,216,2,0,1,99000,0,327,2024,5,2,8,18,12,5,51,19,2,2,2,1,0,7,0,0,0,0,0,0,20,70,0,4,41,55,0,3,76,1,0,1,0,1,0,11,0,10,0,0,0,4,0,2,0,2,0,4,0,261856138,1274753959,5,2,9999,0,9,0
1,97,105,217,2,0,2,3300,476,211,2024,6,30,19,50,21,5,40,19,26,1,1,1,7,1,0,0,0,0,5,9,1,70,4,2,21,35,25,13,4,31,31,11,1,1,1,11,11,3,3,30,10,3,3,2,2,2,2,2,4,262020069,1274856297,1,3,9999,9999,5,1
1,97,105,218,2,0,1,33260,0,326,2024,6,4,19,7,13,5,37,19,19,1,1,1,14,7,0,0,0,0,2,9,1,70,5,2,1,35,1,4,61,31,0,1,0,1,0,11,0,10,0,80,0,3,0,2,0,2,0,4,2,261936790,1274443253,3,3,9999,0,5,0
1,97,105,219,2,0,1,25200,0,211,2024,6,26,17,32,12,5,39,19,26,1,1,1,7,7,0,0,0,0,3,7,1,70,4,2,21,25,25,3,4,31,31,1,1,1,1,11,11,3,3,70,10,3,3,2,2,2,2,2,4,261930346,1274858036,4,3,9999,9999,1,4
1,97,105,220,2,0,1,32110,0,211,2024,6,7,17,58,12,5,36,19,20,1,1,1,1,7,9,22,0,0,11,9,30,70,5,3,1,35,1,4,61,31,0,1,0,1,0,11,0,1,0,80,0,3,0,2,0,2,0,4,2,261944040,1274929064,6,3,9999,0,1,0
1,97,105,221,2,0,1,3300,66,327,2024,7,22,15,14,12,5,50,19,22,1,3,1,14,7,0,0,0,0,4,7,1,70,1,2,21,25,25,4,4,31,31,1,1,1,1,11,11,4,4,10,31,2,2,1,2,2,2,4,2,261758682,1274650045,2,3,9999,9999,1,1
1,97,105,222,2,0,1,33260,0,326,2024,6,18,14,58,12,5,37,19,24,3,2,2,7,7,0,0,0,0,3,9,1,70,5,2,21,1,45,3,3,31,31,1,1,1,1,11,11,10,10,10,30,3,3,2,2,2,2,4,2,261903990,1274538113,3,3,0,9999,0,5
1,97,105,223,2,0,1,32110,0,211,2024,5,31,22,37,22,5,37,19,17,2,1,1,1,7,9,22,1,22,14,9,30,70,4,2,21,65,1,3,4,1,31,1,1,1,1,11,11,1,10,10,40,3,3,2,2,2,2,4,4,262020371,1274827144,6,3,9999,9999,1,1
1,97,106,36,2,0,1,99000,0,324,2024,6,23,1,10,22,5,38,19,25,1,2,1,0,7,0,0,0,0,0,0,20,70,0,4,1,65,35,3,61,1,0,1,0,1,0,11,0,10,0,80,0,4,0,2,0,2,0,4,2,262317693,1274516610,1,3,9999,0,9,0
1,97,106,37,2,0,1,580,964,324,2024,6,20,7,57,12,5,37,19,25,1,1,1,14,7,0,0,0,0,4,9,1,70,1,2,21,45,45,3,4,31,31,1,1,1,1,11,11,5,5,10,70,2,2,2,2,2,2,4,2,262307984,1274517147,5,3,9999,9999,1,1
1,97,106,38,2,0,1,580,1001,325,2024,7,5,7,13,12,5,42,19,26,1,2,1,1,1,9,22,9,22,18,9,30,70,5,2,21,35,35,13,4,31,31,11,1,1,1,11,11,4,4,40,10,3,2,2,1,2,2,4,2,262131169,1274453282,6,3,9999,9999,5,1
1,97,106,39,2,0,1,33240,0,324,2024,7,6,23,31,22,5,42,19,26,1,3,1,13,7,0,0,0,0,3,2,1,70,4,2,21,45,1,3,14,31,31,1,11,2,2,11,11,2,3,10,10,2,2,1,2,2,2,4,2,262514686,1274615791,7,3,9999,9999,9,5
1,97,106,40,2,0,1,25120,0,324,2024,6,25,13,45,12,5,39,19,25,1,2,1,14,7,0,0,0,0,3,9,1,70,4,2,21,65,45,14,32,31,31,11,0,1,0,11,11,3,3,70,40,3,3,2,0,2,0,4,2,262411038,1274417959,3,3,9999,9999,9,1
1,97,106,41,2,0,1,580,955,324,2024,7,10,15,5,12,5,44,19,25,1,2,1,7,7,0,0,0,0,6,9,1,70,1,2,21,35,55,3,4,31,31,1,1,1,1,11,11,5,5,30,10,3,3,2,2,2,2,2,4,262337043,1274520574,4,3,9999,9999,1,9
1,97,106,42,2,0,1,580,942,324,2024,7,3,9,0,12,5,41,19,26,1,2,1,7,1,0,0,0,0,4,9,1,70,4,2,21,25,35,3,4,31,31,1,1,1,1,11,11,4,4,85,50,3,3,2,2,2,2,4,2,262421589,1274455853,4,3,0,9999,0,1
1,97,106,43,2,0,2,580,948,324,2024,6,21,20,4,21,5,38,19,25,1,2,1,1,1,9,22,9,22,19,9,30,70,5,2,21,45,1,3,4,31,31,1,1,1,1,11,11,5,5,80,10,2,3,1,1,2,2,2,2,262358452,1274530406,6,3,9999,9999,1,1
1,97,106,44,2,0,1,33240,0,324,2024,7,16,11,35,12,5,47,19,24,1,1,1,1,7,9,22,9,22,15,9,30,70,5,2,21,35,35,3,4,31,31,1,1,1,1,11,11,10,2,10,28,3,3,2,2,2,2,4,2,262516871,1274334334,3,3,9999,9999,5,1
1,97,106,45,2,0,1,99000,0,324,2024,6,25,7,10,12,5,39,19,25,1,1,1,0,7,0,0,0,0,0,0,20,70,0,4,21,25,25,3,3,31,31,1,1,1,1,11,11,10,10,70,70,3,3,2,2,2,2,4,2,262206049,1274449308,3,3,0,9999,0,1
1,97,107,51,2,0,1,32040,0,213,2024,6,21,16,5,12,5,38,19,25,1,2,1,13,7,0,0,0,0,2,3,1,70,5,4,21,45,45,3,32,31,31,1,0,1,0,11,11,10,10,30,10,3,3,2,0,2,0,4,2,262150969,1274936498,6,3,9999,9999,1,1
1,97,107,52,2,0,1,10100,0,213,2024,6,15,12,27,12,5,37,19,23,1,2,1,1,7,9,22,9,22,14,9,30,70,4,2,21,65,65,4,4,31,31,1,1,1,1,11,11,10,10,25,50,3,3,2,1,2,2,4,2,261942654,1275406347,7,3,9999,9999,9,9
1,97,107,53,2,0,1,25080,409,213,2024,5,8,18,36,13,5,47,19,5,1,2,1,1,1,9,22,9,22,15,6,30,70,5,2,21,35,1,4,4,31,31,1,1,1,1,11,11,4,4,10,30,3,3,2,2,2,2,4,2,262331474,1274956986,4,3,9999,9999,1,1
1,97,107,54,2,0,1,27240,0,213,2024,6,14,22,30,22,5,36,19,23,3,2,2,13,7,0,0,0,0,3,2,1,70,4,2,1,35,55,3,61,31,0,1,0,1,0,11,0,3,0,50,0,4,0,2,0,2,0,4,2,262156333,1275117586,6,3,9999,0,1,0
1,97,107,55,2,0,1,10850,0,213,2024,7,3,15,35,12,5,41,19,26,1,1,1,14,7,0,0,0,0,3,9,1,70,1,2,21,65,55,3,4,31,31,1,1,1,1,11,11,4,4,40,50,3,2,2,2,2,2,2,4,262104558,1274944396,4,3,9999,9999,9,9
1,97,107,56,2,0,1,25080,0,213,2024,7,3,7,19,12,5,41,19,26,1,2,1,14,7,0,0,0,0,4,7,1,70,4,2,21,25,45,3,4,31,31,1,1,1,1,11,11,3,3,80,60,2,2,2,2,2,2,4,2,261847398,1275416178,4,3,9999,9999,1,1
1,97,107,57,2,0,1,10100,0,213,2024,5,30,8,20,12,5,37,19,17,2,2,2,14,7,0,0,0,0,3,9,1,70,4,2,21,35,35,3,3,31,31,1,1,1,1,11,11,3,3,51,40,3,3,2,2,2,2,4,2,261945221,1275409806,5,3,9999,9999,1,1
1,97,107,58,2,0,1,25080,410,213,2024,6,28,15,14,12,5,39,19,26,1,2,1,7,1,0,0,0,0,4,9,1,70,4,2,21,45,35,3,4,31,31,1,1,1,1,11,11,3,3,10,30,3,3,2,2,2,2,4,2,262330473,1274957227,6,3,9999,9999,1,1
1,97,107,59,2,0,1,10100,0,213,2024,2,5,7,51,11,7,12,18,15,3,1,2,7,1,0,0,0,0,4,9,1,70,4,2,21,1,45,4,4,31,31,1,1,1,1,11,11,3,3,0,30,3,4,1,2,2,2,4,2,261944756,1275304970,2,3,9999,9999,1,1
1,97,107,60,2,0,1,32040,0,213,2024,2,8,17,4,12,7,10,18,17,1,1,1,1,7,9,22,9,22,15,9,30,70,5,4,21,65,65,4,14,31,31,1,11,1,1,11,11,10,10,10,40,2,3,2,2,2,2,4,2,262127317,1275009884,5,3,9999,9999,9,9
1,97,107,61,2,0,1,99000,0,213,2024,7,3,19,44,21,5,41,19,26,1,3,1,0,7,0,0,0,0,0,0,20,70,0,4,21,75,25,4,35,31,31,1,0,1,0,11,11,10,10,80,10,3,3,2,0,2,0,4,2,262015490,1275043469,4,3,926,9999,9,1
1,97,107,62,2,0,1,32040,0,213,2024,6,3,7,55,12,5,37,19,19,3,2,2,14,7,0,0,0,0,2,9,1,70,5,4,21,25,25,4,4,31,31,1,1,1,1,11,11,10,10,26,60,3,3,2,2,2,2,4,2,262032392,1275050590,2,3,9999,9999,5,1
1,97,107,63,2,0,1,27240,0,213,2024,7,3,16,25,12,5,41,19,26,1,2,1,7,1,0,0,0,0,4,9,1,70,4,2,21,1,55,3,4,31,31,1,1,1,1,11,11,3,3,10,30,3,3,2,2,2,2,4,2,262058175,1275014230,4,3,9999,9999,1,1
1,97,107,64,2,0,1,32040,0,213,2024,7,2,14,1,12,5,41,19,26,1,2,1,1,7,9,22,1,21,15,9,30,70,5,2,21,1,65,3,4,31,31,1,1,1,1,11,11,2,2,50,10,3,2,2,2,2,2,2,4,262257587,1275111423,3,3,9999,9999,1,1
1,97,107,65,2,0,1,10750,0,213,2024,7,8,8,6,12,5,43,19,26,1,1,1,1,2,9,22,9,22,15,9,30,70,5,2,21,25,45,4,4,31,31,1,1,1,1,11,11,3,3,80,48,3,3,2,2,2,2,4,4,262142689,1275046122,2,3,9999,9999,4,9
1,97,107,66,2,0,1,32040,0,213,2024,6,15,21,55,22,5,37,19,23,3,1,2,14,1,0,0,0,0,4,9,1,70,4,2,21,1,25,3,4,31,31,1,1,1,1,11,11,2,2,10,30,3,3,2,2,2,2,4,2,262105623,1275007224,7,3,9999,9999,1,1
1,97,107,67,2,0,1,32040,0,213,2024,7,19,8,27,12,5,48,19,23,1,1,1,1,7,9,22,9,22,14,9,30,70,5,3,21,35,1,3,51,31,41,1,0,1,0,11,0,10,0,80,20,3,3,2,0,2,0,4,2,262105540,1275201718,6,3,9999,0,1,0
1,97,107,68,2,0,1,10850,0,213,2024,7,5,12,55,12,5,42,19,26,1,1,1,14,7,0,0,0,0,5,9,1,70,1,2,21,75,55,3,35,31,31,1,0,1,0,11,11,4,4,50,14,4,3,2,0,2,0,4,2,262013204,1275043573,6,3,367,9999,9,9
1,97,107,69,2,0,1,10750,0,213,2024,7,17,17,45,12,5,47,19,23,2,1,1,7,7,0,0,0,0,5,8,1,70,4,2,21,45,55,4,4,31,31,1,1,1,1,11,11,3,3,10,30,3,3,2,2,2,2,4,2,262154313,1275059590,4,3,9999,9999,1,9