data_category,prefecture_code,police_station_code,report_id,accident_details_code,fatalities,injured_persons,route_code,location_code,municipality_code,occurence_year,occurence_month,occurence_date,occurence_hour,occurence_minute,day_night_code,sunrise_hour,sunrise_minute,sunset_hour,sunset_minute,weather_code,terrain_code,road_condition_code,road_config_code,traffic_signal_code,stop_reg_signage_code_party_a,stop_reg_roadmarking_code_party_a,stop_reg_signage_code_party_b,stop_reg_roadmarking_code_party_b,road_width_code,road_alignment_code,collision_point_code,zone_reg_code,median_facility_code,pedestrian_vehicle_separation_code,accident_type_code,age_party_a,age_party_b,party_type_code_party_a,party_type_code_party_b,vehicle_use_code_party_a,vehicle_use_code_party_b,vehicle_shape_code_party_a,vehicle_shape_code_party_b,auto_transm_code_party_a,auto_transm_code_party_b,safety_feature_code_party_a,safety_feature_code_party_b,speed_reg_code_party_a,speed_reg_code_party_b,vehicle_impact_point_code_party_a,vehicle_impact_point_code_party_b,vehicle_damage_level_party_a,vehicle_damage_level_party_b,airbag_code_party_a,airbag_code_party_b,side_airbag_code_party_a,side_airbag_code_party_b,injury_severity_code_party_a,injury_severity_code_party_b,latitude_north,longitude_east,occurence_day_code,public_holiday_code,days_since_cognitive_test_party_a,days_since_cognitive_test_party_b,driving_practice_method_code_party_a,driving_practice_method_code_party_b
1,97,107,70,2,0,2,25160,0,213,2024,7,14,14,24,12,5,46,19,24,1,2,1,7,1,0,0,0,0,4,1,1,70,4,2,21,65,55,4,4,31,31,1,1,1,1,11,11,3,3,10,31,3,3,2,2,2,2,4,2,262100216,1275017531,1,2,9999,9999,9,9
1,97,108,32,2,0,1,27550,390,213,2024,5,21,18,43,13,5,40,19,12,3,1,2,14,1,0,0,0,0,4,9,1,70,4,2,1,25,1,14,61,31,0,11,0,1,0,11,0,3,0,10,0,3,0,2,0,2,0,4,2,262430712,1274944022,3,3,9999,0,1,0
1,97,108,33,2,0,2,95000,0,213,2024,5,25,12,46,12,5,39,19,14,2,1,1,14,7,0,0,0,0,2,8,1,70,5,2,21,65,45,3,4,31,31,1,1,1,1,11,11,10,10,10,10,3,3,2,2,2,2,4,2,262517558,1274931206,7,3,9999,9999,9,9
1,97,108,34,2,0,1,580,852,311,2024,6,26,8,45,12,5,39,19,26,1,3,1,14,7,0,0,0,0,4,9,1,70,4,2,21,35,35,3,4,31,31,1,1,1,1,11,11,4,4,10,30,3,3,2,2,2,2,4,2,262755904,1274944836,4,3,9999,9999,1,1
1,97,108,35,2,0,2,580,704,311,2024,6,18,10,3,12,5,37,19,24,3,2,2,14,7,0,0,0,0,4,9,1,70,4,2,21,25,1,3,4,31,31,1,1,1,1,11,11,4,4,30,10,3,3,2,2,2,2,2,4,263133146,1275528574,3,3,9999,9999,1,1
1,97,108,36,2,0,3,3290,357,213,2024,5,18,7,50,12,5,41,19,11,1,1,2,7,1,0,0,0,0,5,9,1,70,4,2,21,35,25,3,4,31,31,1,1,1,1,11,11,4,4,30,10,3,3,2,2,2,2,2,4,262602605,1275004675,7,3,9999,9999,1,1
1,97,108,37,2,0,1,3290,359,213,2024,6,21,19,8,13,5,38,19,25,1,1,1,14,7,0,0,0,0,5,9,1,70,1,2,21,45,35,3,3,31,31,1,1,1,1,11,11,4,4,80,50,3,3,2,2,2,2,4,2,262559747,1274958429,6,3,9999,9999,1,1
1,97,108,38,2,0,1,10730,0,311,2024,7,14,13,53,12,5,46,19,24,1,3,1,14,7,0,0,0,0,4,7,1,70,4,2,21,35,25,4,33,31,31,1,0,1,0,11,11,3,3,20,10,3,3,2,0,2,0,4,2,262629116,1274821168,1,2,9999,9999,1,1
1,97,108,39,2,0,2,3290,364,213,2024,7,5,17,10,12,5,42,19,26,2,2,1,7,1,0,0,0,0,6,9,1,70,1,2,21,25,45,3,13,31,31,1,11,1,2,11,11,4,4,30,10,3,3,2,2,2,2,2,4,262603631,1274941322,6,3,9999,9999,1,1
1,97,108,40,2,0,1,33140,0,314,2024,7,23,11,2,12,5,50,19,21,2,3,2,13,7,0,0,0,0,3,2,1,70,4,2,21,35,75,3,13,31,31,1,11,1,2,11,11,3,3,10,10,2,1,1,2,2,2,4,2,262712956,1275056857,3,3,0,910,0,9
1,97,108,41,2,0,1,580,852,311,2024,6,16,16,55,12,5,37,19,24,2,3,1,14,1,0,0,0,0,3,9,1,70,4,2,21,25,45,3,3,31,31,1,1,1,1,11,11,4,4,10,30,3,3,2,2,2,2,4,4,262755656,1274944440,1,3,9999,9999,1,1
1,97,109,73,2,0,1,32090,0,209,2024,2,19,15,20,12,7,2,18,24,2,3,1,1,7,9,22,9,22,11,1,30,70,5,4,21,75,65,3,36,31,31,1,0,1,0,11,11,10,10,10,10,3,2,2,0,2,0,4,2,263641486,1280038779,2,3,9999,9999,9,9
1,97,109,74,2,0,1,32090,0,209,2024,6,14,8,42,12,5,36,19,23,2,3,1,1,7,1,22,9,22,15,9,30,70,5,2,21,25,1,4,52,31,41,1,0,1,0,11,0,3,0,10,40,3,3,2,0,2,0,4,2,263709235,1275808972,6,3,9999,0,4,0
1,97,109,75,2,0,1,580,672,209,2024,6,15,20,25,22,5,37,19,23,1,3,1,14,7,0,0,0,0,3,9,1,70,4,2,21,25,1,3,4,31,31,1,1,1,1,11,11,4,4,50,10,2,2,1,1,2,2,4,2,263219198,1275655637,7,3,0,9999,0,1
1,97,109,76,2,0,1,580,599,209,2024,6,10,13,6,12,5,36,19,22,3,1,2,1,1,9,22,9,22,18,9,30,70,5,2,21,1,1,3,4,31,31,1,1,1,1,11,11,5,5,10,31,3,3,2,2,2,2,4,2,263444339,1275906173,2,3,9999,9999,1,1
1,97,109,77,2,0,1,580,639,209,2024,7,5,17,10,12,5,42,19,26,1,3,1,14,7,0,0,0,0,5,9,1,70,3,2,21,45,1,3,4,31,31,1,1,1,1,11,11,5,5,80,60,3,3,2,2,2,2,4,2,263254694,1275800872,6,3,0,9999,0,1
1,97,109,78,2,0,1,32090,0,209,2024,7,9,7,56,12,5,44,19,25,1,1,1,7,7,0,0,0,0,3,7,1,70,4,2,21,25,25,3,3,31,31,1,1,1,1,11,11,3,3,50,80,2,2,2,2,2,2,4,2,263553675,1275826357,3,3,9999,9999,1,1
1,97,109,79,2,0,1,580,531,209,2024,7,11,10,53,12,5,45,19,25,1,2,1,7,1,0,0,0,0,5,9,1,70,1,2,21,65,45,3,3,31,31,1,1,1,1,11,11,4,4,10,30,3,3,2,2,2,2,4,2,263629030,1275954744,5,3,9999,9999,9,3
1,97,109,80,2,0,1,580,672,209,2024,7,15,13,12,12,5,46,19,24,1,3,1,14,2,0,0,0,0,3,9,1,70,4,2,21,65,45,3,36,31,31,1,0,1,0,11,11,4,10,40,10,3,3,2,0,2,0,4,2,263218737,1275654812,2,1,9999,9999,9,1
1,97,109,81,2,0,1,580,681,209,2024,7,9,11,40,12,5,44,19,25,1,3,1,12,7,0,0,0,0,3,9,1,70,4,2,21,55,45,13,4,31,31,11,1,1,1,11,11,4,4,10,30,3,3,2,2,2,2,4,2,263206544,1275628651,3,3,9999,9999,9,5
1,97,109,82,2,0,4,580,575,209,2024,7,8,11,50,12,5,43,19,26,1,1,1,7,7,0,0,0,0,5,9,1,70,1,2,21,25,35,3,4,31,31,1,1,1,1,11,11,5,5,10,31,3,3,2,2,2,2,4,4,263536326,1275813267,2,3,9999,9999,1,1
1,97,109,83,2,0,1,580,629,209,2024,7,22,11,37,12,5,50,19,22,1,3,1,7,1,0,0,0,0,5,9,1,70,1,2,21,75,25,3,3,31,31,1,1,1,1,11,11,5,5,50,70,3,4,2,2,2,2,4,4,263320977,1275822044,2,3,1050,9999,9,1
1,97,109,84,2,0,1,580,512,209,2024,7,22,18,20,12,5,50,19,22,3,3,2,14,7,0,0,0,0,4,9,1,70,7,2,21,35,1,3,4,31,31,1,1,1,1,11,11,4,4,30,10,2,2,2,1,2,2,2,4,263659497,1280050868,2,3,9999,9999,1,1
1,97,109,85,2,0,1,10840,0,209,2024,7,18,7,15,12,5,48,19,23,1,3,1,7,1,0,0,0,0,4,9,1,70,4,2,21,45,1,4,4,31,31,1,1,1,1,11,11,2,2,10,30,3,3,2,2,2,2,4,2,263808930,1275741285,5,3,9999,9999,9,1
1,97,109,86,2,0,1,580,679,209,2024,7,20,14,19,12,5,49,19,22,1,2,1,7,1,0,0,0,0,3,9,1,70,4,2,21,75,1,4,4,31,31,1,1,1,1,11,11,4,4,10,30,2,2,1,2,2,2,4,2,263205248,1275635765,7,3,1041,9999,9,1
1,97,109,87,2,0,1,580,682,209,2024,7,21,16,0,12,5,49,19,22,1,3,1,1,7,9,22,9,22,15,9,30,70,4,2,21,65,45,3,32,1,31,1,0,1,0,11,11,4,4,80,10,3,3,2,0,2,0,4,2,263207714,1275626308,1,3,9999,9999,9,1
1,97,110,17,2,0,2,27190,0,308,2024,5,25,23,54,22,5,39,19,14,2,3,1,1,7,9,22,1,21,15,9,30,70,4,2,21,35,45,3,4,31,31,1,1,1,1,11,11,2,2,10,28,3,2,2,2,2,2,4,2,263910145,1275255744,7,3,9999,9999,1,1
1,97,110,19,2,0,1,33080,0,308,2024,7,1,10,54,12,5,41,19,26,1,2,1,1,7,1,21,9,22,15,9,30,70,5,2,21,25,75,3,4,31,31,1,1,1,1,11,11,10,10,80,50,3,3,2,2,2,2,4,2,263928379,1275314381,2,3,9999,846,1,9
1,97,111,40,2,0,1,27040,0,214,2024,6,15,11,33,12,5,37,19,23,1,3,1,14,7,0,0,0,0,3,9,1,70,4,2,21,55,65,3,4,31,31,1,1,1,1,11,11,3,3,80,80,2,2,2,1,2,2,2,4,244827968,1251251509,7,3,9999,9999,9,9
1,97,111,41,2,0,2,27430,0,214,2024,6,26,12,55,12,5,39,19,26,1,3,1,7,1,0,0,0,0,3,9,1,70,1,2,21,35,1,3,3,31,31,1,1,1,1,11,11,4,4,10,60,3,3,2,2,2,2,4,2,244651031,1251803514,4,3,9999,9999,1,5
1,97,111,42,2,0,1,99000,0,214,2024,6,15,11,0,12,5,37,19,23,1,1,1,0,7,0,0,0,0,0,0,20,70,0,4,21,45,35,3,4,31,31,1,1,1,1,11,11,10,10,30,10,3,3,2,2,2,2,4,2,244720346,1251649166,7,3,9999,9999,1,1
1,97,111,43,2,0,1,3900,0,214,2024,6,15,11,15,12,5,37,19,23,1,1,1,14,7,0,0,0,0,3,9,1,70,4,2,21,45,45,4,4,31,31,1,1,1,1,11,11,3,3,50,80,3,3,2,2,2,2,4,2,244750582,1251621022,7,3,9999,9999,9,9
1,97,111,44,2,0,1,3900,0,214,2024,5,22,9,30,12,5,40,19,13,3,1,2,14,7,0,0,0,0,4,9,1,70,4,2,21,25,35,3,13,31,31,1,11,1,1,11,11,3,3,10,10,2,2,1,1,2,2,4,2,244759129,1251604973,4,3,9999,9999,1,5
1,97,111,45,2,0,1,33630,0,214,2024,7,1,15,3,12,5,41,19,26,1,1,1,14,7,0,0,0,0,4,9,1,70,4,2,21,65,45,3,13,31,31,1,11,1,1,11,11,3,3,10,30,2,3,1,2,2,2,4,2,244801681,1251717174,2,3,9999,9999,9,1
1,97,111,46,2,0,1,33630,0,214,2024,6,22,13,50,12,5,38,19,25,1,1,1,14,7,0,0,0,0,4,8,1,70,4,2,21,55,45,4,35,31,31,1,0,1,0,11,11,3,3,40,10,3,2,2,0,2,0,4,2,244805342,1251712505,7,3,9999,9999,9,9
1,97,111,47,2,0,1,33630,0,214,2024,6,22,10,24,12,5,38,19,25,1,3,1,14,7,0,0,0,0,3,9,1,70,4,2,21,55,1,1,51,1,41,1,0,2,0,11,0,2,0,40,20,3,3,2,0,2,0,4,2,244951125,1251654602,7,3,9999,0,9,0
1,97,111,48,2,0,1,27350,0,214,2024,6,16,12,33,12,5,37,19,24,1,3,1,14,7,0,0,0,0,3,9,1,70,4,2,21,45,45,3,31,31,31,1,0,1,0,11,11,10,10,20,0,3,2,2,0,2,0,4,2,244324510,1251939418,1,3,9999,9999,9,9
1,97,111,49,2,0,1,10780,0,214,2024,7,19,17,32,12,5,48,19,23,1,1,1,14,7,0,0,0,0,4,9,1,70,4,2,1,35,1,3,61,31,0,1,0,1,0,11,0,10,0,20,0,4,0,2,0,2,0,4,2,244800842,1251709254,6,3,9999,0,1,0
1,97,111,50,2,0,1,99000,0,214,2024,5,13,23,5,22,5,44,19,8,3,3,2,0,7,0,0,0,0,0,0,20,70,0,4,41,35,0,36,75,31,0,0,0,0,0,11,0,10,0,10,0,3,0,0,0,0,0,4,0,244426380,1251551325,2,3,0,0,0,0
1,97,111,51,2,0,1,10830,0,214,2024,7,10,13,22,12,5,44,19,25,1,1,1,1,1,9,22,0,0,15,9,30,70,5,2,1,55,1,14,61,31,0,11,0,1,0,11,0,2,0,10,0,4,0,2,0,2,0,4,2,244836126,1251712646,4,3,9999,0,1,0
1,97,111,52,2,0,1,3900,0,214,2024,7,22,12,10,12,5,50,19,22,1,1,1,14,7,0,0,0,0,4,9,1,70,4,2,21,55,65,3,3,31,31,1,1,1,1,11,11,3,3,10,70,3,3,2,2,2,2,4,4,244808356,1251617756,2,3,9999,9999,9,9
1,97,111,53,2,0,3,33630,0,214,2024,6,30,21,8,22,5,40,19,26,1,1,1,7,1,0,0,0,0,3,9,1,70,4,2,21,35,45,3,14,31,31,1,11,1,1,11,11,3,3,31,10,2,2,2,1,2,2,2,4,244749232,1251717246,1,3,9999,9999,3,9
1,97,111,54,2,0,1,26900,0,214,2024,7,18,8,45,12,5,48,19,23,1,3,1,1,7,9,22,9,22,15,9,30,70,4,2,21,35,45,3,14,31,31,1,11,1,2,11,11,3,3,30,10,3,3,2,2,2,2,2,4,244519296,1251845896,5,3,9999,9999,1,9
1,97,112,41,2,0,1,99000,0,207,2024,6,24,16,0,12,5,38,19,25,1,3,1,0,7,0,0,0,0,0,0,20,70,0,2,21,65,25,3,4,31,31,1,1,1,1,11,11,10,10,30,10,3,3,2,2,2,2,4,2,242324932,1241444894,2,3,9999,9999,9,5
1,97,112,42,2,0,2,32070,0,207,2024,5,26,14,27,12,5,38,19,15,1,1,1,1,7,9,22,9,22,15,9,30,70,5,4,21,65,65,3,3,1,1,1,1,1,1,11,11,10,10,40,10,3,3,2,2,2,2,4,4,242036733,1240914018,1,3,9999,9999,9,9
1,97,112,43,2,0,1,32070,0,207,2024,6,27,5,57,11,5,39,19,26,1,3,1,1,7,9,22,9,22,14,9,30,70,5,4,21,65,35,4,14,31,31,1,11,1,2,11,11,10,10,20,80,3,3,1,2,1,2,2,4,242156322,1241010898,5,3,9999,9999,9,1
1,97,112,44,2,0,1,32070,0,207,2024,6,20,17,15,12,5,37,19,25,1,1,1,7,7,0,0,0,0,3,9,1,70,4,2,21,35,45,13,36,1,31,11,0,1,0,11,11,3,10,10,30,3,3,2,0,2,0,4,2,242024014,1240949241,5,3,9999,9999,1,1
1,97,112,45,2,0,1,3900,0,207,2024,7,4,11,10,12,5,42,19,26,1,1,1,14,7,0,0,0,0,3,9,1,70,4,2,21,45,55,4,36,31,31,1,0,1,0,11,11,3,10,40,10,3,3,2,0,2,0,4,2,242015601,1240930017,5,3,9999,9999,1,9
1,97,112,46,2,0,1,32070,0,207,2024,7,9,8,18,12,5,44,19,25,1,1,1,1,7,9,22,9,22,11,9,30,70,5,4,21,45,55,4,14,31,31,1,11,1,1,11,11,10,10,80,10,4,3,2,2,2,2,2,4,242020227,1241029312,3,3,9999,9999,1,1
1,97,112,48,2,0,1,27090,0,207,2024,7,3,17,49,12,5,41,19,26,1,3,1,14,7,0,0,0,0,3,9,1,70,4,2,21,65,35,4,4,31,31,1,1,1,1,11,11,3,3,10,10,3,3,2,2,2,2,4,2,242126003,1241202293,4,3,9999,9999,9,1
1,97,112,49,2,0,1,10870,0,207,2024,3,15,18,0,13,6,39,18,38,2,2,1,1,7,9,22,9,22,15,7,30,70,4,2,21,25,55,4,35,31,31,1,0,1,0,11,11,3,3,81,12,3,3,2,0,2,0,4,2,242135449,1241027602,6,3,9999,9999,1,9
1,97,112,50,2,0,1,32070,0,207,2024,7,20,23,15,22,5,49,19,22,1,1,1,1,7,9,22,9,22,14,9,30,70,5,2,21,65,35,3,36,1,31,1,0,1,0,11,11,1,10,50,10,3,3,2,0,2,0,4,2,242019950,1240925978,7,3,9999,9999,9,1
1,97,112,51,2,0,1,10870,0,207,2024,7,21,8,20,12,5,49,19,22,1,3,1,1,7,1,22,9,22,15,9,30,70,4,2,21,65,55,4,4,31,31,1,1,1,1,11,11,3,3,80,10,3,3,1,1,2,2,4,2,242251935,1241120004,1,3,9999,9999,9,9
1,97,112,52,2,0,1,27150,0,381,2024,7,19,10,45,12,5,48,19,23,1,3,1,14,7,0,0,0,0,3,7,1,70,4,2,41,1,0,4,75,31,0,1,0,1,0,11,0,3,0,10,0,2,0,2,0,2,0,4,0,242346151,1235205624,6,3,9999,0,1,0
1,97,112,53,2,0,1,3900,0,207,2024,7,20,11,25,12,5,49,19,22,1,1,1,14,7,0,0,0,0,4,9,1,70,4,2,21,35,25,3,36,31,31,1,0,1,0,11,11,3,10,80,24,3,3,2,0,2,0,4,2,242015500,1240929750,7,3,9999,9999,1,1
1,97,113,160,2,0,1,33290,0,329,2024,6,23,11,7,12,5,38,19,25,1,1,1,1,2,9,22,1,21,15,9,30,70,5,2,21,45,55,3,13,31,31,1,11,1,1,11,11,3,10,50,80,2,2,2,2,2,2,2,4,261326929,1274606686,1,3,9999,9999,9,9
1,97,113,161,2,0,1,99000,0,208,2024,6,21,12,0,12,5,38,19,25,1,1,1,0,7,0,0,0,0,0,0,20,70,0,4,1,35,45,13,61,31,0,11,0,2,0,11,0,10,0,70,0,4,0,2,0,2,0,4,2,261518104,1274257100,6,3,9999,0,1,0
1,97,113,163,2,0,1,99000,0,208,2024,5,27,11,45,12,5,38,19,15,2,1,1,0,7,0,0,0,0,0,0,20,70,0,2,21,25,75,3,4,31,31,1,1,1,1,11,11,10,3,80,81,3,2,2,1,2,2,2,4,261503992,1274250375,2,3,9999,251,1,9
1,97,113,164,2,0,1,32080,0,208,2024,5,28,6,50,12,5,38,19,16,1,1,1,1,7,9,22,9,22,15,9,30,70,5,2,21,35,1,4,35,31,31,1,0,1,0,11,11,10,2,60,10,3,3,2,0,2,0,4,2,261522496,1274303745,3,3,9999,9999,5,1
1,97,113,165,2,0,1,580,1168,208,2024,6,25,12,16,12,5,39,19,25,1,1,1,1,1,9,22,9,22,18,9,30,70,5,2,21,45,45,11,4,1,31,11,1,2,1,11,11,4,4,80,60,3,3,2,2,2,2,4,2,261440200,1274137673,3,3,9999,9999,9,9
1,97,113,166,2,0,1,580,0,208,2024,5,27,13,27,12,5,38,19,15,2,2,1,1,1,9,22,9,22,19,9,30,70,5,2,21,25,55,17,17,31,1,11,11,2,1,11,11,10,10,10,30,3,3,2,2,2,2,4,2,261619182,1274225276,2,3,9999,9999,1,9
1,97,113,167,2,0,1,32080,0,208,2024,6,21,17,20,12,5,38,19,25,1,1,1,7,7,0,0,0,0,3,9,1,70,4,2,21,25,1,3,35,31,31,1,0,1,0,11,11,1,3,50,40,3,3,2,0,2,0,4,2,261436092,1274158826,6,3,9999,9999,5,1
1,97,113,168,2,0,1,580,1170,208,2024,7,4,13,28,12,5,42,19,26,1,1,1,1,7,1,21,9,22,17,5,30,70,1,2,21,45,1,3,51,31,41,1,0,1,0,11,0,1,0,10,20,4,3,2,0,2,0,4,2,261435966,1274132114,5,3,9999,0,1,0
1,97,113,169,2,0,1,3290,642,329,2024,7,2,7,43,12,5,41,19,26,1,2,1,14,7,0,0,0,0,4,9,1,70,4,2,21,65,1,4,51,31,41,1,0,1,0,11,0,10,0,88,22,3,3,2,0,2,0,4,2,261313310,1274555645,3,3,9999,0,9,0
1,97,113,170,2,0,1,27410,0,208,2024,6,28,10,25,12,5,39,19,26,1,1,1,14,7,0,0,0,0,3,9,1,70,4,2,1,55,75,4,61,31,0,1,0,1,0,11,0,10,0,10,0,4,0,2,0,2,0,4,2,261413934,1274406601,6,3,9999,0,9,0
1,97,113,171,2,0,1,3290,652,329,2024,6,26,7,25,12,5,39,19,26,1,1,1,14,7,0,0,0,0,5,9,1,70,2,2,21,35,1,3,4,31,31,1,1,1,1,11,11,4,4,40,50,3,3,2,2,2,2,2,4,261244820,1274538023,4,3,9999,9999,1,1
1,97,113,172,2,0,1,99000,0,329,2024,6,21,14,30,12,5,38,19,25,1,1,1,0,7,0,0,0,0,0,0,20,70,0,4,21,25,65,3,4,31,31,1,1,1,1,11,11,10,10,70,80,3,3,2,2,2,2,2,4,261301614,1274551498,6,3,9999,9999,1,9
1,97,113,173,2,0,1,32080,0,208,2024,7,2,12,30,12,5,41,19,26,1,1,1,1,7,9,22,9,22,15,9,30,70,5,2,21,35,25,3,4,31,31,1,1,1,1,11,11,10,2,10,40,2,1,1,1,1,2,4,2,261443642,1274421365,3,3,9999,9999,5,1
1,97,113,174,2,0,1,580,1155,208,2024,5,30,16,4,12,5,37,19,17,1,2,1,7,1,0,0,0,0,6,9,1,70,1,2,21,25,45,3,4,31,31,1,1,1,1,11,11,4,4,11,33,3,3,2,2,2,2,4,2,261507556,1274212766,5,3,9999,9999,1,5
1,97,113,175,2,0,1,3300,158,208,2024,4,23,8,4,12,5,59,18,57,1,1,1,12,7,0,0,0,0,4,9,1,70,1,2,21,25,1,3,4,31,31,1,1,1,1,11,11,4,4,30,10,3,3,2,2,2,2,2,4,261519922,1274344425,3,3,9999,9999,1,1
1,97,113,176,2,0,1,32080,0,208,2024,5,9,21,10,22,5,46,19,6,1,1,1,13,7,0,0,0,0,3,4,1,70,4,2,21,65,55,4,34,31,31,1,0,1,0,11,11,2,2,50,20,2,3,2,0,2,0,4,2,261421739,1274317922,5,3,9999,9999,9,9
1,97,113,177,2,0,1,32080,0,208,2024,7,6,20,17,21,5,42,19,26,1,1,1,14,7,0,0,0,0,3,9,1,70,4,2,1,35,75,4,61,31,0,1,0,1,0,0,0,2,0,10,0,3,0,2,0,2,0,4,2,261520012,1274246433,7,3,9999,0,9,0
1,97,113,178,2,0,1,27410,0,208,2024,5,21,17,40,12,5,40,19,12,3,1,2,13,7,0,0,0,0,4,4,1,70,4,2,21,65,45,4,4,31,31,1,1,1,2,11,11,3,3,10,30,3,3,2,2,2,2,4,2,261447746,1274414950,3,3,9999,9999,1,9
1,97,113,179,2,0,1,32080,0,208,2024,6,25,20,25,22,5,39,19,25,1,1,1,1,7,9,22,9,22,15,8,30,70,2,2,21,1,35,3,3,31,31,1,1,1,1,11,11,2,2,10,30,3,3,2,2,2,2,4,2,261416699,1274227713,3,3,9999,9999,1,5
1,97,113,180,2,0,2,32080,0,208,2024,6,21,12,56,12,5,38,19,25,1,1,1,13,7,0,0,0,0,4,6,1,70,4,2,21,35,55,14,35,31,31,11,0,1,0,11,11,3,3,80,40,3,3,2,0,2,0,2,2,261415958,1274216366,6,3,9999,9999,1,9
1,97,113,181,2,0,1,33290,0,329,2024,7,2,11,23,12,5,41,19,26,1,1,1,14,1,0,0,0,0,3,9,1,70,5,4,21,45,1,14,51,31,41,11,0,1,0,11,0,10,0,80,10,3,3,2,0,2,0,4,2,261421059,1274544989,3,3,9999,0,9,0
1,97,113,182,2,0,2,580,1164,208,2024,6,9,0,41,22,5,36,19,21,1,1,1,14,7,0,0,0,0,5,9,1,70,3,2,21,1,65,3,3,31,1,1,1,1,1,11,11,4,4,80,20,3,3,2,2,2,2,4,4,261449517,1274149423,1,3,0,9999,0,9
1,97,113,183,2,0,1,32080,0,208,2024,7,1,19,25,13,5,41,19,26,1,1,1,1,7,9,22,9,22,11,9,30,70,5,4,21,45,1,14,36,31,31,11,0,2,0,11,11,10,10,55,11,4,3,2,0,2,0,4,2,261406713,1274252636,2,3,9999,9999,5,1
1,97,113,184,2,0,1,32080,0,208,2024,7,21,2,2,22,5,49,19,22,1,1,1,13,7,0,0,0,0,3,6,1,70,4,3,1,65,35,3,61,1,0,1,0,1,0,11,0,2,0,10,0,3,0,2,0,2,0,4,2,261614164,1274327858,1,3,9999,0,9,0
1,97,113,185,2,0,1,27410,0,208,2024,6,24,17,27,12,5,38,19,25,1,1,1,0,7,0,0,0,0,0,0,20,70,0,2,21,45,1,4,51,31,41,1,0,1,0,1,0,10,0,80,10,3,3,2,0,2,0,4,2,261523191,1274426059,2,3,9999,0,5,0
1,97,113,187,2,0,1,580,1153,208,2024,7,16,11,0,12,5,47,19,24,1,1,1,7,1,0,0,0,0,6,9,1,70,1,2,21,55,65,13,4,31,31,11,1,2,1,11,11,4,4,10,30,3,3,2,2,2,2,4,2,261514314,1274219789,3,3,9999,9999,1,9
1,97,113,188,2,0,1,25340,0,329,2024,7,22,14,15,12,5,50,19,22,1,2,1,14,7,0,0,0,0,4,9,1,70,4,2,21,1,35,4,4,31,31,1,1,1,1,11,11,3,3,10,30,3,3,2,2,2,2,4,2,261450816,1274527749,2,3,9999,9999,1,1
1,97,113,189,2,0,1,580,1127,208,2024,7,23,8,42,12,5,50,19,21,1,1,1,1,1,9,22,9,22,14,9,30,70,5,2,21,55,45,4,35,31,31,1,0,1,0,11,11,4,4,80,14,3,3,2,0,2,0,4,2,261558810,1274324362,3,3,9999,9999,9,9
1,97,114,86,2,0,1,27560,0,212,2024,6,23,15,28,12,5,38,19,25,1,1,1,14,7,0,0,0,0,3,9,1,70,4,2,21,1,25,4,4,31,31,1,1,1,1,11,11,3,3,50,70,3,3,2,2,2,2,4,2,260912456,1274017828,1,3,9999,9999,1,1
1,97,114,87,2,0,1,27560,0,212,2024,6,20,17,58,12,5,37,19,25,1,2,1,14,7,0,0,0,0,4,9,1,70,4,2,21,1,25,4,4,31,31,1,1,1,1,11,11,3,3,10,30,3,3,2,2,2,2,4,2,261019222,1273959929,5,3,9999,9999,1,1
1,97,114,88,2,0,1,32010,0,201,2024,6,3,7,56,12,5,37,19,19,3,1,2,1,7,9,22,0,0,14,9,30,70,5,3,1,45,35,4,61,31,0,1,0,2,0,11,0,10,0,50,0,4,0,2,0,2,0,4,2,261105298,1273954803,2,3,9999,0,1,0
1,97,114,89,2,0,1,27210,0,201,2024,5,24,19,49,21,5,39,19,14,1,1,2,14,7,0,0,0,0,2,8,1,70,1,2,1,1,25,51,61,41,0,0,0,0,0,0,0,0,0,10,0,3,0,0,0,0,0,4,2,261139314,1273950137,6,3,0,0,0,0
1,97,114,90,2,0,1,99000,0,201,2024,6,29,17,0,12,5,40,19,26,1,3,1,0,7,0,0,0,0,0,0,20,70,0,2,1,65,45,3,61,1,0,1,0,1,0,11,0,2,0,10,0,4,0,2,0,2,0,4,2,261219264,1273904759,7,3,9999,0,9,0
1,97,114,91,2,0,1,10070,0,201,2024,6,9,14,25,12,5,36,19,21,3,1,2,1,7,9,22,9,22,14,9,30,70,4,2,21,65,1,14,51,1,41,11,0,1,0,11,0,3,0,10,40,3,3,2,0,2,0,4,2,261154197,1274032092,1,3,9999,0,9,0
1,97,114,92,2,0,1,10070,0,212,2024,6,28,0,56,22,5,39,19,26,1,1,1,7,1,0,0,0,0,4,9,1,70,4,2,21,1,1,3,4,31,31,1,1,1,1,11,11,3,3,30,10,3,3,2,2,2,2,2,4,261035818,1274055762,6,3,9999,9999,1,1
1,97,114,93,2,0,1,99000,0,212,2024,6,29,13,39,12,5,40,19,26,1,3,1,0,7,0,0,0,0,0,0,20,70,0,4,1,65,35,3,61,31,0,1,0,1,0,11,0,10,0,60,0,4,0,2,0,2,0,4,2,260941058,1273954695,7,3,9999,0,9,0