data_category,prefecture_code,police_station_code,report_id,accident_details_code,fatalities,injured_persons,route_code,location_code,municipality_code,occurence_year,occurence_month,occurence_date,occurence_hour,occurence_minute,day_night_code,sunrise_hour,sunrise_minute,sunset_hour,sunset_minute,weather_code,terrain_code,road_condition_code,road_config_code,traffic_signal_code,stop_reg_signage_code_party_a,stop_reg_roadmarking_code_party_a,stop_reg_signage_code_party_b,stop_reg_roadmarking_code_party_b,road_width_code,road_alignment_code,collision_point_code,zone_reg_code,median_facility_code,pedestrian_vehicle_separation_code,accident_type_code,age_party_a,age_party_b,party_type_code_party_a,party_type_code_party_b,vehicle_use_code_party_a,vehicle_use_code_party_b,vehicle_shape_code_party_a,vehicle_shape_code_party_b,auto_transm_code_party_a,auto_transm_code_party_b,safety_feature_code_party_a,safety_feature_code_party_b,speed_reg_code_party_a,speed_reg_code_party_b,vehicle_impact_point_code_party_a,vehicle_impact_point_code_party_b,vehicle_damage_level_party_a,vehicle_damage_level_party_b,airbag_code_party_a,airbag_code_party_b,side_airbag_code_party_a,side_airbag_code_party_b,injury_severity_code_party_a,injury_severity_code_party_b,latitude_north,longitude_east,occurence_day_code,public_holiday_code,days_since_cognitive_test_party_a,days_since_cognitive_test_party_b,driving_practice_method_code_party_a,driving_practice_method_code_party_b
1,97,114,94,2,0,1,27210,0,201,2024,7,3,17,5,12,5,41,19,26,1,1,1,14,7,0,0,0,0,4,9,1,70,4,2,21,1,45,4,4,31,31,1,1,1,1,11,11,10,10,10,30,3,3,2,2,2,2,4,2,261134476,1273945961,4,3,9999,9999,1,1
1,97,114,95,2,0,2,3320,10,201,2024,6,4,18,5,12,5,37,19,19,1,1,1,1,1,9,22,9,22,19,9,30,70,5,2,21,55,45,3,4,1,31,1,1,1,1,11,11,4,4,10,40,2,2,1,2,2,2,4,2,261244183,1273908474,3,3,9999,9999,9,1
1,97,114,96,2,0,1,10070,0,212,2024,7,3,15,45,12,5,41,19,26,1,1,1,1,1,9,22,0,0,14,9,30,70,5,2,1,75,1,14,61,31,0,11,0,1,0,11,0,3,0,0,0,4,0,2,0,2,0,4,2,261012068,1274133691,4,3,82,0,9,0
1,97,114,97,2,0,1,27490,0,212,2024,7,4,16,12,12,5,42,19,26,1,1,1,14,7,0,0,0,0,4,9,1,70,4,2,21,45,1,3,4,31,31,1,1,1,1,11,11,2,2,60,80,3,3,2,2,2,2,2,4,261033312,1274050102,5,3,9999,9999,5,5
1,97,114,98,2,0,1,33410,0,212,2024,5,23,8,28,12,5,39,19,13,1,1,1,14,7,0,0,0,0,3,9,1,70,4,2,21,65,25,4,31,31,31,1,0,1,0,11,11,2,2,20,10,3,3,2,0,2,0,4,2,261000592,1274138778,5,3,9999,9999,9,1
1,97,114,99,2,0,1,27560,115,212,2024,7,16,14,4,12,5,47,19,24,2,2,1,1,1,9,22,9,22,18,9,30,70,5,2,21,35,65,3,3,31,1,1,1,1,1,11,11,3,3,10,10,2,2,1,2,2,2,4,2,261033132,1274006539,3,3,9999,9999,1,9
1,97,114,100,2,0,1,10070,0,212,2024,7,17,19,50,21,5,47,19,23,1,1,1,14,7,0,0,0,0,3,9,1,70,4,2,21,1,25,4,36,31,31,1,0,1,0,11,11,3,10,10,40,3,3,2,0,2,0,4,2,261056989,1274046124,4,3,9999,9999,1,1
1,97,114,101,2,0,1,10070,0,212,2024,7,15,9,59,12,5,46,19,24,1,3,1,14,7,0,0,0,0,4,9,1,70,4,2,21,45,65,4,14,31,31,1,11,1,1,11,11,3,3,30,10,3,3,2,2,2,2,2,4,261023830,1274122794,2,1,9999,9999,9,9
1,97,114,102,2,0,1,27560,115,212,2024,7,11,15,27,12,5,45,19,25,1,3,1,1,1,9,22,9,22,14,9,30,70,5,2,21,1,45,3,36,31,31,1,0,1,0,11,11,2,10,10,10,3,3,2,0,2,0,4,2,261033143,1274006424,5,3,9999,9999,1,3
1,97,114,103,2,0,2,27310,0,212,2024,7,3,11,35,12,5,41,19,26,1,3,1,14,7,0,0,0,0,5,9,1,70,4,2,21,25,45,4,4,31,31,1,1,1,1,11,11,3,3,10,30,3,3,2,2,2,2,4,2,261025010,1273958392,4,3,9999,9999,5,9
1,97,114,104,2,0,1,3310,47,201,2024,6,26,17,55,12,5,39,19,26,2,1,1,14,7,0,0,0,0,3,9,1,70,1,2,21,45,25,1,3,1,31,1,1,1,1,11,11,4,4,70,50,3,3,2,2,2,2,2,4,261040494,1273913896,4,3,9999,9999,1,1
1,97,114,105,2,0,4,33410,0,212,2024,4,28,14,47,12,5,54,19,0,1,1,1,7,1,0,0,0,0,3,9,1,70,4,2,21,65,45,4,4,31,31,1,1,1,1,11,11,2,2,11,30,2,3,2,2,2,2,4,4,261004872,1274148088,1,2,9999,9999,9,9
1,97,114,106,2,0,1,33410,0,212,2024,7,22,15,0,12,5,50,19,22,1,2,1,1,7,9,22,1,22,15,9,30,70,4,2,21,1,65,3,4,31,31,1,1,1,1,11,11,3,10,40,50,2,3,1,1,2,2,2,4,261009581,1273929808,2,3,9999,9999,1,9
1,97,114,107,2,0,1,33410,0,212,2024,5,20,13,25,12,5,40,19,12,1,1,1,1,7,9,22,9,22,11,9,30,70,5,4,21,1,1,3,35,31,31,1,0,1,0,11,11,10,10,0,40,4,3,2,0,2,0,4,4,261128349,1274154298,2,3,9999,9999,1,1
1,97,114,108,2,0,1,27560,0,212,2024,6,5,11,15,12,5,36,19,19,1,2,1,14,7,0,0,0,0,4,9,1,70,4,2,21,25,45,3,14,31,31,1,11,1,1,11,11,3,3,30,10,2,2,2,2,2,2,2,4,261012490,1274001762,4,3,9999,9999,1,1
1,97,114,109,2,0,1,10070,0,212,2024,7,22,9,45,12,5,50,19,22,1,1,1,1,7,9,22,9,22,15,8,30,70,5,2,21,65,45,3,34,1,31,1,0,1,0,11,11,3,10,50,10,3,3,2,0,2,0,4,2,261116274,1274049876,2,3,9999,9999,9,5
1,97,65,13,2,0,1,47410,3,350,2024,6,30,12,51,12,5,40,19,26,1,3,1,14,7,0,0,0,0,6,9,1,70,1,2,21,25,25,3,4,31,31,1,1,1,1,11,11,3,3,10,30,3,3,2,2,2,2,4,2,261242548,1274335195,1,3,0,9999,0,1
1,97,101,266,2,0,1,32010,0,201,2024,6,22,10,31,12,5,38,19,25,1,1,1,1,7,9,22,9,22,15,9,30,70,5,2,21,65,25,3,36,1,31,1,0,1,0,11,11,2,10,60,10,4,3,2,0,2,0,4,2,261306661,1274049562,7,3,9999,9999,9,5
1,97,101,267,2,0,1,10820,0,201,2024,6,18,11,55,12,5,37,19,24,1,1,1,1,1,9,22,0,0,18,9,30,70,1,2,1,45,75,4,61,31,0,1,0,1,0,11,0,3,0,10,0,4,0,2,0,2,0,4,2,261311287,1274323268,3,3,9999,0,1,0
1,97,101,268,2,0,1,32010,0,201,2024,7,16,17,20,12,5,47,19,24,1,1,1,14,7,0,0,0,0,3,8,1,70,5,2,1,45,75,4,61,31,0,1,0,1,0,11,0,10,0,10,0,4,0,2,0,2,0,4,2,261351564,1274225236,3,3,9999,0,5,0
1,97,101,269,2,0,1,580,1202,201,2024,7,15,4,36,22,5,46,19,24,1,1,1,1,1,9,22,0,0,18,9,30,70,5,2,1,55,35,4,61,31,0,1,0,1,0,11,0,4,0,50,0,3,0,2,0,2,0,4,2,261305372,1274051038,2,1,9999,0,5,0
1,97,101,270,2,0,1,5070,0,201,2024,5,21,19,14,21,5,40,19,12,3,1,2,14,7,0,0,0,0,3,9,1,70,5,2,21,1,45,4,34,31,31,1,0,1,0,11,11,4,4,80,10,1,1,1,0,2,0,4,2,261149495,1274224012,3,3,9999,9999,1,9
1,97,101,271,2,0,1,580,1203,201,2024,6,18,21,2,22,5,37,19,24,3,1,2,14,7,0,0,0,0,4,9,1,70,1,2,21,1,55,3,3,31,1,1,1,2,1,0,11,4,4,10,30,3,3,2,2,2,2,4,2,261300980,1274046909,3,3,0,9999,0,9
1,97,101,272,2,0,1,10820,0,201,2024,5,20,8,41,12,5,40,19,12,2,1,1,1,7,1,21,9,22,18,9,30,70,1,2,21,55,25,14,35,31,31,11,0,1,0,11,11,10,3,10,40,3,3,2,0,2,0,4,2,261304786,1274327080,2,3,9999,9999,5,1
1,97,101,273,2,0,1,580,1192,201,2024,7,21,0,14,22,5,49,19,22,1,1,1,1,1,9,22,0,0,18,9,30,70,5,2,1,35,25,3,61,31,0,1,0,1,0,11,0,4,0,0,0,4,0,2,0,2,0,4,2,261332549,1274107858,1,3,9999,0,5,0
1,97,101,274,2,0,1,32010,0,201,2024,8,2,14,48,12,5,55,19,15,1,1,1,14,7,0,0,0,0,5,9,1,70,1,2,21,65,25,3,4,1,31,1,1,1,1,11,11,2,2,10,30,3,3,2,2,2,2,4,2,261253316,1274045548,6,3,9999,9999,9,1
1,97,101,275,2,0,1,3300,0,201,2024,8,7,8,45,12,5,58,19,12,1,1,1,14,7,0,0,0,0,5,9,1,70,4,2,21,1,25,3,35,31,31,1,0,1,0,11,11,3,3,0,0,3,3,2,0,2,0,4,2,261218050,1274052295,4,3,9999,9999,1,5
1,97,101,276,2,0,1,32010,0,201,2024,8,8,10,3,12,5,58,19,11,1,1,1,1,7,9,22,9,22,15,9,30,70,4,2,21,65,45,35,36,31,31,0,0,0,0,11,11,2,2,40,10,3,3,0,0,0,0,4,2,261255760,1274152559,5,3,9999,9999,9,9
1,97,101,277,2,0,1,25390,0,201,2024,8,4,18,36,13,5,56,19,14,1,1,1,14,7,0,0,0,0,3,9,1,70,4,2,1,75,55,4,61,31,0,1,0,1,0,11,0,2,0,40,0,2,0,1,0,2,0,4,2,261255544,1274108588,1,3,660,0,9,0
1,97,101,278,2,0,1,5070,0,201,2024,8,8,13,32,12,5,58,19,11,2,1,1,14,7,0,0,0,0,4,9,1,70,4,2,21,35,55,3,36,31,31,1,0,1,0,11,11,3,2,80,10,3,3,2,0,2,0,4,2,261128828,1274227864,5,3,9999,9999,1,9
1,97,101,279,2,0,1,32010,0,201,2024,6,18,17,17,12,5,37,19,24,3,1,2,1,7,9,22,0,0,15,9,30,70,5,2,21,45,0,36,0,31,0,0,0,0,0,11,0,10,0,10,0,4,0,0,0,0,0,2,0,261426833,1274100251,3,3,9999,0,1,0
1,97,101,280,2,0,1,3300,0,201,2024,8,10,22,20,22,5,59,19,10,2,1,2,14,7,0,0,0,0,4,9,1,70,4,2,21,1,1,3,4,31,31,1,1,1,1,11,11,3,3,20,10,3,2,2,1,2,2,4,2,261218439,1274051863,7,2,9999,9999,1,1
1,97,101,281,2,0,1,10820,0,201,2024,8,14,12,53,12,6,1,19,6,3,1,2,1,1,9,22,9,22,19,8,30,70,5,2,21,1,35,3,35,31,31,1,0,1,0,11,11,3,3,10,30,3,3,2,0,2,0,4,2,261243250,1274325853,4,3,9999,9999,1,5
1,97,101,282,2,0,1,580,1199,201,2024,7,29,11,41,12,5,53,19,18,1,1,1,1,7,1,21,9,22,17,9,30,70,1,2,21,45,75,4,51,31,41,1,0,1,0,11,0,10,0,0,20,4,3,2,0,2,0,4,2,261312468,1274057043,2,3,9999,0,1,0
1,97,101,283,2,0,1,5070,0,201,2024,5,1,14,32,12,5,52,19,1,1,1,1,14,7,0,0,0,0,5,9,1,70,4,2,21,25,55,3,13,31,1,1,11,1,1,11,11,4,4,30,10,3,3,2,2,2,2,2,4,261153520,1274244222,4,3,9999,9999,3,9
1,97,101,284,2,0,1,580,1211,201,2024,7,25,8,41,12,5,51,19,20,3,1,2,14,1,0,0,0,0,4,9,1,70,1,2,21,25,65,3,36,31,31,1,0,1,0,11,11,4,10,50,30,3,3,2,0,2,0,4,2,261240068,1274030785,5,3,9999,9999,1,1
1,97,101,285,2,0,1,10290,0,201,2024,8,10,10,52,12,5,59,19,10,1,1,1,7,1,0,0,0,0,5,9,1,70,4,2,21,25,45,3,35,31,31,1,0,1,0,11,11,3,3,40,20,3,3,2,0,2,0,4,2,261304760,1274149232,7,2,9999,9999,1,9
1,97,101,286,2,0,1,95000,0,201,2024,7,13,14,28,12,5,46,19,25,1,1,1,0,7,0,0,0,0,0,0,20,70,0,4,21,35,45,3,4,31,31,1,1,1,1,11,11,10,10,80,70,3,3,2,2,2,2,2,4,261347075,1274125537,7,3,9999,9999,1,1
1,97,101,287,2,0,1,3300,0,201,2024,7,24,10,55,12,5,51,19,21,3,1,2,7,7,0,0,0,0,2,6,1,70,5,2,21,45,25,4,14,31,31,1,11,1,2,11,11,4,4,30,0,3,3,2,2,2,2,2,4,261354415,1274216340,4,3,9999,9999,5,5
1,97,101,289,2,0,1,32010,0,201,2024,8,7,17,46,12,5,58,19,12,1,1,1,14,7,0,0,0,0,2,7,1,70,5,3,1,75,35,3,61,31,0,1,0,2,0,11,0,10,0,80,0,3,0,2,0,2,0,4,2,261350952,1274228663,4,3,118,0,9,0
1,97,101,290,2,0,2,10820,0,201,2024,8,3,16,35,12,5,56,19,15,1,1,1,14,7,0,0,0,0,4,9,1,70,1,2,21,25,65,4,14,31,31,1,11,2,1,11,11,4,4,31,10,1,2,2,2,2,2,4,4,261217942,1274319510,7,3,9999,9999,1,9
1,97,101,291,2,0,1,32010,0,201,2024,8,2,16,40,12,5,55,19,15,1,1,1,7,1,0,0,0,0,5,9,1,70,1,2,21,65,45,4,36,31,31,1,0,1,0,11,11,2,2,10,30,3,3,2,0,2,0,4,2,261300800,1274134008,6,3,9999,9999,9,1
1,97,101,292,2,0,1,10820,0,201,2024,8,15,7,52,12,6,2,19,6,2,2,2,14,7,0,0,0,0,5,8,1,70,1,2,21,1,35,3,3,31,31,1,1,1,1,11,11,5,3,10,30,3,3,2,2,2,2,4,2,261239024,1274323671,5,3,9999,9999,5,1
1,97,101,293,2,0,1,3300,0,201,2024,8,16,18,33,13,6,2,19,5,2,1,1,14,7,0,0,0,0,4,9,1,70,4,2,21,35,75,4,14,31,31,1,11,1,2,11,11,3,3,30,10,3,3,2,2,2,2,2,4,261236713,1274132795,6,3,9999,616,1,9
1,97,101,294,2,0,1,32010,0,201,2024,8,9,9,42,12,5,59,19,10,1,1,1,1,7,9,22,9,22,15,8,30,70,5,3,21,65,25,4,51,31,41,1,0,1,0,11,0,10,0,10,40,3,3,2,0,2,0,4,2,261346290,1274151745,6,3,9999,0,9,0
1,97,101,295,2,0,1,32010,0,201,2024,8,21,9,20,12,6,4,19,0,1,1,1,1,7,9,22,9,22,15,9,30,70,4,2,21,1,65,3,3,31,1,1,1,1,1,11,11,10,10,50,80,2,2,2,2,2,2,4,2,261314390,1274052007,4,3,9999,9999,1,9
1,97,101,296,2,0,1,32010,0,201,2024,8,5,9,54,12,5,57,19,13,1,1,1,1,7,9,22,0,0,15,9,30,70,5,2,1,75,55,3,61,31,0,1,0,1,0,11,0,2,0,10,0,3,0,2,0,2,0,4,2,261304354,1274052410,2,3,684,0,9,0
1,97,101,297,2,0,1,10290,0,201,2024,7,22,11,19,12,5,50,19,22,1,1,1,7,1,0,0,0,0,5,9,1,70,4,2,21,75,45,3,36,1,31,1,0,1,0,11,11,3,10,50,20,3,3,2,0,2,0,4,2,261308328,1274142306,2,3,670,9999,9,5
1,97,101,298,2,0,1,32010,0,201,2024,8,21,17,0,12,6,4,19,0,1,1,1,1,7,9,22,0,0,15,9,30,70,5,4,1,65,45,4,61,31,0,1,0,1,0,11,0,10,0,20,0,4,0,2,0,2,0,4,2,261348929,1274216045,4,3,9999,0,9,0
1,97,101,299,2,0,1,99000,0,201,2024,8,14,18,30,13,6,1,19,6,1,1,1,0,7,0,0,0,0,0,0,20,70,0,4,21,1,1,4,51,31,41,1,0,1,0,11,0,10,0,30,40,3,3,2,0,2,0,4,2,261325202,1274220891,4,3,9999,0,1,0
1,97,101,300,2,0,1,32010,0,201,2024,8,21,18,55,13,6,4,19,0,1,1,1,14,7,0,0,0,0,2,9,1,70,5,4,21,65,65,4,35,31,31,1,0,1,0,11,11,10,10,50,14,3,3,2,0,2,0,4,2,261327984,1274215185,4,3,9999,9999,9,9
1,97,101,301,2,0,1,32010,0,201,2024,6,29,8,27,12,5,40,19,26,1,1,1,1,1,9,22,9,22,17,9,30,70,5,2,21,75,45,3,52,31,41,1,0,1,0,11,0,2,0,20,40,3,3,2,0,2,0,4,2,261311543,1274123474,7,3,817,0,9,0
1,97,102,75,2,0,1,32100,0,210,2024,7,27,11,57,12,5,52,19,19,1,1,1,7,7,0,0,0,0,4,9,1,70,1,2,21,35,75,3,4,31,31,1,1,1,1,11,11,3,3,40,50,3,3,2,2,2,2,2,4,260816314,1273944230,7,3,9999,243,5,9
1,97,102,76,1,1,0,32100,0,210,2024,8,12,21,10,22,6,0,19,8,1,3,1,14,7,0,0,0,0,5,9,1,70,1,2,1,25,75,35,61,31,0,0,0,0,0,11,0,3,0,14,0,3,0,0,0,0,0,4,1,260815504,1273940450,2,1,9999,0,1,0
1,97,102,77,2,0,1,27560,0,210,2024,8,3,21,33,22,5,56,19,15,1,1,1,13,7,0,0,0,0,3,3,1,70,4,2,1,45,65,4,61,31,0,1,0,1,0,11,0,3,0,50,0,3,0,2,0,2,0,4,2,260831549,1274020471,7,3,9999,0,5,0
1,97,102,78,2,0,1,99000,0,210,2024,8,15,17,26,12,6,2,19,6,1,2,1,0,7,0,0,0,0,0,0,20,70,0,4,1,45,1,4,61,31,0,1,0,1,0,11,0,10,0,70,0,3,0,2,0,2,0,4,2,260835711,1274119486,5,3,9999,0,9,0
1,97,102,79,2,0,1,10770,0,362,2024,8,6,16,57,12,5,57,19,13,1,3,1,1,1,9,22,9,22,15,9,30,70,5,2,21,65,45,12,4,31,31,11,1,2,1,11,11,3,3,50,10,3,2,2,1,2,2,4,2,260859287,1274239964,3,3,9999,9999,9,1
1,97,102,80,2,0,1,32100,0,210,2024,8,18,3,30,22,6,3,19,3,3,1,2,7,1,0,0,0,0,4,9,1,70,4,2,21,25,25,3,36,31,31,1,0,1,0,11,11,3,10,80,30,3,3,2,0,2,0,4,2,260902498,1274019664,1,3,9999,9999,1,1
1,97,102,81,2,0,1,10070,0,210,2024,7,30,17,10,12,5,54,19,17,1,2,1,14,7,0,0,0,0,4,7,1,70,4,2,21,35,1,3,35,31,31,1,0,1,0,11,1,3,3,88,11,3,2,1,0,2,0,4,2,260755535,1274112836,3,3,9999,0,1,0
1,97,102,82,2,0,1,99000,0,210,2024,8,19,11,0,12,6,4,19,2,2,2,1,0,7,0,0,0,0,0,0,20,70,0,4,21,35,65,3,4,31,31,1,1,1,1,11,11,10,10,20,30,3,3,2,2,2,2,2,4,260726987,1273956102,2,3,9999,9999,1,9
1,97,103,115,2,0,1,33640,0,215,2024,7,3,19,29,21,5,41,19,26,1,2,1,14,7,0,0,0,0,3,9,1,70,4,2,1,45,75,3,61,31,0,1,0,2,0,11,0,3,0,80,0,3,0,2,0,2,0,4,2,261050059,1274409877,4,3,9999,0,1,0
1,97,103,134,2,0,1,10820,0,350,2024,7,22,19,43,21,5,50,19,22,1,1,1,1,1,9,22,9,22,18,9,30,70,5,2,21,25,1,4,51,31,41,1,0,1,0,11,0,3,0,80,20,3,3,2,0,2,0,4,2,261135732,1274340775,2,3,9999,0,1,0
1,97,103,135,2,0,1,33500,0,350,2024,8,3,15,25,12,5,56,19,15,1,1,1,1,7,1,21,9,22,14,9,30,70,5,2,21,45,25,13,35,31,31,11,0,1,0,11,11,3,3,80,20,3,3,2,0,2,0,4,2,261158315,1274423456,7,3,9999,9999,5,1
1,97,103,136,2,0,1,3310,462,215,2024,7,2,7,30,12,5,41,19,26,1,3,1,1,7,9,22,9,22,14,9,30,70,4,2,21,65,65,4,4,31,31,1,1,1,1,11,11,10,4,80,20,3,3,2,2,2,2,4,2,261008800,1274659581,3,3,9999,9999,9,9
1,97,103,137,2,0,2,26280,0,350,2024,8,1,17,55,12,5,55,19,16,1,1,1,1,1,9,22,9,22,15,9,30,70,5,2,21,75,45,4,35,31,31,1,0,1,0,11,11,2,2,10,40,2,3,2,0,2,0,4,2,261111839,1274257010,5,3,899,9999,9,1
1,97,103,138,2,0,1,3290,684,350,2024,6,16,18,32,13,5,37,19,24,2,1,1,14,7,0,0,0,0,5,9,1,70,4,2,21,1,1,3,35,31,31,1,0,1,0,11,11,4,4,70,10,3,2,2,0,2,0,4,2,261157131,1274413765,1,3,9999,0,1,0
1,97,103,139,2,0,1,33480,0,348,2024,7,22,12,25,12,5,50,19,22,1,1,1,7,7,0,0,0,0,4,9,1,70,4,2,21,1,35,4,14,31,31,1,11,1,2,11,11,4,4,30,10,3,4,2,2,2,2,2,4,261228462,1274558180,2,3,9999,9999,1,1
1,97,103,140,2,0,1,10820,0,350,2024,8,5,10,30,12,5,57,19,13,1,1,1,14,7,0,0,0,0,5,8,1,70,1,2,21,45,1,3,4,31,31,1,1,1,1,11,11,4,4,30,10,3,3,2,2,2,2,2,4,261224818,1274323164,2,3,9999,9999,9,1
1,97,103,141,2,0,1,3290,703,350,2024,6,30,18,20,12,5,40,19,26,1,1,1,1,1,9,22,9,22,18,9,30,70,5,2,21,25,45,4,36,31,31,1,0,1,0,11,11,4,10,40,10,3,2,2,0,2,0,4,2,261145218,1274309368,1,3,9999,9999,1,1
1,97,103,142,2,0,1,26280,0,350,2024,3,2,13,45,12,6,52,18,31,1,2,1,1,1,9,22,9,22,15,7,30,70,5,2,21,35,1,3,51,31,41,1,0,1,0,11,0,2,0,20,10,3,3,2,0,2,0,4,2,261108102,1274320467,7,3,0,0,0,0
1,97,103,143,2,0,1,33500,0,350,2024,6,3,12,33,12,5,37,19,19,2,3,2,14,7,0,0,0,0,3,9,1,70,4,2,21,65,45,3,36,31,31,1,0,1,0,11,11,3,10,40,20,4,3,2,0,2,0,4,2,261231252,1274418348,2,3,9999,9999,1,1
1,97,103,144,2,0,1,3290,679,350,2024,7,13,22,27,22,5,46,19,25,1,1,1,7,1,0,0,0,0,5,9,1,70,4,2,1,55,25,3,61,31,0,1,0,1,0,11,0,4,0,50,0,3,0,2,0,2,0,4,2,261202160,1274429580,7,3,9999,0,9,0
1,97,103,145,2,0,2,25480,0,215,2024,6,26,17,18,12,5,39,19,26,1,3,1,1,7,9,22,9,22,14,8,30,70,4,2,21,35,1,3,35,31,31,1,0,1,0,11,11,10,3,50,10,2,2,2,0,2,0,4,2,261013976,1274417120,4,3,9999,9999,1,1
1,97,103,146,2,0,1,3290,701,350,2024,8,10,14,2,12,5,59,19,10,1,1,1,14,7,0,0,0,0,5,9,1,70,4,2,1,35,75,3,61,31,0,1,0,1,0,11,0,10,0,80,0,4,0,2,0,2,0,4,2,261143796,1274317864,7,2,9999,0,5,0
1,97,103,147,2,0,1,33640,0,215,2024,8,16,13,20,12,6,2,19,5,1,2,1,1,7,9,22,9,22,11,9,30,70,5,4,21,25,45,3,34,31,31,1,0,1,0,11,11,10,10,50,10,3,3,2,0,2,0,4,2,261049649,1274610340,6,3,9999,9999,1,1
1,97,103,148,2,0,5,10820,55,350,2024,7,28,16,50,12,5,53,19,19,1,1,1,7,7,0,0,0,0,3,9,1,70,1,2,21,35,1,3,4,31,31,1,1,1,1,11,11,3,3,30,10,4,3,2,2,2,2,2,4,261050246,1274329078,1,3,9999,0,5,0
1,97,103,149,2,0,2,99000,0,350,2024,7,25,17,17,12,5,51,19,20,2,1,1,0,7,0,0,0,0,0,0,20,70,0,4,21,25,25,3,3,31,31,1,1,1,1,11,11,10,10,10,10,3,3,2,2,2,2,4,2,261124749,1274343892,5,3,9999,9999,9,1
1,97,104,156,2,0,1,99000,0,205,2024,7,12,18,5,12,5,45,19,25,1,1,1,0,7,0,0,0,0,0,0,20,70,0,4,1,75,1,3,61,31,0,1,0,1,0,11,0,10,0,10,0,3,0,2,0,2,0,4,2,261521953,1274532062,6,3,886,0,9,0
1,97,104,157,2,0,1,25320,0,205,2024,7,24,19,45,21,5,51,19,21,1,1,1,1,1,9,22,9,22,14,9,30,70,5,2,21,45,55,3,4,31,31,1,1,1,1,1,1,2,10,40,10,3,3,2,2,2,2,4,2,261531392,1274603191,4,3,9999,9999,5,9
1,97,104,158,2,0,2,27510,0,205,2024,5,16,2,12,22,5,42,19,9,1,1,1,1,7,9,22,0,0,14,3,30,70,4,2,41,1,0,35,75,31,0,0,0,0,0,11,0,3,0,10,0,1,0,0,0,0,0,2,0,261550616,1274356262,5,3,0,0,0,0
1,97,104,159,2,0,1,33280,0,328,2024,5,16,10,52,12,5,42,19,9,1,2,1,14,7,0,0,0,0,3,9,1,70,4,2,21,75,55,3,14,31,31,1,11,1,1,11,11,2,2,50,50,2,2,1,2,1,2,4,2,261602114,1274728493,5,3,910,9999,9,9
1,97,104,160,2,0,1,580,1121,205,2024,7,9,16,4,12,5,44,19,25,1,1,1,7,1,0,0,0,0,6,9,1,70,1,2,21,25,1,3,3,31,31,1,1,1,1,11,11,4,4,24,41,3,2,2,1,2,2,4,4,261604717,1274346157,3,3,0,0,0,0
1,97,104,161,2,0,1,32050,0,205,2024,8,2,9,36,12,5,55,19,15,1,1,1,7,7,0,0,0,0,3,9,1,70,5,4,21,55,25,4,4,31,31,1,1,1,1,11,11,10,10,10,50,3,3,2,2,2,2,4,4,261541609,1274403437,6,3,9999,9999,9,1
1,97,104,162,2,0,1,3300,126,205,2024,7,6,4,44,23,5,42,19,26,1,1,1,14,7,0,0,0,0,4,9,1,70,1,2,1,45,35,4,61,31,0,1,0,1,0,11,0,3,0,50,0,3,0,2,0,2,0,4,2,261523908,1274514854,7,3,9999,0,1,0
1,97,104,163,2,0,1,580,1085,205,2024,7,17,5,18,23,5,47,19,23,1,1,1,14,1,0,0,0,0,4,9,1,70,1,2,21,55,45,4,4,31,31,1,1,1,1,11,11,4,4,10,30,3,2,2,2,2,2,4,2,261717686,1274523825,4,3,9999,9999,9,1
1,97,104,164,2,0,1,32050,0,205,2024,8,3,17,30,12,5,56,19,15,1,1,1,1,7,9,22,9,22,15,9,30,70,5,4,21,55,1,14,51,31,41,11,0,1,0,11,0,1,0,58,20,3,3,2,0,2,0,4,2,261724324,1274628891,7,3,9999,0,9,0
1,97,104,165,2,0,1,32050,0,205,2024,7,30,17,58,12,5,54,19,17,1,1,1,1,7,9,22,9,22,14,7,30,70,4,2,21,55,35,4,4,31,31,1,1,1,1,11,11,3,3,50,60,2,3,2,2,2,2,4,2,261701835,1274554446,3,3,9999,9999,9,1
1,97,104,166,2,0,1,32050,0,205,2024,8,4,19,11,13,5,56,19,14,2,1,1,7,1,0,0,0,0,3,9,1,70,4,2,21,1,55,4,4,31,31,1,1,1,1,11,11,2,2,10,30,3,3,2,2,2,2,4,2,261537768,1274440164,1,3,9999,9999,1,9
1,97,104,167,2,0,1,10290,102,328,2024,8,6,7,10,12,5,57,19,13,1,1,1,13,7,0,0,0,0,3,6,1,70,4,2,21,35,1,13,4,1,31,11,1,2,1,1,1,3,3,50,50,3,2,2,1,2,2,2,4,261633100,1274652540,3,3,9999,9999,1,1
1,97,104,168,2,0,1,580,1111,205,2024,7,28,10,13,12,5,53,19,19,1,1,1,14,7,0,0,0,0,3,9,1,70,1,2,21,65,1,3,35,1,31,1,0,1,0,11,11,4,4,10,10,3,3,2,0,2,0,4,2,261641455,1274358573,1,3,9999,9999,9,1
1,97,104,169,2,0,1,32050,0,205,2024,7,23,12,34,12,5,50,19,21,3,1,2,1,7,9,22,9,21,14,9,30,70,4,2,21,45,35,4,35,31,31,1,0,1,0,11,11,3,3,10,20,3,3,2,0,2,0,4,2,261520596,1274405507,3,3,9999,9999,1,1
1,97,104,170,2,0,1,32050,0,205,2024,5,11,5,55,11,5,45,19,7,1,1,1,7,7,0,0,0,0,3,9,1,70,4,2,21,1,1,3,3,31,31,1,1,1,1,11,11,3,3,50,70,3,3,2,2,2,2,4,2,261543186,1274521629,7,3,9999,9999,1,1