data_category,prefecture_code,police_station_code,report_id,accident_details_code,fatalities,injured_persons,route_code,location_code,municipality_code,occurence_year,occurence_month,occurence_date,occurence_hour,occurence_minute,day_night_code,sunrise_hour,sunrise_minute,sunset_hour,sunset_minute,weather_code,terrain_code,road_condition_code,road_config_code,traffic_signal_code,stop_reg_signage_code_party_a,stop_reg_roadmarking_code_party_a,stop_reg_signage_code_party_b,stop_reg_roadmarking_code_party_b,road_width_code,road_alignment_code,collision_point_code,zone_reg_code,median_facility_code,pedestrian_vehicle_separation_code,accident_type_code,age_party_a,age_party_b,party_type_code_party_a,party_type_code_party_b,vehicle_use_code_party_a,vehicle_use_code_party_b,vehicle_shape_code_party_a,vehicle_shape_code_party_b,auto_transm_code_party_a,auto_transm_code_party_b,safety_feature_code_party_a,safety_feature_code_party_b,speed_reg_code_party_a,speed_reg_code_party_b,vehicle_impact_point_code_party_a,vehicle_impact_point_code_party_b,vehicle_damage_level_party_a,vehicle_damage_level_party_b,airbag_code_party_a,airbag_code_party_b,side_airbag_code_party_a,side_airbag_code_party_b,injury_severity_code_party_a,injury_severity_code_party_b,latitude_north,longitude_east,occurence_day_code,public_holiday_code,days_since_cognitive_test_party_a,days_since_cognitive_test_party_b,driving_practice_method_code_party_a,driving_practice_method_code_party_b
1,97,104,171,2,0,3,580,1085,205,2024,8,6,19,42,21,5,57,19,13,3,1,2,1,1,9,22,9,22,18,9,30,70,5,2,21,45,1,1,3,1,31,1,1,2,1,11,11,10,10,0,46,4,2,2,1,2,2,4,4,261724536,1274518385,3,3,9999,0,9,0
1,97,104,172,2,0,1,27510,0,205,2024,8,8,19,30,21,5,58,19,11,1,1,1,7,7,0,0,0,0,3,9,1,70,7,2,1,75,1,3,61,31,0,1,0,1,0,11,0,3,0,80,0,3,0,2,0,2,0,4,2,261550465,1274354584,5,3,9999,0,9,0
1,97,104,173,2,0,1,32050,0,205,2024,7,18,19,58,21,5,48,19,23,1,1,1,1,1,9,22,9,22,15,7,30,70,5,2,21,1,1,4,4,31,31,1,1,1,1,11,11,2,2,10,30,4,3,2,2,2,2,4,2,261531216,1274602778,5,3,9999,9999,1,1
1,97,104,174,2,0,1,3300,114,205,2024,7,18,14,58,12,5,48,19,23,1,1,1,1,7,9,22,9,22,17,9,30,70,4,2,21,45,65,14,51,31,41,11,0,1,0,11,0,10,0,10,20,3,3,2,0,2,0,4,2,261549388,1274545774,5,3,9999,0,9,0
1,97,104,175,2,0,1,580,1112,205,2024,8,23,14,38,12,6,5,18,58,2,1,1,1,7,9,22,9,22,15,9,30,70,5,2,21,35,45,3,36,31,31,1,0,1,0,11,11,10,10,40,10,3,3,2,0,2,0,4,2,261638489,1274355474,6,3,0,9999,0,1
1,97,104,176,2,0,1,32050,0,205,2024,7,31,14,50,12,5,54,19,17,1,1,1,13,7,0,0,0,0,3,6,1,70,4,2,21,35,55,4,4,31,31,1,1,1,1,11,11,10,10,10,31,3,3,2,2,2,2,4,2,261514298,1274420313,4,3,9999,9999,5,9
1,97,104,177,2,0,1,580,1100,205,2024,6,29,12,7,12,5,40,19,26,1,1,1,1,1,9,22,0,0,18,9,30,70,5,2,1,35,45,3,61,31,0,1,0,1,0,11,0,5,0,50,0,3,0,2,0,2,0,4,2,261655150,1274433166,7,3,9999,0,1,0
1,97,104,178,2,0,1,10810,0,205,2024,8,2,3,45,22,5,55,19,15,1,1,1,14,1,0,0,0,0,3,9,1,70,1,2,21,25,35,4,4,31,31,1,1,1,1,11,11,4,4,10,30,2,2,1,2,2,2,4,2,261720328,1274609617,6,3,9999,9999,1,1
1,97,104,179,2,0,1,25340,0,205,2024,8,12,10,22,12,6,0,19,8,1,1,1,1,7,9,22,9,22,14,8,30,70,4,2,21,35,1,3,51,31,41,1,0,1,0,11,0,3,0,50,20,3,3,2,0,2,0,4,2,261557197,1274415130,2,1,9999,0,1,0
1,97,104,180,2,0,1,32050,0,205,2024,8,15,8,45,12,6,2,19,6,2,1,2,14,7,0,0,0,0,3,9,1,70,5,3,21,45,55,3,4,31,31,1,1,1,1,11,11,10,10,80,60,3,3,2,2,2,2,4,2,261526712,1274410932,5,3,9999,9999,9,9
1,97,104,181,2,0,1,32050,0,205,2024,7,14,22,43,22,5,46,19,24,1,1,1,1,7,9,22,9,22,15,9,30,70,5,2,21,1,35,3,35,31,31,1,0,1,0,11,11,2,2,0,40,4,3,2,0,2,0,4,2,261737853,1274522298,1,2,0,9999,0,5
1,97,105,224,2,0,1,3300,6,211,2024,7,24,15,24,12,5,51,19,21,3,1,2,14,7,0,0,0,0,5,8,1,70,4,2,21,1,25,4,4,31,31,1,1,1,1,11,11,3,3,10,30,3,3,2,2,2,2,4,2,262016307,1274833383,4,3,9999,9999,1,1
1,97,105,225,2,0,1,580,1060,326,2024,7,21,16,30,12,5,49,19,22,1,1,1,14,7,0,0,0,0,5,9,1,70,1,2,21,1,55,4,4,31,31,1,1,1,1,11,11,5,5,10,30,3,3,2,2,2,2,4,2,261834394,1274548787,1,3,9999,9999,1,9
1,97,105,226,2,0,1,3300,39,327,2024,7,28,19,8,13,5,53,19,19,1,1,1,7,1,0,0,0,0,5,9,1,70,1,2,21,65,1,3,4,1,31,1,1,1,1,11,11,4,4,10,30,3,3,2,2,2,2,4,2,261900484,1274737630,1,3,9999,9999,9,1
1,97,105,227,2,0,1,10810,0,327,2024,7,28,14,14,12,5,53,19,19,1,1,1,1,7,9,22,9,22,17,8,30,70,1,2,21,55,45,3,34,31,31,1,0,1,0,11,11,3,3,40,10,3,3,2,0,2,0,4,2,261801159,1274736776,1,3,9999,9999,9,5
1,97,105,228,2,0,1,32110,0,211,2024,6,5,11,42,12,5,36,19,19,1,1,1,1,7,9,22,9,22,15,9,30,70,5,4,21,1,65,3,3,31,1,1,1,1,1,11,11,10,2,80,50,2,2,2,2,2,2,4,2,261910744,1274949141,4,3,0,9999,0,9
1,97,105,229,2,0,1,25240,0,326,2024,7,25,13,25,12,5,51,19,20,1,1,1,14,7,0,0,0,0,4,9,1,70,4,2,21,65,55,3,35,1,31,1,0,1,0,11,11,10,2,10,10,4,3,2,0,2,0,4,2,261840529,1274551095,5,3,9999,9999,9,9
1,97,105,231,2,0,1,580,1050,326,2024,7,4,8,3,12,5,42,19,26,1,2,1,7,7,0,0,0,0,6,9,1,70,1,2,21,55,1,17,4,31,31,11,1,1,1,11,11,10,10,30,10,3,3,2,2,2,2,2,4,261903655,1274535788,5,3,9999,9999,9,1
1,97,105,232,2,0,1,580,1041,326,2024,6,25,14,39,12,5,39,19,25,1,1,1,1,1,9,22,9,22,18,9,30,70,5,2,21,1,35,3,3,31,31,1,1,1,1,11,11,5,5,50,20,3,3,2,2,2,2,4,2,261931318,1274517388,3,3,9999,9999,1,1
1,97,105,233,2,0,1,10750,0,211,2024,8,2,8,10,12,5,55,19,15,1,1,1,1,7,9,22,9,22,15,9,30,70,4,2,21,45,35,3,34,31,31,1,0,1,0,11,11,3,3,50,20,3,3,2,0,2,0,4,2,262047018,1274921763,6,3,9999,9999,9,1
1,97,105,234,2,0,1,99000,0,327,2024,7,14,16,25,12,5,46,19,24,1,1,1,0,7,0,0,0,0,0,0,20,70,0,2,21,25,1,3,4,31,31,1,1,1,1,11,11,10,10,17,80,3,3,2,2,2,2,4,2,261854076,1274753538,1,2,9999,9999,4,1
1,97,105,235,2,0,1,10850,157,211,2024,7,7,13,50,12,5,43,19,26,3,1,2,7,7,0,0,0,0,3,9,1,70,5,2,21,45,75,3,4,31,31,1,1,1,1,11,11,3,3,30,10,3,3,2,2,2,2,2,4,261918970,1274720040,1,3,9999,248,1,9
1,97,105,236,2,0,1,580,1059,326,2024,7,20,7,5,12,5,49,19,22,1,1,1,1,1,9,22,0,0,18,9,30,70,5,2,21,35,0,3,0,31,0,1,0,1,0,11,0,5,0,20,0,3,0,2,0,2,0,2,0,261838783,1274546908,7,3,9999,0,9,0
1,97,105,237,2,0,1,3300,34,211,2024,8,6,22,51,22,5,57,19,13,3,1,2,14,1,0,0,0,0,4,7,1,70,1,2,21,1,25,3,4,31,31,1,1,1,1,11,11,4,4,10,30,3,3,2,2,2,2,4,2,261919092,1274735776,3,3,9999,9999,1,1
1,97,105,238,2,0,1,33260,0,326,2024,8,9,17,9,12,5,59,19,10,1,1,1,1,7,9,22,9,22,15,9,30,70,5,2,21,45,1,3,51,31,41,1,0,1,0,11,0,3,0,80,10,3,3,2,0,2,0,4,2,261924420,1274531284,6,3,9999,0,1,0
1,97,105,239,2,0,1,99000,0,211,2024,8,13,19,48,21,6,1,19,7,1,1,1,0,7,0,0,0,0,0,0,20,70,0,2,21,45,1,3,51,31,41,1,0,1,0,11,0,10,0,10,40,3,3,2,0,2,0,4,2,262201333,1274929107,3,3,9999,0,5,0
1,97,105,240,2,0,1,99000,1062,326,2024,7,10,13,45,12,5,44,19,25,1,1,1,0,7,0,0,0,0,0,0,20,70,0,4,21,45,35,13,4,31,31,11,1,1,1,11,11,10,10,30,20,3,3,2,2,2,2,4,2,261828829,1274549432,4,3,9999,9999,1,1
1,97,105,241,2,0,1,10740,0,211,2024,8,13,11,17,12,6,1,19,7,1,3,1,7,7,0,0,0,0,5,9,1,70,1,2,21,55,65,13,4,31,31,11,1,2,1,11,11,10,10,10,30,3,3,2,2,2,2,4,2,262141450,1274741824,3,3,9999,9999,9,9
1,97,105,242,2,0,1,32110,0,211,2024,7,16,18,27,13,5,47,19,24,1,1,1,14,7,0,0,0,0,3,9,1,70,4,2,21,55,25,4,4,31,31,1,1,1,1,11,11,2,2,10,30,3,3,2,2,2,2,4,2,261932196,1274949991,3,3,9999,9999,5,1
1,97,105,243,2,0,2,32110,0,211,2024,8,4,2,25,22,5,56,19,14,1,1,1,1,7,9,22,9,22,14,9,30,70,4,2,21,1,45,3,3,31,31,1,1,1,1,11,11,10,3,50,40,2,2,2,2,2,2,4,2,261939230,1274931069,1,3,9999,9999,1,1
1,97,105,245,2,0,1,32110,0,211,2024,8,17,22,20,22,6,3,19,4,1,1,1,14,7,0,0,0,0,3,9,1,70,4,2,1,25,1,36,61,31,0,0,0,0,0,11,0,2,0,10,0,4,0,0,0,0,0,4,2,261914092,1274709740,7,3,9999,0,1,0
1,97,105,246,2,0,1,32110,0,211,2024,7,23,13,49,12,5,50,19,21,1,1,1,14,7,0,0,0,0,3,9,1,70,5,4,1,65,75,3,61,1,0,1,0,1,0,11,0,10,0,40,0,4,0,2,0,2,0,4,2,261932264,1274705179,3,3,9999,0,9,0
1,97,105,248,2,0,1,10740,0,211,2024,7,12,17,45,12,5,45,19,25,1,2,1,14,7,0,0,0,0,5,9,1,70,1,2,21,1,45,3,3,31,31,1,1,1,1,11,11,10,10,10,30,3,3,2,2,2,2,4,2,262127608,1274806120,6,3,0,9999,0,1
1,97,105,249,2,0,1,10810,0,327,2024,8,22,8,43,12,6,5,18,59,1,2,1,7,1,0,0,0,0,5,9,1,70,1,2,21,55,45,3,35,31,31,1,0,1,0,11,11,4,4,80,20,3,3,2,0,2,0,4,2,261803834,1274817881,5,3,9999,9999,9,1
1,97,105,250,2,0,1,32110,0,211,2024,3,9,13,15,12,6,45,18,35,1,1,1,1,1,9,22,9,22,15,7,30,70,5,2,21,75,65,3,34,31,31,1,0,1,0,11,11,2,2,47,10,3,2,2,0,2,0,4,2,261944472,1274812956,7,3,1093,9999,4,9
1,97,105,251,2,0,1,33260,0,326,2024,7,10,15,55,12,5,44,19,25,1,1,1,14,7,0,0,0,0,2,9,1,1,5,4,1,25,1,4,61,31,0,1,0,1,0,11,0,1,0,40,0,3,0,2,0,2,0,4,2,261940285,1274615632,4,3,9999,0,1,0
1,97,105,253,2,0,4,580,1059,326,2024,8,17,7,25,12,6,3,19,4,1,1,1,7,1,0,0,0,0,6,9,1,70,1,2,21,35,25,4,14,31,31,1,11,1,1,11,11,10,10,30,10,3,3,2,1,2,2,2,4,261838099,1274546678,7,3,9999,9999,1,1
1,97,105,254,2,0,1,10750,0,211,2024,8,10,6,10,11,5,59,19,10,1,1,1,14,7,0,0,0,0,4,9,1,70,1,2,21,1,75,3,4,31,31,1,1,1,1,11,11,3,3,50,40,2,3,2,2,2,2,4,2,262022351,1274858385,7,2,9999,1046,1,9
1,97,105,255,2,0,4,10850,0,211,2024,6,10,19,52,21,5,36,19,22,3,1,2,1,1,9,22,9,22,19,9,30,70,5,2,21,25,55,3,4,31,31,1,1,1,1,11,11,3,3,15,10,1,1,1,1,2,2,2,2,262106916,1274903583,2,3,9999,9999,1,9
1,97,105,256,2,0,1,99000,0,326,2024,8,11,15,55,12,6,0,19,9,3,3,2,0,7,0,0,0,0,0,0,20,70,0,4,21,25,55,3,3,31,1,1,1,1,1,11,11,10,10,50,80,3,3,2,2,2,2,4,2,261847153,1274525333,1,1,9999,9999,1,9
1,97,105,257,2,0,2,10850,0,211,2024,8,29,21,44,22,6,8,18,52,2,2,2,7,1,0,0,0,0,5,9,1,70,1,2,21,25,35,3,3,31,31,1,1,1,1,11,11,4,4,10,30,3,3,2,2,2,2,4,2,262006173,1274720432,5,3,9999,9999,1,1
1,97,105,258,2,0,2,33260,0,326,2024,8,8,3,15,22,5,58,19,11,1,1,1,13,7,0,0,0,0,3,6,1,70,4,2,41,1,0,4,75,31,0,1,0,1,0,11,0,3,0,10,0,2,0,1,0,2,0,4,0,261748181,1274530715,5,3,9999,0,1,0
1,97,106,46,2,0,2,33240,0,324,2024,7,28,17,40,12,5,53,19,19,1,3,1,13,7,0,0,0,0,2,6,1,70,4,3,21,1,45,3,3,31,31,1,1,1,1,11,11,3,3,20,20,3,3,2,2,2,2,4,2,262531102,1274302615,1,3,9999,9999,1,5
1,97,106,47,2,0,2,99000,0,324,2024,7,20,10,44,12,5,49,19,22,1,1,1,0,7,0,0,0,0,0,0,20,70,0,4,21,45,25,3,4,31,31,1,1,1,1,11,11,10,10,60,60,3,3,2,2,2,2,2,2,262314118,1274515606,7,3,9999,9999,1,1
1,97,106,48,2,0,2,580,948,324,2024,7,13,23,58,22,5,46,19,25,1,1,1,1,1,9,22,9,22,18,6,30,70,5,2,21,1,35,4,4,31,31,1,1,1,1,11,11,5,5,15,10,2,2,1,1,1,2,4,2,262358492,1274530424,7,3,9999,9999,1,1
1,97,106,50,2,0,1,33240,0,324,2024,8,19,15,55,12,6,4,19,2,1,1,1,14,7,0,0,0,0,3,9,1,70,5,2,1,35,1,3,61,31,0,1,0,1,0,11,0,10,0,50,0,4,0,2,0,2,0,4,2,262439388,1274505512,2,3,9999,0,1,0
1,97,106,51,2,0,1,33250,0,325,2024,8,22,21,45,22,6,5,18,59,1,1,1,1,1,9,22,9,22,14,5,30,70,5,2,21,45,45,3,51,31,41,1,0,1,0,11,0,2,0,10,24,3,3,2,0,2,0,4,2,262143384,1274454650,5,3,9999,0,1,0
1,97,107,71,2,0,1,10750,0,213,2024,6,27,9,58,12,5,39,19,26,1,1,1,14,7,0,0,0,0,4,9,1,70,4,2,21,25,75,3,4,31,31,1,1,1,1,11,11,3,3,40,52,3,3,2,2,2,2,2,4,262136104,1275037082,5,3,9999,497,1,9
1,97,107,72,2,0,2,10750,0,213,2024,5,13,15,52,12,5,44,19,8,3,2,2,14,1,0,0,0,0,3,9,1,70,4,2,21,1,35,13,14,31,31,11,11,2,1,11,11,3,3,10,30,3,3,2,2,2,2,4,2,262335455,1275112650,2,3,0,9999,0,1
1,97,107,73,2,0,2,10750,0,213,2024,6,22,23,1,22,5,38,19,25,1,1,1,14,7,0,0,0,0,3,9,1,70,4,2,21,1,1,3,4,31,31,1,1,1,1,11,11,3,3,30,10,3,3,2,2,2,2,2,4,262104954,1274938298,7,3,9999,9999,1,1
1,97,107,74,2,0,2,10850,0,213,2024,8,11,14,16,12,6,0,19,9,1,2,1,7,1,0,0,0,0,6,9,1,70,1,2,21,25,55,4,4,31,31,1,1,1,1,11,11,4,4,10,30,3,3,2,2,2,2,4,2,262014626,1275046018,1,1,9999,9999,1,9
1,97,107,75,2,0,1,32040,0,213,2024,7,8,17,40,12,5,43,19,26,1,1,1,7,7,0,0,0,0,3,3,1,70,4,3,21,25,25,3,4,31,31,1,1,1,1,11,11,10,10,30,10,3,3,2,2,2,2,2,4,262138711,1274941354,2,3,9999,9999,1,1
1,97,107,77,2,0,1,25360,0,213,2024,7,4,7,42,12,5,42,19,26,1,1,1,1,7,9,22,9,22,14,8,30,70,4,2,21,45,35,3,4,31,31,1,1,1,1,11,11,2,2,10,30,4,4,2,2,2,2,4,2,262140439,1275056033,5,3,9999,9999,1,1
1,97,107,78,2,0,1,25330,0,213,2024,7,13,16,30,12,5,46,19,25,1,2,1,14,7,0,0,0,0,4,9,1,70,1,2,21,55,25,3,35,31,31,1,0,1,0,11,11,4,4,40,20,3,3,2,0,2,0,4,2,262020008,1275054532,7,3,9999,9999,1,1
1,97,107,79,2,0,2,27240,0,213,2024,8,15,8,15,12,6,2,19,6,3,2,2,7,1,0,0,0,0,4,8,1,70,4,2,21,25,35,3,4,31,31,1,1,1,1,11,11,3,3,10,31,3,3,2,2,2,2,4,2,262130697,1274926544,5,3,9999,9999,1,1
1,97,107,80,2,0,1,25080,0,213,2024,8,23,17,42,12,6,5,18,58,1,2,1,7,1,0,0,0,0,3,9,1,70,4,2,21,25,1,3,4,31,31,1,1,1,1,11,11,3,3,31,10,3,3,2,2,2,2,2,4,262159584,1275201888,6,3,9999,9999,1,1
1,97,108,43,1,1,0,580,857,311,2024,8,2,23,23,22,5,55,19,15,2,3,1,13,7,0,0,0,0,3,6,1,70,4,2,41,35,0,32,76,31,0,0,0,0,0,11,0,4,0,20,0,2,0,0,0,0,0,1,0,262756110,1274918296,6,3,9999,0,5,0
1,97,108,44,2,0,1,3290,347,314,2024,8,7,19,27,21,5,58,19,12,1,1,1,14,7,0,0,0,0,4,9,1,70,4,2,21,1,1,4,4,31,31,1,1,1,1,11,11,4,4,50,40,3,3,2,2,2,2,4,2,262617012,1275034436,4,3,9999,9999,1,1
1,97,108,46,2,0,1,27340,0,313,2024,7,29,11,45,12,5,53,19,18,1,3,1,1,7,1,21,9,22,14,9,30,70,4,2,21,75,35,3,4,31,31,1,1,1,1,11,11,10,3,10,20,2,2,2,2,2,2,4,2,262826947,1275752376,2,3,825,9999,9,1
1,97,108,47,2,0,1,33140,0,314,2024,7,29,12,21,12,5,53,19,18,1,2,1,1,7,9,22,9,21,15,9,30,70,4,3,21,25,45,4,14,31,31,1,11,1,1,11,11,2,10,50,80,2,2,1,2,1,2,2,4,262755735,1275621026,2,3,9999,9999,1,9
1,97,108,48,2,0,2,580,770,311,2024,7,30,16,13,12,5,54,19,17,1,3,1,1,1,9,22,9,22,15,9,30,70,5,2,21,75,65,14,14,31,31,11,11,2,1,11,11,4,4,10,13,2,2,1,1,2,2,4,2,263012892,1275247676,3,3,165,9999,9,9
1,97,109,88,2,0,1,32090,0,209,2024,7,28,2,0,22,5,53,19,19,1,1,1,1,7,9,22,0,0,15,7,30,70,4,2,1,1,35,4,61,31,0,1,0,1,0,11,0,10,0,20,0,4,0,2,0,2,0,4,2,263623544,1275931679,1,3,9999,0,1,0
1,97,109,89,2,0,1,580,55,209,2024,7,6,7,47,12,5,42,19,26,1,3,1,1,7,9,22,9,22,14,9,30,70,4,2,21,45,55,3,36,31,31,1,0,1,0,11,11,4,10,50,10,3,3,2,0,2,0,4,2,263250258,1280122944,7,3,9999,9999,1,9
1,97,109,91,2,0,2,3290,5,209,2024,7,21,23,40,22,5,49,19,22,3,3,2,1,1,9,22,9,22,15,9,30,70,5,2,21,1,55,3,14,31,31,1,11,1,1,11,11,3,3,10,50,3,3,2,1,2,2,4,2,263423340,1275919511,1,3,0,9999,0,9
1,97,109,92,2,0,1,580,421,302,2024,8,11,11,11,12,6,0,19,9,1,3,1,1,7,9,22,9,22,15,9,30,70,4,2,21,25,25,4,34,31,31,1,0,1,0,11,11,10,4,10,14,2,2,2,0,2,0,4,2,263905796,1280519496,1,1,9999,9999,1,1
1,97,109,93,2,0,1,580,546,209,2024,8,15,20,50,22,6,2,19,6,2,1,1,1,1,9,22,9,22,18,9,30,70,5,2,21,55,1,3,4,31,31,1,1,1,1,11,11,4,4,10,10,2,2,1,1,1,2,2,4,263629887,1275901172,5,3,9999,9999,9,1
1,97,109,94,2,0,3,4490,0,209,2024,8,19,9,30,12,6,4,19,2,1,1,2,14,7,0,0,0,0,3,9,1,70,4,2,21,35,35,3,13,31,31,1,11,1,1,11,11,3,3,30,10,3,4,2,2,2,2,2,4,263535117,1275751584,2,3,9999,9999,1,5
1,97,109,95,2,0,1,26250,0,209,2024,7,10,0,15,22,5,44,19,25,1,3,1,1,7,1,21,9,22,15,9,30,70,5,2,21,1,35,3,14,31,31,1,11,1,1,11,11,3,3,80,10,2,2,1,1,1,2,4,2,263945652,1280114786,4,3,9999,9999,1,5
1,97,109,96,2,0,1,4490,0,209,2024,7,7,15,21,12,5,43,19,26,3,3,2,13,7,0,0,0,0,3,2,1,70,1,2,41,1,0,35,76,31,0,0,0,0,0,11,0,4,0,20,0,3,0,0,0,0,0,4,0,263609428,1275625400,1,3,0,0,0,0
1,97,109,97,2,0,1,4490,0,209,2024,6,30,17,33,12,5,40,19,26,1,2,2,7,1,0,0,0,0,5,8,1,70,1,2,21,35,65,3,4,31,31,1,1,1,1,11,11,4,4,30,10,3,3,2,2,2,2,4,4,263621877,1275654226,1,3,9999,9999,5,5
1,97,109,98,2,0,1,10720,0,209,2024,8,27,11,47,12,6,7,18,54,2,3,2,13,7,0,0,0,0,3,4,1,70,4,2,21,65,25,3,4,31,31,1,1,1,2,11,11,2,2,10,50,2,2,1,1,2,2,2,4,263722789,1275722198,3,3,9999,9999,9,1
1,97,109,99,2,0,1,32090,0,209,2024,7,11,14,32,12,5,45,19,25,1,2,1,1,7,9,22,9,22,11,9,30,70,5,4,21,35,25,3,14,31,1,1,11,1,1,11,11,10,10,40,10,2,3,2,2,2,2,4,4,263721043,1280101920,5,3,9999,9999,1,9
1,97,109,100,2,0,1,580,687,209,2024,8,29,11,25,12,6,8,18,52,2,2,1,7,1,0,0,0,0,4,9,1,70,4,2,21,1,35,3,4,31,31,1,1,1,1,11,11,4,4,30,10,3,3,2,2,2,2,4,4,263211537,1275607962,5,3,9999,9999,1,1
1,97,109,101,2,0,4,580,676,209,2024,8,26,17,25,12,6,7,18,55,1,3,1,14,7,0,0,0,0,3,9,1,70,4,2,21,45,35,3,3,31,31,1,1,1,1,11,11,4,4,10,31,3,3,1,2,2,2,4,2,263209816,1275644153,2,3,0,9999,0,1
1,97,110,20,2,0,1,26720,0,308,2024,7,13,17,35,12,5,46,19,25,2,3,2,12,7,0,0,0,0,3,8,1,70,4,2,21,25,25,3,4,31,31,1,1,1,1,11,11,3,3,10,30,3,3,2,2,2,2,4,2,263900364,1275244954,7,3,9999,9999,1,1
1,97,110,21,2,0,1,5050,0,306,2024,7,26,16,35,12,5,52,19,20,3,3,2,14,7,0,0,0,0,3,9,1,70,4,2,21,55,35,13,4,31,31,11,1,1,1,11,11,3,3,50,70,3,3,2,2,2,2,4,2,264122060,1275750374,6,3,9999,9999,1,1
1,97,110,22,2,0,1,5050,0,306,2024,7,13,16,9,12,5,46,19,25,3,3,2,7,7,0,0,0,0,3,9,1,70,4,2,21,1,35,3,4,31,31,1,1,1,1,11,11,3,3,10,31,2,2,1,2,2,2,4,4,264157613,1275552417,7,3,9999,9999,1,1
1,97,110,23,2,0,1,26140,0,308,2024,7,30,16,47,12,5,54,19,17,1,3,1,1,7,9,22,9,22,18,7,30,70,4,2,21,25,25,3,14,31,31,1,11,1,1,11,11,3,3,75,10,3,3,2,2,2,2,4,2,264044666,1275315958,3,3,0,9999,0,1
1,97,110,24,2,0,1,5050,0,308,2024,8,2,16,30,12,5,55,19,15,1,3,1,14,7,0,0,0,0,3,9,1,70,4,2,21,75,25,3,3,31,31,1,1,1,1,11,11,3,3,60,40,3,3,2,2,2,2,4,4,264104409,1275352958,6,3,625,9999,9,1
1,97,110,25,2,0,1,5050,0,308,2024,8,19,12,5,12,6,4,19,2,2,3,2,7,1,0,0,0,0,3,5,1,70,4,2,21,1,25,3,4,31,31,1,1,1,1,11,11,3,3,10,30,3,3,2,2,2,2,4,2,264148149,1275415192,2,3,9999,9999,1,1
1,97,111,55,2,0,1,27430,0,214,2024,7,9,18,25,13,5,44,19,25,1,1,1,7,1,0,0,0,0,3,9,1,70,4,2,21,25,35,3,14,31,31,1,11,1,2,11,11,3,3,10,30,3,3,2,2,2,2,4,2,244735369,1251648760,3,3,9999,9999,1,5
1,97,111,56,2,0,2,27430,0,214,2024,7,19,12,17,12,5,48,19,23,1,3,1,1,1,9,22,9,22,18,9,30,70,5,2,21,25,1,3,4,31,31,1,1,1,1,11,11,4,4,10,80,2,2,2,2,2,2,2,4,244650513,1251802664,6,3,9999,9999,1,1
1,97,111,57,2,0,1,33630,0,214,2024,7,13,13,32,12,5,46,19,25,1,3,1,1,7,1,21,9,22,15,9,30,70,4,2,21,45,65,4,14,31,31,1,11,1,1,11,11,10,3,20,10,1,2,2,1,2,2,4,2,244939450,1251139786,7,3,9999,9999,1,9
1,97,111,58,2,0,1,26900,0,214,2024,7,27,21,45,22,5,52,19,19,1,1,1,1,1,9,22,0,0,15,9,30,70,5,2,1,65,1,3,61,31,0,1,0,1,0,11,0,3,0,50,0,3,0,2,0,2,0,4,2,244813594,1251645167,7,3,9999,0,9,0
1,97,111,59,2,0,1,27430,0,214,2024,8,8,20,20,22,5,58,19,11,1,1,1,1,1,9,22,0,0,15,9,30,70,5,2,1,65,35,4,61,31,0,1,0,1,0,11,0,3,0,80,0,3,0,2,0,2,0,4,2,244821899,1251649865,5,3,9999,0,9,0
1,97,111,60,2,0,1,33630,0,214,2024,8,12,5,45,23,6,0,19,8,1,1,1,7,1,0,0,0,0,4,9,1,70,4,2,21,1,45,4,4,31,31,1,1,1,1,11,11,2,2,10,30,3,3,2,2,2,2,4,2,244755111,1251741813,2,1,9999,9999,1,9
1,97,111,61,2,0,2,99000,0,214,2024,8,5,13,15,12,5,57,19,13,2,1,1,0,7,0,0,0,0,0,0,20,70,0,4,21,45,35,3,14,31,31,1,11,1,1,11,11,10,10,20,60,3,3,2,2,2,2,4,4,244746259,1251627541,2,3,9999,9999,9,1
1,97,111,62,2,0,1,27430,0,214,2024,8,18,13,42,12,6,3,19,3,2,1,1,14,7,0,0,0,0,3,7,1,70,4,2,21,55,45,3,4,31,31,1,1,1,1,11,11,3,3,40,20,3,3,2,2,2,2,4,2,244742832,1251646963,1,3,0,9999,0,9
1,97,111,63,2,0,1,26920,0,214,2024,8,14,14,10,12,6,1,19,6,1,1,1,1,1,9,22,9,22,14,9,30,70,5,2,21,75,1,4,51,31,41,1,0,1,0,11,0,10,0,80,10,2,3,2,0,2,0,4,2,244758765,1251630943,4,3,128,0,9,0
1,97,111,64,2,0,1,3900,0,214,2024,8,16,11,11,12,6,2,19,5,1,2,1,1,7,9,22,0,0,15,9,30,70,4,2,1,25,25,3,61,31,0,1,0,1,0,11,0,3,0,50,0,4,0,2,0,2,0,4,2,244759248,1251609296,6,3,9999,0,5,0
1,97,111,65,2,0,1,99000,0,214,2024,8,15,14,30,12,6,2,19,6,2,3,1,0,7,0,0,0,0,0,0,20,70,0,2,21,1,25,3,3,31,31,1,1,1,1,11,11,2,2,60,50,3,3,2,2,2,2,4,2,244644839,1251751536,5,3,9999,9999,1,5
1,97,112,54,2,0,1,3900,0,207,2024,6,25,16,8,12,5,39,19,25,1,1,1,1,7,9,22,9,22,14,9,30,70,4,2,21,65,1,4,51,31,41,1,0,1,0,11,0,3,0,80,40,3,3,2,0,2,0,4,2,242006457,1241038478,3,3,9999,0,9,0