data_category,prefecture_code,police_station_code,report_id,accident_details_code,fatalities,injured_persons,route_code,location_code,municipality_code,occurence_year,occurence_month,occurence_date,occurence_hour,occurence_minute,day_night_code,sunrise_hour,sunrise_minute,sunset_hour,sunset_minute,weather_code,terrain_code,road_condition_code,road_config_code,traffic_signal_code,stop_reg_signage_code_party_a,stop_reg_roadmarking_code_party_a,stop_reg_signage_code_party_b,stop_reg_roadmarking_code_party_b,road_width_code,road_alignment_code,collision_point_code,zone_reg_code,median_facility_code,pedestrian_vehicle_separation_code,accident_type_code,age_party_a,age_party_b,party_type_code_party_a,party_type_code_party_b,vehicle_use_code_party_a,vehicle_use_code_party_b,vehicle_shape_code_party_a,vehicle_shape_code_party_b,auto_transm_code_party_a,auto_transm_code_party_b,safety_feature_code_party_a,safety_feature_code_party_b,speed_reg_code_party_a,speed_reg_code_party_b,vehicle_impact_point_code_party_a,vehicle_impact_point_code_party_b,vehicle_damage_level_party_a,vehicle_damage_level_party_b,airbag_code_party_a,airbag_code_party_b,side_airbag_code_party_a,side_airbag_code_party_b,injury_severity_code_party_a,injury_severity_code_party_b,latitude_north,longitude_east,occurence_day_code,public_holiday_code,days_since_cognitive_test_party_a,days_since_cognitive_test_party_b,driving_practice_method_code_party_a,driving_practice_method_code_party_b
1,97,105,300,2,0,1,3290,515,211,2024,9,11,20,50,22,6,13,18,38,2,1,2,1,7,1,21,9,22,15,9,30,70,5,2,21,55,25,4,35,31,31,1,0,1,0,11,11,4,4,10,10,3,3,2,0,2,0,4,2,261833761,1274852783,4,3,9999,9999,9,1
1,97,105,301,2,0,1,27270,0,211,2024,8,12,10,26,12,6,0,19,8,1,1,1,14,7,0,0,0,0,4,9,1,70,1,2,21,25,35,3,3,31,31,1,1,1,1,11,11,4,4,10,65,2,2,2,2,2,2,4,2,261823868,1274909451,2,1,9999,9999,1,1
1,97,105,302,2,0,2,32110,0,211,2024,9,20,12,10,12,6,17,18,28,1,1,1,14,7,0,0,0,0,3,7,1,70,4,2,21,65,65,3,3,31,31,1,1,1,1,11,11,2,2,50,50,2,2,1,1,1,1,4,2,261946837,1274814897,6,3,9999,9999,9,9
1,97,105,303,2,0,1,10850,0,211,2024,8,22,19,15,21,6,5,18,59,1,1,1,1,1,9,22,9,22,18,9,30,70,5,2,21,1,45,4,4,31,31,1,1,1,1,11,11,3,3,80,60,3,3,2,2,2,2,4,2,261916288,1274956312,5,3,9999,9999,1,1
1,97,105,304,2,0,1,32110,0,211,2024,9,15,9,20,12,6,15,18,34,1,1,1,7,7,0,0,0,0,3,9,1,70,4,2,21,35,45,3,4,31,31,1,1,1,1,11,11,2,2,60,80,3,3,2,2,2,2,2,4,261940850,1274653054,1,2,9999,9999,1,9
1,97,105,305,2,0,1,10230,0,211,2024,8,6,22,33,22,5,57,19,13,2,1,1,1,1,9,22,9,22,18,9,30,70,5,2,21,75,1,4,33,31,31,1,0,1,0,11,11,4,4,10,10,2,2,2,0,2,0,4,2,261953411,1274647849,3,3,232,9999,9,1
1,97,105,306,2,0,1,10810,0,327,2024,9,11,7,57,12,6,13,18,38,3,1,2,14,7,0,0,0,0,4,9,1,70,1,2,21,1,45,3,35,31,31,1,0,1,0,11,11,3,3,0,0,4,4,2,0,2,0,4,2,261745550,1274659840,4,3,9999,9999,5,5
1,97,105,307,2,0,1,3300,55,327,2024,9,24,12,11,12,6,19,18,24,2,2,2,7,7,0,0,0,0,5,9,1,70,1,2,21,25,55,3,4,31,31,1,1,1,1,11,11,4,4,10,30,3,3,2,2,2,2,4,2,261830092,1274656489,3,3,9999,9999,1,9
1,97,105,308,1,1,1,3290,524,327,2024,9,20,22,37,22,6,17,18,28,1,2,1,1,1,9,22,9,22,19,9,30,70,5,2,21,45,1,3,34,31,31,1,0,1,0,1,11,4,4,50,0,4,3,2,0,2,0,4,1,261809403,1274834204,6,3,9999,9999,1,1
1,97,105,309,2,0,1,32110,0,211,2024,9,24,17,45,13,6,19,18,24,3,1,2,1,7,9,22,0,0,15,3,30,70,4,2,1,65,35,4,61,31,0,1,0,1,0,11,0,2,0,50,0,3,0,2,0,2,0,4,2,262025044,1274755734,3,3,9999,0,9,0
1,97,106,52,2,0,1,10740,0,325,2024,8,7,18,56,13,5,58,19,12,1,1,1,1,1,9,22,9,22,15,9,30,70,5,2,21,25,45,3,34,31,31,1,0,1,0,1,11,4,4,10,10,2,2,2,0,2,0,4,2,262204552,1274629129,4,3,0,9999,0,1
1,97,106,53,1,1,0,580,1017,325,2024,9,5,0,18,22,6,11,18,45,2,3,1,13,7,0,0,0,0,5,6,1,70,1,1,41,25,0,31,75,31,0,0,0,0,0,11,0,10,0,10,0,1,0,0,0,0,0,1,0,262044837,1274450510,5,3,9999,0,1,0
1,97,106,54,2,0,1,580,956,324,2024,9,7,16,40,12,6,12,18,43,3,2,2,14,7,0,0,0,0,4,9,1,70,1,2,21,55,1,3,4,31,31,1,1,1,1,11,11,5,5,30,10,3,3,2,1,2,2,4,4,262334782,1274520189,7,3,9999,9999,9,1
1,97,106,55,2,0,1,33250,0,325,2024,7,22,14,35,12,5,50,19,22,1,1,1,14,7,0,0,0,0,3,9,1,70,4,3,1,35,1,3,61,31,0,1,0,1,0,11,0,2,0,80,0,4,0,2,0,2,0,4,2,262145630,1274508021,2,3,9999,0,1,0
1,97,106,56,2,0,2,580,985,325,2024,8,24,8,0,12,6,6,18,57,2,1,2,1,1,9,22,9,22,15,7,30,70,5,2,21,65,25,4,4,31,31,1,1,1,1,11,11,4,4,40,10,2,3,2,2,1,2,4,2,262202568,1274520635,7,3,9999,9999,9,1
1,97,106,57,2,0,1,25060,0,324,2024,9,4,13,49,12,6,10,18,46,1,2,1,7,7,0,0,0,0,4,7,1,70,4,2,21,25,65,4,14,31,31,1,11,1,1,11,11,3,3,30,10,3,3,2,2,2,2,2,4,262308088,1274420364,4,3,9999,9999,5,9
1,97,107,81,2,0,1,27240,0,213,2024,7,20,21,20,22,5,49,19,22,2,2,1,1,1,9,22,0,0,15,9,30,70,5,2,1,75,55,3,61,1,0,1,0,1,0,11,0,4,0,10,0,4,0,2,0,2,0,4,2,262310363,1275131187,7,3,9999,0,9,0
1,97,107,82,2,0,1,25160,0,213,2024,8,19,12,2,12,6,4,19,2,3,2,2,14,7,0,0,0,0,3,9,1,70,4,2,21,35,55,4,4,31,31,1,1,1,1,11,11,2,2,10,30,3,2,2,2,2,2,4,2,262056858,1275059860,2,3,9999,9999,1,1
1,97,107,83,2,0,2,27240,0,213,2024,7,24,19,35,21,5,51,19,21,2,1,1,1,7,9,22,9,22,14,8,30,70,4,2,21,25,35,3,3,31,31,1,1,1,1,11,11,3,3,10,26,2,2,2,2,2,2,4,2,262141926,1275107045,4,3,9999,9999,1,1
1,97,107,84,2,0,1,85000,0,213,2024,9,1,15,47,12,6,9,18,49,1,3,1,14,7,0,0,0,0,3,9,1,70,1,2,21,1,35,14,33,31,31,11,0,1,0,11,11,10,10,80,12,3,3,2,0,2,0,4,2,261941761,1275158172,1,3,9999,9999,1,1
1,97,107,85,2,0,1,25360,0,213,2024,8,31,19,54,22,6,9,18,50,1,2,1,1,7,9,22,9,22,14,9,30,70,5,2,21,25,35,13,4,31,31,11,1,1,1,11,11,10,3,20,10,3,3,1,1,2,2,4,2,262032687,1275050262,7,3,9999,9999,1,1
1,97,107,86,2,0,1,10750,0,213,2024,8,24,8,28,12,6,6,18,57,3,1,2,13,7,0,0,0,0,4,6,1,70,4,2,21,25,35,3,3,31,31,1,1,1,1,11,11,3,3,10,30,3,3,2,2,2,2,4,2,262152949,1275058754,7,3,9999,9999,1,1
1,97,107,87,2,0,1,25080,0,213,2024,9,7,15,18,12,6,12,18,43,1,2,1,13,7,0,0,0,0,3,6,1,70,4,2,21,65,55,3,4,1,31,1,1,1,1,11,11,3,3,20,10,2,2,2,1,1,2,4,2,261857344,1275350168,7,3,9999,9999,9,1
1,97,107,88,2,0,1,32040,0,213,2024,9,18,8,49,12,6,16,18,30,2,1,2,1,7,9,22,1,21,14,9,30,70,5,2,21,35,75,3,14,31,31,1,11,1,1,11,11,10,10,10,42,3,4,2,2,2,2,2,4,262235850,1275122900,4,3,9999,125,1,9
1,97,107,89,2,0,2,32040,0,213,2024,8,16,16,27,12,6,2,19,5,1,1,1,14,7,0,0,0,0,2,9,1,70,5,3,21,35,1,3,3,31,31,1,1,1,1,11,11,10,2,80,40,3,3,2,2,2,2,4,2,262108071,1275001637,6,3,9999,9999,1,1
1,97,107,90,2,0,1,32040,0,213,2024,9,16,17,48,13,6,15,18,33,1,1,1,1,7,1,21,9,22,15,9,30,70,5,4,21,65,25,3,3,31,31,1,1,1,1,11,11,10,10,10,61,3,2,2,2,2,2,4,2,262117147,1274948338,2,1,9999,9999,9,1
1,97,107,92,2,0,1,25080,0,213,2024,3,29,16,18,12,6,24,18,45,1,2,1,7,1,0,0,0,0,3,9,1,70,4,2,21,25,65,3,3,31,31,1,1,1,1,11,11,3,3,10,30,3,3,2,2,2,2,4,2,262301849,1275031171,6,3,0,9999,0,9
1,97,108,50,2,0,1,580,753,311,2024,8,11,9,50,12,6,0,19,9,1,3,1,1,7,9,22,9,22,15,9,30,70,4,2,21,25,25,3,32,31,31,1,0,1,0,11,11,4,4,70,10,3,3,2,0,2,0,2,4,263024955,1275328741,1,1,9999,9999,1,1
1,97,108,51,2,0,2,580,913,311,2024,8,22,14,30,12,6,5,18,59,1,2,1,7,1,0,0,0,0,5,9,1,70,1,2,21,45,55,4,4,31,31,1,1,1,1,11,11,10,10,10,30,3,3,2,2,2,2,4,2,262605726,1274720242,5,3,9999,9999,1,9
1,97,108,52,2,0,1,10880,0,314,2024,9,9,7,22,12,6,13,18,40,3,3,2,13,7,0,0,0,0,3,2,1,70,4,2,21,1,35,3,4,31,31,1,1,1,1,11,11,3,3,50,50,2,1,1,1,1,2,4,2,262737217,1275047134,2,3,9999,9999,1,5
1,97,108,55,1,1,1,3290,366,213,2024,9,23,7,56,12,6,18,18,25,1,2,1,14,7,0,0,0,0,3,9,1,70,1,2,41,1,0,35,76,31,0,0,0,0,0,11,0,4,0,42,0,3,0,0,0,0,0,1,0,262603674,1274935836,2,1,9999,0,1,0
1,97,108,56,2,0,1,32040,0,213,2024,9,13,10,48,12,6,14,18,36,1,3,1,14,7,0,0,0,0,3,9,1,70,4,2,21,1,45,4,4,31,31,1,1,1,1,11,11,2,2,80,30,3,3,2,2,2,2,4,2,262601057,1274837033,6,3,0,0,0,0
1,97,109,102,2,0,2,4490,0,209,2024,9,2,11,25,12,6,10,18,48,1,1,1,1,7,9,22,9,22,15,9,30,70,4,2,21,1,75,3,14,31,31,1,11,1,1,11,11,10,3,10,85,2,2,2,2,2,2,4,4,263535142,1275752672,2,3,9999,272,1,9
1,97,109,103,2,0,1,10840,0,209,2024,8,25,11,50,12,6,6,18,56,1,1,1,1,1,9,22,0,0,15,9,30,70,5,2,1,75,25,4,61,31,0,1,0,1,0,11,0,3,0,10,0,3,0,2,0,2,0,4,2,263604500,1275835692,1,3,543,0,9,0
1,97,109,104,2,0,1,99000,0,209,2024,9,5,15,9,12,6,11,18,45,1,3,1,0,7,0,0,0,0,0,0,20,70,0,4,1,55,45,4,61,31,0,1,0,1,0,11,0,10,0,30,0,4,0,2,0,2,0,4,2,263307718,1275812407,5,3,9999,0,9,0
1,97,109,105,2,0,1,580,672,209,2024,9,12,8,53,12,6,14,18,37,1,3,1,14,7,0,0,0,0,3,9,1,70,4,2,21,35,25,4,4,31,31,1,1,1,1,11,11,4,4,10,30,3,3,2,2,2,2,4,2,263218604,1275654946,5,3,9999,9999,1,1
1,97,109,106,2,0,2,4490,0,209,2024,9,4,13,58,12,6,10,18,46,3,2,2,7,1,0,0,0,0,3,9,1,70,4,2,21,1,1,3,4,31,31,1,1,1,1,11,11,3,3,30,10,3,3,2,2,2,2,2,4,263600608,1275710710,4,3,9999,9999,1,1
1,97,109,107,2,0,2,32090,0,209,2024,9,10,18,17,13,6,13,18,39,2,1,2,14,1,0,0,0,0,3,9,1,70,4,2,21,45,65,13,4,31,31,11,1,1,1,11,11,2,2,50,50,2,2,1,1,2,2,2,4,263532417,1275900017,3,3,9999,9999,9,9
1,97,109,108,2,0,1,580,518,209,2024,9,6,12,6,12,6,11,18,44,3,1,2,14,7,0,0,0,0,4,9,1,70,4,2,21,35,45,3,4,31,31,1,1,1,1,11,11,4,4,30,10,2,2,2,1,2,2,2,4,263655544,1280028098,6,3,9999,9999,1,1
1,97,109,109,2,0,1,32090,0,209,2024,8,23,6,55,11,6,5,18,58,1,1,1,1,7,9,22,9,22,15,9,30,70,5,2,21,1,25,3,13,31,31,1,11,1,1,11,11,3,3,10,20,2,3,1,2,2,2,4,2,263548124,1275906986,6,3,9999,9999,1,1
1,97,109,110,2,0,1,580,544,209,2024,9,8,7,30,12,6,12,18,41,3,2,2,14,7,0,0,0,0,5,9,1,70,1,2,21,35,1,3,14,31,31,1,11,1,1,11,11,4,4,20,80,2,2,2,2,2,2,2,4,263631010,1275907433,1,3,9999,9999,1,1
1,97,109,111,2,0,1,10700,0,301,2024,9,17,8,45,12,6,16,18,31,1,3,1,14,7,0,0,0,0,3,9,1,70,4,2,1,65,75,4,61,31,0,1,0,1,0,11,0,10,0,30,0,4,0,2,0,2,0,4,2,264256662,1281710610,3,3,9999,0,9,0
1,97,109,112,2,0,1,32090,0,209,2024,9,13,8,15,12,6,14,18,36,2,1,1,1,7,9,22,9,22,14,9,30,70,5,3,21,45,1,4,51,31,41,1,0,1,0,11,0,2,0,47,12,3,3,2,0,2,0,4,2,263526930,1275904024,6,3,9999,0,1,0
1,97,109,113,2,0,1,25090,0,302,2024,9,22,15,22,12,6,18,18,26,2,3,2,13,7,0,0,0,0,3,5,1,70,4,2,21,45,55,3,14,31,31,1,11,1,1,11,11,2,2,10,50,2,2,1,1,2,2,4,2,263931604,1280703104,1,2,9999,9999,1,9
1,97,110,26,2,0,1,4490,0,308,2024,9,18,11,15,12,6,16,18,30,2,2,2,1,7,1,21,9,22,15,9,30,70,5,2,21,65,35,3,36,1,31,1,0,1,0,11,11,3,10,20,12,3,3,2,0,2,0,4,2,263921514,1275300218,4,3,9999,9999,5,1
1,97,111,67,2,0,1,33630,0,214,2024,8,31,16,57,12,6,9,18,50,1,1,1,1,7,1,21,9,22,15,9,30,70,5,2,21,35,55,4,4,31,31,1,1,1,1,11,11,10,10,50,40,3,2,2,2,2,2,4,2,244758168,1251724691,7,3,9999,9999,1,9
1,97,111,68,2,0,1,33630,0,214,2024,7,9,13,57,12,5,44,19,25,1,1,1,1,7,9,22,1,21,14,9,30,70,5,2,21,25,75,17,36,31,31,11,0,1,0,11,11,2,10,10,20,3,3,2,0,2,0,4,2,244949487,1251750240,3,3,9999,592,1,9
1,97,111,69,2,0,1,10780,0,214,2024,8,14,15,28,12,6,1,19,6,2,1,1,7,7,0,0,0,0,4,9,1,70,4,2,21,55,25,3,4,31,31,1,1,1,1,11,11,2,2,30,10,3,3,2,2,2,2,2,4,244755219,1251740002,4,3,9999,9999,9,1
1,97,111,70,2,0,1,10780,0,214,2024,9,6,12,37,12,6,11,18,44,3,1,2,1,1,9,22,8,22,15,9,30,70,5,2,21,65,25,14,36,31,31,11,0,1,0,11,11,3,10,0,30,3,4,2,0,2,0,4,2,244804640,1251723165,6,3,9999,9999,9,5
1,97,111,71,2,0,1,99000,0,214,2024,8,24,11,16,12,6,6,18,57,1,3,1,0,7,0,0,0,0,0,0,20,70,0,4,1,75,75,3,61,31,0,1,0,1,0,11,0,10,0,10,0,3,0,2,0,2,0,4,4,244720969,1251651215,7,3,932,0,9,0
1,97,111,72,2,0,2,27350,0,214,2024,8,21,13,7,12,6,4,19,0,1,2,1,1,7,1,21,9,22,15,9,30,70,4,2,21,1,25,3,3,31,31,1,1,1,1,11,11,10,10,10,24,2,3,1,1,2,1,4,2,244313314,1251914347,4,3,0,9999,0,1
1,97,111,73,2,0,1,26920,0,214,2024,8,17,19,55,21,6,3,19,4,1,1,1,7,7,0,0,0,0,3,9,1,70,4,2,21,1,45,4,36,31,31,1,0,1,0,11,11,2,2,70,10,3,3,2,0,2,0,4,2,244819098,1251647320,7,3,9999,0,1,0
1,97,111,74,1,1,0,33630,0,214,2024,9,18,17,9,12,6,16,18,30,1,3,1,14,7,0,0,0,0,3,8,1,70,4,2,41,75,0,36,75,31,0,0,0,0,0,11,0,10,0,10,0,3,0,0,0,0,0,1,0,244526446,1251942956,4,3,160,0,9,0
1,97,111,75,1,1,0,33630,0,214,2024,9,24,8,40,12,6,19,18,24,3,1,2,14,7,0,0,0,0,3,8,1,70,4,2,21,65,25,14,36,31,31,11,0,1,0,11,11,10,10,80,10,2,1,2,0,2,0,4,1,244723554,1251659142,3,3,9999,9999,5,1
1,97,111,76,1,1,0,26900,0,214,2024,9,25,20,55,22,6,19,18,22,2,3,1,14,7,0,0,0,0,3,9,1,70,4,2,1,65,75,4,61,31,0,1,0,1,0,11,0,3,0,80,0,3,0,2,0,2,0,4,1,244542368,1251836266,4,3,9999,0,9,0
1,97,112,65,2,0,1,32070,0,207,2024,8,31,17,15,12,6,9,18,50,1,1,1,14,7,0,0,0,0,3,9,1,70,4,2,21,25,35,14,36,31,31,11,0,1,0,11,11,3,10,20,10,3,2,2,0,2,0,4,2,242037702,1241008256,7,3,9999,9999,1,1
1,97,112,66,2,0,2,10790,0,207,2024,9,5,14,42,12,6,11,18,45,2,2,2,1,7,9,22,9,22,15,8,30,70,4,2,21,55,1,3,3,31,31,1,1,1,1,11,11,3,3,10,30,3,3,2,2,2,2,4,2,242655769,1240757413,5,3,9999,9999,9,1
1,97,112,67,2,0,1,32070,0,207,2024,9,4,17,8,12,6,10,18,46,1,1,1,14,7,0,0,0,0,3,9,1,1,4,2,1,1,65,3,61,31,0,1,0,1,0,11,0,3,0,80,0,3,0,2,0,2,0,4,2,242054204,1240852145,4,3,9999,0,1,0
1,97,112,68,2,0,1,10790,0,207,2024,6,25,17,24,12,5,39,19,25,1,2,1,14,7,0,0,0,0,3,8,1,70,4,2,1,25,35,4,61,31,0,1,0,1,0,11,0,3,0,80,0,3,0,2,0,2,0,4,2,242158730,1240819118,3,3,9999,0,1,0
1,97,112,69,2,0,1,10790,0,207,2024,9,12,19,20,21,6,14,18,37,1,1,1,1,4,9,22,9,22,15,9,30,70,5,2,21,55,1,3,4,1,31,1,1,1,1,11,11,3,2,20,10,3,2,2,2,2,2,4,4,242053408,1240900860,5,3,9999,9999,9,1
1,97,112,70,2,0,1,32070,0,207,2024,9,17,12,30,12,6,16,18,31,1,1,1,1,4,9,22,9,22,15,9,30,70,5,2,21,1,65,3,14,31,31,1,11,1,1,11,11,2,2,58,18,2,2,2,2,2,2,4,2,242016282,1240951732,3,3,9999,9999,1,1
1,97,112,71,2,0,1,32070,0,207,2024,8,13,8,43,12,6,1,19,7,1,1,1,7,7,0,0,0,0,3,9,1,70,4,2,21,75,65,3,14,31,31,1,11,1,1,11,11,3,3,80,50,3,3,2,2,2,2,4,2,242109490,1240853254,3,3,463,9999,9,9
1,97,112,72,2,0,1,10870,0,207,2024,9,19,16,20,12,6,17,18,29,1,1,1,14,7,0,0,0,0,3,9,1,70,4,2,21,55,1,1,3,1,31,1,1,1,1,11,11,2,2,50,50,2,2,2,1,2,1,4,4,242036006,1240950170,5,3,9999,9999,9,5
1,97,112,73,2,0,1,27080,0,207,2024,9,14,8,35,12,6,15,18,35,1,3,1,1,7,1,21,9,22,15,7,30,70,5,2,21,1,45,3,4,31,31,1,1,1,1,11,11,3,3,80,40,2,2,1,1,1,2,4,2,242128994,1240924653,7,3,9999,9999,1,1
1,97,112,74,2,0,1,99000,0,207,2024,8,30,17,10,12,6,8,18,51,1,1,1,0,7,0,0,0,0,0,0,20,70,0,4,1,55,75,3,61,31,0,1,0,1,0,11,0,10,0,0,0,4,0,2,0,2,0,4,2,242031632,1240914598,6,3,9999,0,9,0
1,97,112,75,2,0,1,32070,0,207,2024,7,10,17,30,12,5,44,19,25,1,1,1,1,7,1,21,9,22,15,9,30,70,5,2,21,35,75,14,36,31,31,11,0,2,0,11,11,2,2,20,10,3,2,2,0,2,0,4,2,242025274,1240904597,4,3,9999,686,9,9
1,97,112,76,2,0,1,33820,0,382,2024,8,6,11,0,12,5,57,19,13,3,3,2,1,7,9,22,9,22,11,9,30,70,5,4,21,25,25,14,36,31,31,11,0,1,0,11,11,10,10,10,10,3,2,2,0,2,0,4,2,242743520,1225850264,3,3,9999,9999,1,1
1,97,113,211,2,0,1,25340,0,329,2024,8,29,17,10,12,6,8,18,52,1,1,1,14,7,0,0,0,0,5,7,1,70,4,2,21,35,25,4,36,31,31,1,0,1,0,11,11,3,10,10,20,4,3,2,0,2,0,4,2,261430433,1274552520,5,3,9999,9999,1,1
1,97,113,212,2,0,1,10380,0,208,2024,7,25,9,7,12,5,51,19,20,3,1,2,1,7,9,22,9,22,18,6,30,70,4,2,21,25,25,3,4,31,31,1,1,1,1,11,11,3,3,40,50,3,3,2,2,2,2,2,4,261457433,1274258925,5,3,9999,9999,1,1
1,97,113,213,2,0,1,32080,0,208,2024,8,8,14,38,12,5,58,19,11,3,1,2,7,1,0,0,0,0,4,9,1,70,4,2,21,25,45,3,14,31,31,1,11,1,1,11,11,3,3,10,30,3,3,2,2,2,2,4,2,261434872,1274204579,5,3,9999,9999,5,5
1,97,113,214,2,0,1,580,1143,208,2024,7,9,17,30,12,5,44,19,25,1,1,1,14,7,0,0,0,0,6,9,1,70,1,2,21,1,35,3,4,31,31,1,1,1,1,11,11,4,4,10,30,3,3,2,2,2,2,4,2,261536511,1274241393,3,3,0,9999,0,1
1,97,113,215,2,0,2,32080,0,208,2024,6,11,17,42,12,5,36,19,22,3,1,2,1,7,9,22,9,22,15,9,30,70,1,2,21,35,1,3,51,31,41,1,0,1,0,1,0,10,0,10,20,3,3,2,0,2,0,4,2,261410367,1274329788,3,3,9999,0,1,0
1,97,113,216,2,0,1,27410,0,208,2024,8,6,23,3,22,5,57,19,13,3,1,2,7,1,0,0,0,0,3,9,1,70,4,2,21,1,45,3,4,31,31,1,1,1,1,11,11,3,3,10,30,3,3,2,2,2,2,4,2,261412606,1274402522,3,3,9999,9999,1,1
1,97,113,217,2,0,1,32080,0,208,2024,8,27,17,7,12,6,7,18,54,1,1,1,14,7,0,0,0,0,3,9,1,70,1,2,21,25,1,3,3,31,31,1,1,1,1,11,11,3,3,80,70,3,3,2,2,2,2,4,2,261426596,1274230805,3,3,9999,9999,1,1
1,97,113,218,2,0,2,3300,191,208,2024,8,18,12,50,12,6,3,19,3,1,1,1,14,7,0,0,0,0,5,9,1,70,1,2,21,1,1,3,4,31,31,1,1,1,1,11,11,4,4,33,11,2,3,2,2,2,2,2,4,261405770,1274224804,1,3,9999,9999,1,1
1,97,113,220,2,0,1,32080,0,208,2024,9,3,5,46,23,6,10,18,47,1,1,1,14,7,0,0,0,0,5,9,1,70,4,2,21,75,1,14,35,31,31,11,0,1,0,11,11,2,2,70,10,3,3,2,0,2,0,4,4,261404808,1274250472,3,3,981,9999,9,1
1,97,113,221,2,0,2,3300,188,208,2024,8,24,11,57,12,6,6,18,57,3,2,2,14,7,0,0,0,0,5,9,1,70,1,2,21,25,45,3,13,31,31,1,11,1,1,11,11,4,4,31,10,2,3,2,2,2,2,2,4,261414554,1274229437,7,3,9999,9999,1,9
1,97,113,222,2,0,1,33290,0,329,2024,8,27,17,30,12,6,7,18,54,1,1,1,1,7,9,22,9,22,14,9,30,70,5,3,21,65,1,14,51,31,41,11,0,1,0,11,0,2,0,10,20,3,3,2,0,2,0,4,2,261257528,1274532688,3,3,9999,0,9,0
1,97,113,223,2,0,1,10380,0,208,2024,8,25,3,42,22,6,6,18,56,2,1,1,1,1,9,22,9,22,15,8,30,70,5,2,21,1,1,4,4,31,31,1,1,1,1,11,11,4,4,30,10,3,2,2,2,2,2,2,4,261452886,1274308087,1,3,9999,9999,1,1
1,97,113,224,2,0,1,32080,0,208,2024,7,30,0,30,22,5,54,19,17,1,1,1,1,7,9,22,9,22,15,9,30,70,5,2,21,65,35,3,35,1,31,1,0,1,0,11,11,10,3,40,10,3,3,2,0,2,0,4,2,261525729,1274247329,3,3,12,9999,9,5
1,97,113,225,2,0,1,32080,0,208,2024,8,26,17,30,12,6,7,18,55,1,2,1,7,1,0,0,0,0,4,7,1,70,4,2,21,45,55,13,14,31,31,11,11,1,1,11,11,2,2,33,11,3,3,2,2,2,2,2,4,261518580,1274237843,2,3,9999,9999,9,9
1,97,113,227,2,0,1,32080,0,208,2024,8,6,6,41,11,5,57,19,13,2,1,2,14,7,0,0,0,0,4,9,1,70,4,2,21,35,45,3,34,31,31,1,0,1,0,11,11,3,3,0,20,4,3,2,0,2,0,4,2,261442169,1274118600,3,3,9999,9999,1,5
1,97,113,228,2,0,1,32080,0,208,2024,8,5,16,40,12,5,57,19,13,2,1,1,1,7,1,21,9,22,15,4,30,70,4,3,21,55,1,4,4,31,31,1,1,1,1,11,11,10,2,50,40,3,3,2,2,2,2,4,2,261443030,1274308292,2,3,9999,9999,9,1
1,97,113,229,2,0,1,32080,0,208,2024,9,2,17,47,12,6,10,18,48,1,1,1,14,7,0,0,0,0,4,9,1,70,4,2,21,65,55,3,35,1,31,1,0,1,0,11,11,3,3,80,10,3,3,2,0,2,0,4,2,261428493,1274222417,2,3,9999,9999,9,9
1,97,113,230,2,0,1,580,1153,208,2024,7,24,7,57,12,5,51,19,21,2,1,1,1,7,1,21,9,22,17,7,30,70,1,2,21,25,1,4,51,31,41,1,0,1,0,11,0,10,0,10,24,3,3,2,0,2,0,4,2,261512650,1274219678,4,3,9999,0,1,0
1,97,113,231,2,0,1,25340,0,329,2024,9,5,18,17,13,6,11,18,45,3,1,2,7,1,0,0,0,0,4,7,1,70,4,2,21,1,45,3,3,31,31,1,1,1,1,11,11,3,3,10,30,3,3,2,2,2,2,4,2,261436303,1274551848,5,3,9999,9999,1,1
1,97,113,232,2,0,1,32080,0,208,2024,8,31,17,17,12,6,9,18,50,1,1,2,14,7,0,0,0,0,3,9,1,70,5,4,21,45,1,4,14,31,31,1,11,1,1,11,11,10,10,10,30,3,3,2,2,2,2,2,4,261513820,1274400413,7,3,9999,9999,5,1
1,97,113,233,2,0,1,25340,0,329,2024,9,10,9,30,12,6,13,18,39,2,1,2,13,7,0,0,0,0,4,4,1,70,4,2,21,35,1,13,4,31,31,11,1,2,1,11,11,3,3,50,50,2,3,2,2,2,2,4,2,261357187,1274607424,3,3,9999,9999,1,1
1,97,113,234,2,0,1,32080,0,208,2024,8,22,18,18,13,6,5,18,59,1,2,1,1,7,9,22,9,22,14,8,30,70,5,3,21,55,1,4,51,31,41,1,0,1,0,11,0,10,0,51,12,4,3,2,0,2,0,4,2,261519044,1274234103,5,3,9999,0,9,0
1,97,113,235,2,0,1,580,1145,208,2024,8,2,14,0,12,5,55,19,15,1,1,1,1,1,9,22,9,22,19,9,30,70,5,2,21,35,35,3,3,31,31,1,1,1,1,11,11,4,4,10,21,3,2,2,2,2,2,4,2,261531781,1274238408,6,3,9999,9999,9,1
1,97,113,236,2,0,1,3290,648,329,2024,8,11,3,48,22,6,0,19,9,1,2,1,14,7,0,0,0,0,5,9,1,70,4,2,21,1,1,4,4,31,31,1,1,1,1,11,11,4,4,55,22,3,3,2,2,2,2,4,2,261255746,1274546940,1,1,9999,9999,1,1
1,97,113,237,2,0,1,3300,166,208,2024,8,31,18,29,13,6,9,18,50,1,1,1,14,7,0,0,0,0,5,9,1,70,1,2,21,45,55,3,4,31,31,1,1,1,1,11,11,4,4,60,80,3,3,2,2,2,2,2,4,261509220,1274316115,7,3,9999,9999,9,9