data_category,prefecture_code,police_station_code,report_id,accident_details_code,fatalities,injured_persons,route_code,location_code,municipality_code,occurence_year,occurence_month,occurence_date,occurence_hour,occurence_minute,day_night_code,sunrise_hour,sunrise_minute,sunset_hour,sunset_minute,weather_code,terrain_code,road_condition_code,road_config_code,traffic_signal_code,stop_reg_signage_code_party_a,stop_reg_roadmarking_code_party_a,stop_reg_signage_code_party_b,stop_reg_roadmarking_code_party_b,road_width_code,road_alignment_code,collision_point_code,zone_reg_code,median_facility_code,pedestrian_vehicle_separation_code,accident_type_code,age_party_a,age_party_b,party_type_code_party_a,party_type_code_party_b,vehicle_use_code_party_a,vehicle_use_code_party_b,vehicle_shape_code_party_a,vehicle_shape_code_party_b,auto_transm_code_party_a,auto_transm_code_party_b,safety_feature_code_party_a,safety_feature_code_party_b,speed_reg_code_party_a,speed_reg_code_party_b,vehicle_impact_point_code_party_a,vehicle_impact_point_code_party_b,vehicle_damage_level_party_a,vehicle_damage_level_party_b,airbag_code_party_a,airbag_code_party_b,side_airbag_code_party_a,side_airbag_code_party_b,injury_severity_code_party_a,injury_severity_code_party_b,latitude_north,longitude_east,occurence_day_code,public_holiday_code,days_since_cognitive_test_party_a,days_since_cognitive_test_party_b,driving_practice_method_code_party_a,driving_practice_method_code_party_b
1,97,113,238,2,0,1,32080,0,208,2024,8,31,11,31,12,6,9,18,50,2,2,2,14,7,0,0,0,0,2,8,1,70,5,4,21,35,25,3,4,31,31,1,1,1,1,11,11,10,10,30,10,3,3,2,2,2,2,2,4,261428586,1274305704,7,3,9999,9999,1,1
1,97,113,239,2,0,1,10380,0,208,2024,9,7,23,39,22,6,12,18,43,2,1,1,1,7,9,22,0,0,15,8,30,70,4,3,1,25,45,3,61,31,0,1,0,1,0,11,0,2,0,40,0,4,0,2,0,2,0,4,2,261512146,1274232461,7,3,9999,0,1,0
1,97,113,240,2,0,1,32080,0,208,2024,8,26,20,55,22,6,7,18,55,1,1,1,1,1,9,22,0,0,15,9,30,1,5,2,1,55,55,3,61,1,0,1,0,1,0,11,0,2,0,10,0,4,0,2,0,2,0,4,2,261518630,1274237577,2,3,9999,0,9,0
1,97,113,241,2,0,1,580,1169,208,2024,9,11,21,14,22,6,13,18,38,2,1,2,7,1,0,0,0,0,6,8,1,70,1,2,21,45,35,3,3,31,31,1,1,1,1,11,11,4,4,30,30,2,2,2,2,1,2,4,2,261439793,1274135822,4,3,9999,9999,1,9
1,97,113,242,2,0,1,26550,0,329,2024,9,6,8,42,12,6,11,18,44,1,2,1,13,7,0,0,0,0,3,2,1,70,4,2,21,45,1,4,14,31,31,1,11,1,1,11,11,3,3,40,50,3,3,2,2,2,2,2,4,261312284,1274432798,6,3,9999,9999,9,5
1,97,113,243,2,0,1,32080,0,208,2024,9,15,15,6,12,6,15,18,34,1,1,1,14,7,0,0,0,0,3,9,1,70,5,4,21,45,25,3,4,31,31,1,1,1,1,11,11,2,2,80,70,3,3,2,2,2,2,2,4,261518672,1274300540,1,2,9999,9999,1,1
1,97,113,244,2,0,2,3300,137,208,2024,9,15,12,32,12,6,15,18,34,1,2,1,14,7,0,0,0,0,5,9,1,70,1,2,21,25,25,12,4,31,31,11,1,2,1,11,11,4,4,11,31,3,3,2,2,2,2,4,2,261459111,1274452195,1,2,9999,9999,9,1
1,97,113,245,2,0,1,25340,0,329,2024,8,20,7,23,12,6,4,19,1,2,3,2,13,7,0,0,0,0,4,4,1,70,4,2,21,55,0,13,0,31,0,11,0,1,0,11,0,3,0,51,0,1,0,2,0,2,0,4,0,261409830,1274559180,3,3,9999,0,9,0
1,97,113,246,2,0,1,27410,0,208,2024,9,17,15,28,12,6,16,18,31,3,1,2,14,7,0,0,0,0,5,9,1,70,4,2,21,75,75,14,14,31,31,11,11,1,1,11,11,3,3,80,20,3,3,2,2,2,2,4,2,261521989,1274425620,3,3,739,750,9,9
1,97,113,247,2,0,1,32080,0,208,2024,9,13,15,55,12,6,14,18,36,2,1,1,1,7,9,22,9,22,11,9,30,70,4,2,21,25,75,3,4,31,31,1,1,1,1,11,11,2,3,30,80,3,3,2,2,2,2,2,4,261552135,1274331278,6,3,9999,45,1,1
1,97,113,248,2,0,1,3300,156,208,2024,8,7,10,27,12,5,58,19,12,1,2,1,14,7,0,0,0,0,4,9,1,70,1,2,21,25,45,3,3,31,31,1,1,1,1,11,11,4,4,10,31,2,3,2,2,2,2,4,2,261519602,1274349976,4,3,9999,9999,1,1
1,97,113,249,2,0,2,3300,181,208,2024,9,9,17,30,12,6,13,18,40,3,1,2,14,7,0,0,0,0,4,8,1,70,1,2,21,65,55,4,4,31,31,1,1,1,1,11,11,4,4,10,30,3,3,2,2,2,2,4,2,261436805,1274238311,2,3,9999,9999,9,9
1,97,113,250,2,0,1,27410,0,208,2024,9,22,18,55,21,6,18,18,26,1,1,1,14,2,0,0,0,0,5,9,1,70,4,2,21,1,55,4,4,31,31,1,1,1,1,11,11,3,3,10,70,2,2,2,2,2,2,4,2,261451040,1274415202,1,2,9999,9999,1,9
1,97,113,251,2,0,1,32080,0,208,2024,9,6,17,0,12,6,11,18,44,2,1,2,7,7,0,0,0,0,3,9,1,70,5,4,1,55,1,4,61,31,0,1,0,1,0,11,0,10,0,20,0,4,0,2,0,2,0,4,2,261503352,1274256984,6,3,9999,0,9,0
1,97,113,252,2,0,1,580,1159,208,2024,8,23,18,34,13,6,5,18,58,2,1,1,1,1,9,22,9,22,19,9,30,70,5,2,21,35,35,4,34,31,31,1,0,1,0,11,11,4,4,40,10,3,3,2,0,2,0,4,2,261459791,1274201696,6,3,9999,9999,1,1
1,97,114,122,2,0,1,25110,0,212,2024,8,2,18,54,13,5,55,19,15,1,1,1,14,7,0,0,0,0,3,9,1,70,4,2,21,45,1,4,51,31,41,1,0,1,0,11,0,3,0,10,10,3,3,2,0,2,0,4,2,261112959,1274114723,6,3,9999,0,9,0
1,97,114,126,2,0,1,27310,0,201,2024,8,16,7,37,12,6,2,19,5,1,1,1,1,7,9,22,9,22,14,7,30,70,4,2,21,25,1,4,34,31,31,1,0,1,0,11,11,10,2,50,10,3,3,2,0,2,0,4,2,261059326,1273941443,6,3,9999,9999,1,1
1,97,114,127,2,0,1,99000,0,212,2024,8,29,9,51,12,6,8,18,52,1,1,1,0,7,0,0,0,0,0,0,20,70,0,4,1,55,45,12,61,31,0,11,0,2,0,11,0,10,0,60,0,4,0,2,0,2,0,4,2,261008623,1274137558,5,3,9999,0,9,0
1,97,114,128,2,0,1,3310,9,201,2024,5,28,14,31,12,5,38,19,16,3,2,2,1,1,9,22,9,22,14,9,30,70,1,2,21,25,25,3,3,31,31,1,1,1,1,11,11,4,4,10,30,3,3,2,2,2,2,4,2,261218126,1274003562,3,3,0,9999,0,5
1,97,114,129,2,0,1,33410,0,212,2024,9,10,7,2,11,6,13,18,39,2,1,1,1,7,9,22,9,22,11,9,30,70,5,4,21,45,1,3,14,31,31,1,11,1,1,11,11,10,10,60,50,3,3,2,2,2,2,2,4,261128781,1274122744,3,3,9999,9999,9,1
1,97,114,130,2,0,1,32010,0,201,2024,8,20,10,18,12,6,4,19,1,1,1,1,1,7,9,22,1,21,15,9,30,70,5,2,21,35,65,14,36,31,31,11,0,1,0,11,11,10,10,50,30,3,4,2,0,2,0,4,2,261147936,1273946984,3,3,9999,9999,1,5
1,97,114,131,2,0,1,10070,0,201,2024,8,29,17,32,12,6,8,18,52,1,1,1,14,7,0,0,0,0,2,8,1,70,4,2,21,35,1,3,51,31,41,1,0,1,0,11,0,10,0,0,20,4,3,2,0,2,0,4,2,261131006,1274031354,5,3,9999,0,1,0
1,97,114,132,2,0,1,32010,0,201,2024,7,31,22,32,22,5,54,19,17,1,1,1,1,1,9,22,0,0,14,9,30,70,5,2,1,45,45,4,61,31,0,1,0,1,0,11,0,3,0,80,0,4,0,2,0,2,0,4,2,261142612,1274046016,4,3,9999,0,1,0
1,97,114,133,2,0,1,32010,0,201,2024,9,13,22,41,22,6,14,18,36,3,1,2,1,7,9,22,9,22,11,9,30,70,5,2,21,35,1,4,36,31,31,1,0,1,0,11,11,10,10,10,40,3,3,2,0,2,0,4,2,261111310,1274026339,6,3,9999,9999,1,5
1,97,114,134,2,0,1,10070,0,212,2024,8,22,19,30,21,6,5,18,59,1,1,1,14,7,0,0,0,0,4,9,1,70,4,2,21,25,35,4,34,31,31,1,0,1,0,11,11,3,3,40,10,3,3,2,0,2,0,4,2,261031296,1274103523,5,3,9999,9999,4,1
1,97,114,135,2,0,1,3310,43,201,2024,9,17,19,50,22,6,16,18,31,3,2,2,1,1,9,22,9,22,18,9,30,70,5,2,21,65,45,3,3,1,31,1,1,1,1,11,11,4,4,10,30,2,3,2,2,2,2,4,2,261053490,1273918598,3,3,9999,9999,9,1
1,97,114,136,2,0,1,99000,0,201,2024,9,20,7,51,12,6,17,18,28,3,1,2,0,7,0,0,0,0,0,0,20,70,0,2,21,55,45,3,36,31,31,1,0,1,0,11,11,2,10,10,32,3,3,2,0,2,0,4,2,261224268,1273905242,6,3,9999,9999,1,9
1,97,114,137,2,0,1,33410,0,212,2024,9,18,9,15,12,6,16,18,30,3,3,2,1,7,9,22,9,22,15,8,30,70,5,2,21,25,25,3,4,31,31,1,1,1,1,11,11,2,2,30,10,3,2,2,2,2,2,2,4,261108297,1274143552,4,3,9999,9999,1,1
1,97,114,138,2,0,1,3310,51,212,2024,9,26,22,7,22,6,19,18,21,2,3,1,1,1,9,22,9,22,14,9,30,70,5,2,21,65,25,3,31,31,31,1,0,1,0,11,11,4,4,80,32,3,3,2,0,2,0,4,2,261027754,1273916744,5,3,9999,9999,1,9
1,97,65,16,2,0,1,47420,0,211,2024,8,15,16,23,12,6,2,19,6,1,2,1,14,1,0,0,0,0,5,9,1,70,1,2,21,45,45,3,14,31,31,1,11,1,1,11,11,3,3,40,60,3,3,2,2,2,2,4,2,262006698,1274718348,5,3,0,9999,0,5
1,97,65,17,2,0,1,50020,28,350,2024,9,3,18,25,13,6,10,18,47,1,1,1,14,7,0,0,0,0,2,9,1,70,5,4,21,55,25,4,14,31,1,1,11,1,1,11,11,3,3,10,30,3,3,2,2,2,2,4,2,261150964,1274422794,3,3,9999,9999,9,5
1,97,65,18,2,0,4,47420,206,211,2024,6,28,12,45,12,5,39,19,26,1,3,1,14,7,0,0,0,0,5,9,1,70,1,2,21,1,25,17,3,31,31,11,1,1,1,11,11,10,10,50,84,3,3,2,2,2,2,4,2,262127349,1274816186,6,3,0,9999,0,1
1,97,65,19,2,0,1,47420,220,211,2024,9,1,5,13,23,6,9,18,49,1,3,1,14,7,0,0,0,0,5,9,1,70,1,4,21,1,65,3,3,31,1,1,1,1,1,11,11,7,7,10,38,1,1,1,2,2,2,4,2,262203223,1274840514,1,3,0,9999,0,9
1,97,101,210,2,0,1,99000,0,201,2024,3,20,18,30,13,6,33,18,41,1,1,1,0,7,0,0,0,0,0,0,20,70,0,4,21,65,65,4,4,31,31,1,1,1,1,11,11,10,10,30,60,3,3,2,2,2,2,4,2,261218953,1274201219,4,1,9999,9999,9,9
1,97,101,224,2,0,1,32010,0,201,2024,5,11,20,55,22,5,45,19,7,1,1,1,7,7,0,0,0,0,4,9,1,70,5,4,1,55,25,3,61,1,0,1,0,1,0,11,0,10,0,40,0,4,0,2,0,2,0,4,2,261307950,1274047060,7,3,9999,0,9,0
1,97,101,288,2,0,1,5070,714,201,2024,7,10,23,14,22,5,44,19,25,1,1,1,7,1,0,0,0,0,5,9,1,70,1,2,21,25,1,4,4,31,31,1,1,1,1,11,11,4,4,10,30,3,3,2,2,2,2,4,2,261141316,1274243024,4,3,9999,9999,1,1
1,97,101,315,2,0,1,5070,0,201,2024,8,12,22,3,22,6,0,19,8,1,1,1,14,7,0,0,0,0,5,9,1,70,4,2,21,75,35,4,36,31,31,1,0,1,0,11,11,4,10,20,10,3,2,2,0,2,0,4,2,261200324,1274108794,2,1,109,9999,9,9
1,97,101,326,2,0,1,32010,0,201,2024,9,5,4,23,22,6,11,18,45,2,1,1,7,3,0,0,0,0,3,9,1,70,4,2,1,55,45,17,61,31,0,11,0,1,0,11,0,10,0,50,0,4,0,2,0,2,0,4,2,261159316,1274138231,5,3,9999,0,9,0
1,97,101,341,2,0,1,3300,0,201,2024,8,22,14,58,12,6,5,18,59,1,1,1,14,7,0,0,0,0,5,9,1,70,4,2,21,35,35,3,4,31,31,1,1,1,1,11,11,3,3,10,30,3,2,2,2,2,2,4,2,261241123,1274134858,5,3,9999,9999,1,1
1,97,101,342,2,0,1,95000,0,201,2024,9,27,11,58,12,6,20,18,20,1,2,1,0,7,0,0,0,0,0,0,20,70,0,2,1,65,75,3,61,31,0,1,0,1,0,11,0,10,0,30,0,3,0,2,0,2,0,4,2,261259616,1274344882,6,3,9999,0,1,0
1,97,101,343,2,0,1,99000,0,201,2024,9,27,14,27,12,6,20,18,20,1,1,1,0,7,0,0,0,0,0,0,20,70,0,4,1,55,45,3,61,31,0,1,0,1,0,11,0,10,0,30,0,4,0,2,0,2,0,4,2,261335753,1274242109,6,3,9999,0,9,0
1,97,101,344,2,0,1,25390,0,201,2024,8,19,4,11,22,6,4,19,2,3,1,2,1,1,9,22,0,0,15,9,30,70,5,2,41,25,0,3,75,31,0,1,0,1,0,11,0,2,0,80,0,3,0,1,0,2,0,4,0,261258284,1274117088,2,3,9999,0,1,0
1,97,101,345,2,0,1,10290,0,201,2024,6,11,15,48,12,5,36,19,22,3,1,2,1,7,9,22,9,22,15,4,30,70,5,2,21,25,55,3,36,31,31,1,0,1,0,11,11,3,2,0,20,4,3,2,0,2,0,4,2,261305722,1274214886,3,3,9999,9999,1,9
1,97,101,346,2,0,1,99000,0,201,2024,6,7,11,24,12,5,36,19,20,2,1,1,0,7,0,0,0,0,0,0,20,70,0,4,21,25,55,3,4,31,31,1,1,1,1,11,11,10,10,30,10,3,3,2,2,2,2,4,2,261223623,1274042035,6,3,0,9999,0,9
1,97,101,347,2,0,1,25430,0,201,2024,9,26,6,28,11,6,19,18,21,3,1,2,14,7,0,0,0,0,3,9,1,70,4,2,21,65,25,3,13,1,31,1,11,1,1,11,11,3,3,60,80,3,3,2,2,2,2,2,4,261313015,1274035076,5,3,9999,9999,9,5
1,97,101,348,2,0,1,3300,0,201,2024,9,29,11,39,12,6,21,18,18,2,1,1,1,1,9,22,9,22,19,9,30,70,5,2,21,25,45,3,35,31,31,1,0,1,0,11,11,3,3,30,10,3,2,2,0,2,0,2,4,261228354,1274129202,1,3,9999,9999,1,9
1,97,101,349,2,0,1,3290,705,201,2024,9,15,14,6,12,6,15,18,34,2,1,1,14,7,0,0,0,0,5,9,1,70,4,2,21,45,45,3,4,31,31,1,1,1,1,11,11,4,4,10,10,3,3,2,2,2,2,4,2,261146842,1274305038,1,2,9999,9999,1,1
1,97,101,350,2,0,1,3300,0,201,2024,9,28,21,25,22,6,20,18,19,2,1,2,14,7,0,0,0,0,4,9,1,70,4,2,1,45,45,4,61,31,0,1,0,1,0,11,0,4,0,70,0,4,0,2,0,2,0,4,2,261219937,1274050293,7,3,9999,0,9,0
1,97,101,351,2,0,1,3290,705,201,2024,9,7,10,26,12,6,12,18,43,2,1,2,14,7,0,0,0,0,5,9,1,70,4,2,21,35,55,14,14,31,31,11,11,1,1,11,11,4,4,10,30,3,3,2,2,2,2,4,2,261147188,1274304955,7,3,9999,9999,3,9
1,97,101,352,2,0,1,25420,1202,201,2024,6,4,9,35,12,5,37,19,19,2,1,1,1,1,9,22,9,22,17,9,30,70,5,2,21,45,45,4,51,31,41,1,0,1,0,11,0,2,0,10,20,3,3,2,0,2,0,4,2,261305063,1274051377,3,3,9999,0,4,0
1,97,101,353,2,0,1,85000,0,201,2024,9,25,14,38,12,6,19,18,22,1,1,1,1,7,9,22,9,22,18,9,30,70,4,2,21,25,25,3,13,31,31,1,11,1,1,11,11,4,4,0,40,4,3,2,2,2,2,4,4,261424914,1274054048,4,3,9999,9999,1,1
1,97,101,354,2,0,1,5070,0,201,2024,9,28,16,30,12,6,20,18,19,3,1,2,7,7,0,0,0,0,3,9,1,70,4,2,21,65,25,3,4,31,31,1,1,1,1,11,11,3,3,10,30,3,3,2,2,2,2,4,2,261138114,1274222188,7,3,9999,9999,9,1
1,97,101,355,2,0,1,32010,0,201,2024,7,25,7,18,12,5,51,19,20,3,1,2,1,1,9,22,0,0,15,9,30,70,5,2,1,65,65,3,61,31,0,1,0,1,0,11,0,3,0,50,0,4,0,2,0,2,0,4,2,261255742,1274201706,5,3,9999,0,9,0
1,97,101,356,2,0,1,10820,0,201,2024,9,10,8,20,12,6,13,18,39,3,1,2,13,7,0,0,0,0,3,1,1,70,1,2,21,65,55,14,14,31,31,11,11,1,1,11,11,4,4,30,10,3,3,2,2,2,2,4,2,261205177,1274257841,3,3,9999,9999,9,9
1,97,101,357,2,0,1,25390,0,201,2024,10,1,0,34,22,6,22,18,16,2,1,1,14,7,0,0,0,0,3,9,1,70,5,2,21,65,45,3,3,1,1,1,1,1,2,11,11,2,2,50,70,3,3,2,2,2,2,4,2,261257316,1274113290,3,3,9999,9999,9,9
1,97,101,358,2,0,1,27510,0,201,2024,10,4,14,14,12,6,23,18,13,3,1,2,13,7,0,0,0,0,5,2,1,70,1,2,21,1,25,4,14,31,31,1,11,1,1,11,11,4,4,80,60,3,3,2,2,2,2,4,2,261312475,1274132287,6,3,9999,9999,1,5
1,97,101,359,2,0,1,99000,1186,201,2024,9,27,19,33,22,6,20,18,20,2,1,1,0,7,0,0,0,0,0,0,20,70,0,4,21,35,45,3,3,31,31,1,1,1,1,11,11,10,10,30,40,3,3,2,2,2,2,4,2,261350974,1274110547,6,3,9999,9999,1,1
1,97,101,360,2,0,1,25460,0,201,2024,9,17,9,21,12,6,16,18,31,1,1,1,1,1,9,22,9,22,17,9,30,70,5,2,21,55,75,3,4,31,31,1,1,1,1,11,11,3,3,20,10,3,3,2,2,2,2,2,4,261258554,1274144984,3,3,9999,9999,9,9
1,97,101,361,2,0,1,25430,0,201,2024,9,29,3,44,22,6,21,18,18,2,1,1,7,7,0,0,0,0,2,9,1,70,4,2,1,65,55,52,61,41,0,0,0,0,0,0,0,0,0,20,0,4,0,0,0,0,0,4,2,261250998,1274032171,1,3,0,0,0,0
1,97,101,363,2,0,1,27220,0,201,2024,10,7,13,5,12,6,24,18,9,1,1,1,1,7,9,22,9,22,14,9,30,70,1,2,21,75,35,4,4,31,31,1,1,1,1,11,11,3,3,50,80,2,2,2,2,2,2,4,2,261212193,1274223072,2,3,1118,9999,9,1
1,97,101,365,2,0,2,25110,0,201,2024,10,8,8,50,12,6,25,18,8,1,1,1,12,7,0,0,0,0,4,7,1,70,1,2,21,45,45,3,4,1,31,1,1,1,1,11,11,3,3,10,31,3,3,2,2,2,2,4,2,261141276,1274143102,3,3,9999,9999,1,1
1,97,101,366,2,0,1,85000,0,201,2024,9,3,18,19,13,6,10,18,47,3,2,2,12,7,0,0,0,0,5,7,1,70,1,2,21,35,25,3,14,31,31,1,11,1,1,11,11,4,4,30,10,3,3,2,2,2,2,2,4,261333326,1274044681,3,3,9999,9999,5,1
1,97,101,367,2,0,1,580,1180,201,2024,10,16,9,20,12,6,29,18,1,1,1,1,1,1,9,22,0,0,19,9,30,70,5,2,1,65,1,3,61,31,0,1,0,1,0,11,0,4,0,10,0,3,0,2,0,2,0,4,2,261410006,1274112020,4,3,9999,0,9,0
1,97,101,368,2,0,2,3300,0,201,2024,9,11,16,27,12,6,13,18,38,3,1,2,7,1,0,0,0,0,5,7,1,70,1,2,21,55,25,3,13,31,31,1,11,1,1,11,11,3,3,30,10,3,3,2,2,2,2,2,4,261318930,1274154380,4,3,9999,9999,9,1
1,97,101,369,2,0,1,32010,0,201,2024,9,18,15,40,12,6,16,18,30,3,1,2,14,7,0,0,0,0,3,9,1,70,5,2,21,55,45,4,14,31,31,1,11,1,1,11,11,3,3,80,60,3,3,2,2,2,2,4,2,261214926,1274128255,4,3,9999,9999,9,1
1,97,101,371,2,0,1,32010,0,201,2024,9,12,20,20,22,6,14,18,37,1,1,1,14,7,0,0,0,0,3,9,1,70,4,2,21,25,55,4,34,31,31,1,0,1,0,11,11,10,3,20,10,3,2,2,0,2,0,4,2,261353080,1274143354,5,3,9999,9999,1,9
1,97,101,373,2,0,1,32010,0,201,2024,9,9,17,51,13,6,13,18,40,3,1,2,1,7,9,22,9,22,11,9,30,70,4,2,21,45,55,3,35,31,31,1,0,1,0,11,11,2,2,10,40,3,3,2,0,2,0,4,2,261236446,1274159453,2,3,9999,9999,1,9
1,97,101,374,2,0,1,32010,0,201,2024,9,19,8,17,12,6,17,18,29,3,1,2,14,7,0,0,0,0,3,9,1,70,5,4,21,75,45,3,13,31,31,1,11,1,1,11,11,10,10,30,40,3,3,2,2,2,2,4,2,261407757,1274055538,5,3,764,9999,9,1
1,97,101,375,2,0,1,32010,0,201,2024,10,16,10,30,12,6,29,18,1,2,1,1,14,7,0,0,0,0,3,9,1,70,4,2,21,55,65,3,4,1,31,1,1,1,1,11,11,3,3,10,30,3,3,2,2,2,2,4,2,261215707,1274127960,4,3,9999,9999,9,9
1,97,101,376,2,0,1,5070,0,201,2024,10,5,6,0,23,6,23,18,12,1,1,2,1,2,9,22,9,22,17,9,30,70,4,2,21,25,55,3,4,31,31,1,1,1,1,11,11,3,3,50,60,2,2,2,2,2,2,2,4,261144768,1274204594,7,3,9999,9999,1,9
1,97,101,377,2,0,2,32010,0,201,2024,10,6,13,9,12,6,24,18,11,1,1,1,1,7,9,22,9,22,15,9,30,70,4,2,21,55,25,4,4,31,31,1,1,1,1,11,11,3,3,10,30,3,2,2,2,2,2,4,2,261209414,1274131265,1,3,9999,9999,1,1
1,97,101,378,1,1,0,85000,0,201,2024,10,22,23,33,22,6,32,17,55,2,1,1,1,1,9,22,9,22,15,9,30,70,5,2,21,45,45,3,35,1,31,1,0,1,0,11,11,2,4,20,10,3,2,2,0,2,0,4,1,261255865,1274004454,3,3,9999,9999,9,5
1,97,101,379,2,0,1,33610,0,361,2024,8,7,18,57,13,5,58,19,12,1,3,1,1,7,9,22,9,22,14,9,30,70,5,2,21,25,75,4,51,31,41,1,0,1,0,11,0,10,0,20,40,3,3,2,0,2,0,4,2,262116048,1264309742,4,3,9999,0,1,0
1,97,101,380,2,0,1,32010,0,201,2024,10,17,8,30,12,6,29,18,0,1,1,1,7,1,0,0,0,0,3,9,1,70,5,2,21,25,35,4,4,31,31,1,1,1,1,11,11,2,2,10,30,3,3,2,2,2,2,4,2,261257308,1274050848,5,3,9999,9999,1,5
1,97,101,381,2,0,1,32010,0,201,2024,7,20,12,30,12,5,49,19,22,1,1,1,14,7,0,0,0,0,3,9,1,70,4,3,21,75,25,3,35,31,31,1,0,1,0,11,11,2,2,50,0,3,3,2,0,2,0,4,2,261218414,1274248298,7,3,374,9999,9,1
1,97,101,382,2,0,1,580,1198,201,2024,7,13,5,33,23,5,46,19,25,1,1,1,1,1,9,22,9,22,19,9,30,70,5,2,21,45,1,4,36,31,31,1,0,1,0,11,11,4,10,10,42,3,3,2,0,2,0,4,4,261314714,1274058094,7,3,9999,0,1,0
1,97,101,383,2,0,1,99000,0,201,2024,7,17,10,7,12,5,47,19,23,1,1,1,0,7,0,0,0,0,0,0,20,70,0,4,1,35,75,13,61,31,0,11,0,1,0,11,0,10,0,30,0,4,0,2,0,2,0,4,2,261207150,1274132327,4,3,9999,0,5,0
1,97,101,384,2,0,1,32010,0,201,2024,10,1,20,12,22,6,22,18,16,2,1,1,1,1,9,22,0,0,15,9,30,70,5,2,1,35,1,3,61,31,0,1,0,1,0,11,0,10,0,10,0,4,0,2,0,2,0,4,2,261347021,1274133770,3,3,9999,0,9,0
1,97,101,385,2,0,3,32010,0,201,2024,8,26,20,10,22,6,7,18,55,1,1,1,13,7,0,0,0,0,3,5,1,70,4,2,21,45,55,3,4,31,31,1,1,1,1,11,11,2,2,50,50,2,2,1,1,2,2,2,2,261246559,1274125526,2,3,9999,9999,1,9
1,97,101,387,2,0,1,32010,0,201,2024,10,4,17,45,13,6,23,18,13,3,1,2,14,1,0,0,0,0,3,9,1,70,5,2,21,55,35,14,35,31,31,11,0,1,0,11,11,2,2,80,10,3,3,2,0,2,0,4,2,261257989,1274051654,6,3,9999,9999,9,5
1,97,101,388,2,0,1,32010,0,201,2024,10,24,18,0,21,6,33,17,53,3,1,2,1,1,9,22,0,0,15,7,30,70,5,2,1,55,55,4,61,31,0,1,0,1,0,11,0,3,0,10,0,3,0,2,0,2,0,4,2,261212719,1274155720,5,3,9999,0,9,0
1,97,101,390,2,0,1,32010,0,201,2024,10,27,12,33,12,6,35,17,51,1,1,1,1,7,9,22,9,22,11,9,30,70,5,2,21,25,55,3,36,31,31,1,0,1,0,11,11,1,1,50,12,3,3,2,0,2,0,4,2,261253536,1274053818,1,3,9999,9999,1,9
1,97,102,97,2,0,1,32100,0,210,2024,9,26,7,17,11,6,19,18,21,1,2,1,13,7,0,0,0,0,3,3,1,70,4,2,21,45,25,3,4,31,31,1,1,1,1,11,11,2,2,53,10,2,2,1,1,2,2,4,2,260902560,1274054314,5,3,9999,9999,9,1
1,97,102,99,2,0,1,10770,0,210,2024,9,12,17,51,13,6,14,18,37,1,2,1,14,7,0,0,0,0,3,9,1,70,4,2,21,55,25,4,4,31,31,1,1,1,1,11,11,3,3,10,30,3,3,2,2,2,2,4,2,260756413,1274103541,5,3,9999,9999,1,5
1,97,102,100,2,0,1,27560,0,210,2024,10,5,12,55,12,6,23,18,12,2,1,1,14,7,0,0,0,0,4,9,1,70,1,2,21,25,25,4,35,31,31,1,0,1,0,11,11,3,3,60,10,3,3,2,0,2,0,2,4,260910483,1274018347,7,3,9999,9999,1,1
1,97,102,101,2,0,1,32100,0,210,2024,10,9,8,48,12,6,25,18,7,1,1,1,1,7,9,22,9,22,15,9,30,1,5,2,21,35,45,3,51,31,41,1,0,1,0,11,0,2,0,10,20,3,2,2,0,2,0,4,2,260828998,1273950399,4,3,9999,0,1,0
1,97,102,102,2,0,1,32100,0,210,2024,9,12,17,43,13,6,14,18,37,1,1,1,7,1,0,0,0,0,4,9,1,70,4,2,21,55,35,3,4,31,31,1,1,1,1,1,1,3,3,10,30,3,3,2,2,2,2,4,2,260836265,1273942293,5,3,9999,9999,9,1
1,97,102,103,2,0,2,10820,0,210,2024,10,13,14,10,12,6,27,18,3,2,1,1,7,1,0,0,0,0,4,9,1,70,1,2,21,35,1,3,4,31,31,1,1,1,1,11,11,4,4,31,10,2,2,2,2,2,2,2,4,260903085,1274023387,1,2,9999,9999,1,1
1,97,102,104,2,0,1,32100,0,210,2024,10,8,17,25,13,6,25,18,8,2,1,1,1,7,9,22,9,22,15,9,30,70,5,4,21,25,1,3,51,31,41,1,0,1,0,11,0,10,0,84,40,3,3,2,0,2,0,4,2,260855216,1274001376,3,3,9999,0,1,0
1,97,102,105,2,0,1,32100,0,210,2024,10,23,7,58,12,6,33,17,54,1,1,1,1,1,9,22,9,22,19,9,30,70,5,2,21,25,1,3,34,31,31,1,0,1,0,11,11,5,5,60,10,2,1,2,0,2,0,4,2,260831315,1273919058,4,3,0,9999,0,1
1,97,102,106,2,0,1,3310,88,210,2024,10,1,16,45,12,6,22,18,16,1,1,1,7,7,0,0,0,0,3,9,1,70,1,2,21,1,1,3,4,31,31,1,1,1,1,11,11,3,3,30,50,3,3,2,2,2,2,2,4,260837356,1273940853,3,3,9999,9999,1,1