data_category,prefecture_code,police_station_code,report_id,accident_details_code,fatalities,injured_persons,route_code,location_code,municipality_code,occurence_year,occurence_month,occurence_date,occurence_hour,occurence_minute,day_night_code,sunrise_hour,sunrise_minute,sunset_hour,sunset_minute,weather_code,terrain_code,road_condition_code,road_config_code,traffic_signal_code,stop_reg_signage_code_party_a,stop_reg_roadmarking_code_party_a,stop_reg_signage_code_party_b,stop_reg_roadmarking_code_party_b,road_width_code,road_alignment_code,collision_point_code,zone_reg_code,median_facility_code,pedestrian_vehicle_separation_code,accident_type_code,age_party_a,age_party_b,party_type_code_party_a,party_type_code_party_b,vehicle_use_code_party_a,vehicle_use_code_party_b,vehicle_shape_code_party_a,vehicle_shape_code_party_b,auto_transm_code_party_a,auto_transm_code_party_b,safety_feature_code_party_a,safety_feature_code_party_b,speed_reg_code_party_a,speed_reg_code_party_b,vehicle_impact_point_code_party_a,vehicle_impact_point_code_party_b,vehicle_damage_level_party_a,vehicle_damage_level_party_b,airbag_code_party_a,airbag_code_party_b,side_airbag_code_party_a,side_airbag_code_party_b,injury_severity_code_party_a,injury_severity_code_party_b,latitude_north,longitude_east,occurence_day_code,public_holiday_code,days_since_cognitive_test_party_a,days_since_cognitive_test_party_b,driving_practice_method_code_party_a,driving_practice_method_code_party_b
1,97,102,107,2,0,1,99000,0,210,2024,10,22,17,38,13,6,32,17,55,2,2,1,0,7,0,0,0,0,0,0,20,70,0,4,21,55,35,3,3,31,31,1,1,1,1,11,1,10,10,60,60,3,3,2,2,2,2,4,2,260805701,1274235053,3,3,9999,9999,9,1
1,97,102,108,2,0,2,27560,0,210,2024,10,4,15,54,12,6,23,18,13,2,1,1,7,1,0,0,0,0,3,9,1,70,4,2,21,35,65,3,4,31,31,1,1,1,1,11,11,3,3,30,10,3,3,2,2,2,2,2,4,260832150,1274020532,6,3,9999,9999,1,9
1,97,102,109,2,0,1,27560,0,210,2024,10,21,18,44,21,6,32,17,56,1,1,1,1,7,9,22,0,0,15,9,30,70,1,2,1,25,1,3,61,31,0,1,0,1,0,11,0,3,0,10,0,3,0,2,0,2,0,4,2,260828273,1274008958,2,3,9999,0,1,0
1,97,102,110,2,0,1,33620,0,362,2024,10,16,9,9,12,6,29,18,1,1,1,1,1,7,1,21,1,21,15,3,30,70,5,2,21,75,75,4,4,31,31,1,1,1,1,11,11,3,3,10,30,3,3,2,2,2,2,4,2,260905807,1274302698,4,3,391,230,9,9
1,97,103,152,2,0,1,3290,703,350,2024,8,23,14,41,12,6,5,18,58,2,1,1,1,1,9,22,0,0,18,9,30,70,5,2,21,65,0,36,0,31,0,0,0,0,0,11,0,10,0,20,0,3,0,0,0,0,0,2,0,261144765,1274309653,6,3,9999,0,9,0
1,97,103,174,2,0,1,3310,500,348,2024,9,26,12,55,12,6,19,18,21,1,1,1,13,7,0,0,0,0,5,6,1,70,4,2,21,75,25,4,34,31,31,1,0,1,0,11,11,4,4,40,10,3,2,2,0,2,0,4,2,261145487,1274605196,5,3,9999,9999,9,1
1,97,103,176,2,0,1,25480,0,215,2024,9,13,9,41,12,6,14,18,36,2,2,1,14,7,0,0,0,0,3,9,1,70,4,2,21,65,65,13,4,31,31,11,1,2,1,11,11,3,10,80,50,3,2,2,2,2,2,2,4,261017573,1274412415,6,3,9999,9999,9,9
1,97,103,177,2,0,1,33500,689,350,2024,9,17,17,35,13,6,16,18,31,2,1,2,14,7,0,0,0,0,4,9,1,70,4,2,21,1,35,14,35,31,31,11,0,1,0,11,11,3,3,40,10,3,3,2,0,2,0,4,2,261149841,1274358638,3,3,9999,9999,1,5
1,97,103,178,2,0,1,33500,0,350,2024,10,1,16,5,12,6,22,18,16,2,1,1,1,7,9,22,9,22,14,9,30,70,4,2,21,65,45,4,34,31,31,1,0,1,0,11,11,10,3,10,10,3,2,2,0,2,0,4,2,261129821,1274248488,3,3,9999,9999,9,5
1,97,103,179,2,0,1,3290,668,348,2024,8,26,13,40,12,6,7,18,55,1,1,1,7,7,0,0,0,0,5,8,1,70,4,2,21,65,35,14,14,31,31,11,11,1,1,11,11,4,4,10,31,2,3,2,2,2,2,4,4,261203031,1274508003,2,3,9999,9999,9,1
1,97,103,180,2,0,1,33640,481,215,2024,9,21,2,0,22,6,17,18,27,1,2,1,1,7,9,22,0,0,15,9,30,70,4,2,1,65,45,3,61,1,0,1,0,1,0,11,0,10,0,10,0,4,0,2,0,2,0,4,2,261050822,1274631044,7,3,9999,0,9,0
1,97,103,181,2,0,1,5070,0,350,2024,9,23,13,12,12,6,18,18,25,1,3,1,7,7,0,0,0,0,3,9,1,70,4,2,21,45,1,3,13,31,31,1,11,1,1,11,11,10,10,30,10,3,3,2,2,2,2,2,4,261024262,1274338964,2,1,9999,9999,9,5
1,97,103,182,2,0,1,26370,0,215,2024,10,1,15,20,12,6,22,18,16,1,2,1,14,7,0,0,0,0,3,9,1,70,4,2,21,45,65,3,4,31,31,1,1,1,1,11,11,3,3,50,50,2,2,2,2,2,2,2,4,260941090,1274631696,3,3,9999,9999,1,9
1,97,103,183,2,0,1,3310,387,215,2024,8,21,8,12,12,6,4,19,0,1,2,1,14,7,0,0,0,0,3,9,1,70,4,2,21,35,45,4,14,31,31,1,11,1,1,11,11,3,3,40,50,2,3,2,2,2,2,2,4,261031393,1274942341,4,3,9999,9999,1,1
1,97,103,184,2,0,1,5070,55,350,2024,10,5,6,54,11,6,23,18,12,1,2,1,7,1,0,0,0,0,6,9,1,70,1,2,21,1,45,4,14,31,31,1,11,1,1,11,11,4,4,10,30,3,3,2,2,2,2,4,2,261050243,1274328110,7,3,9999,9999,1,1
1,97,103,185,2,0,1,33500,0,350,2024,9,27,16,30,12,6,20,18,20,2,1,1,14,7,0,0,0,0,3,9,1,70,4,2,1,1,1,4,61,31,0,1,0,1,0,11,0,3,0,80,0,4,0,2,0,2,0,4,2,261210307,1274404538,6,3,9999,0,1,0
1,97,103,186,2,0,2,5070,0,350,2024,10,12,21,58,22,6,27,18,4,1,1,1,1,7,9,22,9,22,14,9,30,70,4,2,21,25,1,3,35,31,31,1,0,1,0,11,11,3,3,20,10,3,2,2,0,2,0,4,2,261058364,1274250072,7,3,9999,9999,1,1
1,97,103,187,2,0,1,3290,674,350,2024,10,15,21,31,22,6,28,18,1,1,1,1,1,1,9,22,0,0,17,9,30,70,4,2,1,55,1,3,61,1,0,1,0,1,0,11,0,4,0,50,0,4,0,2,0,2,0,4,2,261200860,1274447587,3,3,9999,0,9,0
1,97,103,188,2,0,2,3310,370,215,2024,9,12,16,55,12,6,14,18,37,1,3,1,1,1,9,22,9,22,15,9,30,70,5,2,21,25,55,3,4,31,31,1,1,1,1,11,11,3,3,80,10,3,3,2,2,2,2,4,2,261010283,1274906434,5,3,0,9999,0,9
1,97,103,189,2,0,1,33500,0,350,2024,10,16,19,8,22,6,29,18,1,2,2,1,1,7,1,21,0,0,18,9,30,70,1,2,1,25,65,4,61,31,0,1,0,1,0,11,0,10,0,10,0,3,0,2,0,2,0,4,2,261209083,1274408671,4,3,9999,0,1,0
1,97,103,190,2,0,2,33640,0,215,2024,9,26,19,0,21,6,19,18,21,1,3,1,1,7,9,22,9,22,11,9,30,70,5,4,21,1,75,4,4,31,31,1,1,1,1,11,11,10,10,42,11,3,2,2,1,2,2,2,2,261026663,1274745755,5,3,9999,533,5,9
1,97,103,191,2,0,1,27410,0,350,2024,8,28,7,31,12,6,8,18,53,1,1,1,13,7,0,0,0,0,5,5,1,70,1,2,41,1,0,35,75,31,0,0,0,0,0,11,0,3,0,20,0,3,0,0,0,0,0,4,0,261155403,1274338708,4,3,0,0,0,0
1,97,103,192,2,0,1,3310,479,215,2024,6,27,8,26,12,5,39,19,26,1,2,1,7,7,0,0,0,0,4,9,1,70,4,2,21,25,1,4,34,31,31,1,0,1,0,11,11,3,3,50,10,2,1,2,0,1,0,4,2,261044072,1274627685,5,3,9999,9999,1,1
1,97,103,193,2,0,1,33640,0,215,2024,10,21,14,53,12,6,32,17,56,1,2,1,13,7,0,0,0,0,3,5,1,70,4,2,21,55,1,3,14,31,31,1,11,1,1,11,11,10,10,50,50,2,2,2,1,2,2,2,4,260916538,1274709092,2,3,9999,9999,1,1
1,97,103,194,2,0,1,25170,0,215,2024,9,29,7,35,12,6,21,18,18,3,3,2,13,7,0,0,0,0,3,6,1,70,4,2,21,65,45,3,14,31,31,1,11,1,1,11,11,3,3,50,50,2,2,2,1,2,2,2,4,260901933,1274440589,1,3,9999,9999,9,9
1,97,103,195,2,0,2,33500,0,350,2024,10,23,15,51,12,6,33,17,54,1,1,1,14,7,0,0,0,0,3,7,1,70,4,2,21,55,25,3,3,31,31,1,1,1,1,11,11,10,10,10,30,3,3,2,2,2,2,4,2,261142947,1274309440,4,3,9999,9999,9,1
1,97,103,196,2,0,1,3290,673,350,2024,10,1,14,17,12,6,22,18,16,1,2,1,14,7,0,0,0,0,3,7,1,70,1,2,21,25,45,4,4,31,31,1,1,1,1,11,11,3,3,10,30,3,3,2,2,2,2,4,2,261209299,1274441060,3,3,9999,9999,1,5
1,97,103,197,2,0,1,33640,0,215,2024,10,1,16,12,12,6,22,18,16,1,3,1,13,7,0,0,0,0,3,5,1,70,4,2,21,55,35,4,4,31,31,1,1,1,1,11,11,2,2,10,10,2,2,1,1,2,2,4,2,261042287,1274603594,3,3,9999,9999,9,1
1,97,104,119,1,1,1,33280,0,328,2024,6,11,12,16,12,5,36,19,22,3,3,2,13,7,0,0,0,0,3,2,1,70,5,4,41,75,0,3,75,1,0,1,0,1,0,11,0,2,0,10,0,2,0,1,0,2,0,1,0,261706475,1274835388,3,3,599,0,9,0
1,97,104,205,2,0,4,3290,571,328,2024,9,22,11,43,12,6,18,18,26,2,2,1,14,1,0,0,0,0,3,9,1,70,1,2,21,65,1,4,4,31,31,1,1,1,1,11,11,1,3,10,31,3,3,2,2,2,2,4,2,261625669,1274750741,1,2,9999,9999,1,5
1,97,104,206,2,0,1,580,1088,205,2024,9,24,18,28,21,6,19,18,24,3,1,2,1,7,9,22,9,22,11,9,30,70,1,2,21,35,25,4,51,31,41,1,0,1,0,11,0,10,0,80,20,3,3,2,0,2,0,4,2,261715947,1274509428,3,3,9999,0,1,0
1,97,104,207,2,0,1,3300,150,205,2024,9,5,7,58,12,6,11,18,45,1,1,1,14,7,0,0,0,0,3,7,1,70,1,2,21,35,35,3,4,31,31,1,1,1,1,11,11,10,10,30,10,3,3,2,2,2,2,2,4,261514299,1274413088,5,3,9999,9999,5,3
1,97,104,209,2,0,1,3300,118,205,2024,9,25,17,15,12,6,19,18,22,1,1,1,1,7,9,22,9,22,14,9,30,70,4,2,21,1,25,3,35,31,31,1,0,1,0,11,11,3,3,80,10,3,3,2,0,2,0,4,2,261541832,1274537832,4,3,9999,9999,1,1
1,97,104,210,2,0,1,580,1100,205,2024,9,13,23,19,22,6,14,18,36,3,1,2,7,1,0,0,0,0,5,9,1,70,1,2,21,45,1,3,3,31,31,1,1,1,1,11,11,5,5,10,30,3,3,2,2,2,2,4,2,261654912,1274434091,6,3,9999,9999,1,1
1,97,104,211,2,0,1,3300,129,205,2024,8,11,13,5,12,6,0,19,9,1,1,1,1,1,9,22,9,22,19,9,30,70,5,2,21,45,45,3,34,31,31,1,0,1,0,11,11,4,4,10,20,2,2,2,0,2,0,4,2,261516376,1274508734,1,1,9999,9999,1,9
1,97,104,213,2,0,1,25340,0,205,2024,9,29,3,22,22,6,21,18,18,3,1,2,1,1,9,22,0,0,19,8,30,70,5,2,1,45,45,3,61,1,0,1,0,1,0,11,0,3,0,10,0,3,0,2,0,2,0,4,2,261537274,1274439926,1,3,9999,0,9,0
1,97,104,214,2,0,2,10810,0,205,2024,9,9,17,38,12,6,13,18,40,3,1,2,14,7,0,0,0,0,5,9,1,70,1,2,21,1,45,4,4,31,31,1,1,1,1,11,11,4,4,10,31,3,3,2,2,2,2,4,2,261718913,1274604937,2,3,9999,9999,1,9
1,97,104,215,2,0,1,32050,0,205,2024,10,9,9,43,12,6,25,18,7,2,1,1,1,7,1,21,1,21,15,9,30,70,4,2,21,45,1,13,4,31,31,11,1,1,1,11,11,1,2,10,50,3,2,2,2,2,2,4,2,261626292,1274345764,4,3,9999,9999,1,5
1,97,104,216,1,1,0,25340,0,205,2024,10,11,21,1,22,6,26,18,5,1,1,1,1,7,9,22,1,21,14,9,30,70,5,2,21,45,75,3,51,31,41,1,0,1,0,11,0,3,0,80,20,3,3,2,0,2,0,4,1,261542257,1274432017,6,3,9999,0,5,0
1,97,104,217,2,0,1,32050,1113,205,2024,9,30,13,37,12,6,21,18,17,2,1,1,14,7,0,0,0,0,2,9,1,70,5,4,21,35,1,4,36,31,31,1,0,1,0,1,1,10,10,50,40,3,4,2,0,2,0,4,2,261611086,1274415731,2,3,9999,9999,1,1
1,97,104,218,2,0,2,32050,0,205,2024,10,12,15,45,12,6,27,18,4,1,2,1,14,7,0,0,0,0,3,7,1,70,1,2,21,35,35,4,4,31,31,1,1,1,1,11,11,3,3,10,30,3,3,2,2,2,2,4,2,261602971,1274536032,7,3,9999,9999,1,1
1,97,104,219,2,0,1,32050,0,205,2024,9,6,19,28,21,6,11,18,44,1,1,1,14,7,0,0,0,0,3,9,1,70,1,2,1,1,55,51,61,41,0,0,0,0,0,0,0,0,0,10,0,3,0,0,0,0,0,4,2,261645026,1274419273,6,3,0,0,0,0
1,97,104,220,2,0,1,580,1121,205,2024,9,24,18,12,13,6,19,18,24,3,1,2,7,7,0,0,0,0,6,9,1,70,1,2,21,45,45,3,4,31,31,1,1,1,1,11,11,4,4,30,10,3,3,2,2,2,2,2,4,261604804,1274347482,3,3,9999,9999,9,1
1,97,104,221,2,0,2,3300,129,205,2024,10,4,20,0,22,6,23,18,13,3,1,2,7,7,0,0,0,0,4,9,1,70,1,2,21,45,1,3,14,31,31,1,11,1,1,1,1,4,4,30,10,3,3,2,2,2,2,2,4,261517377,1274509130,6,3,9999,9999,9,1
1,97,104,222,2,0,1,32050,0,205,2024,10,20,19,50,22,6,31,17,57,1,1,1,1,1,9,22,0,0,14,9,30,70,5,2,1,55,35,14,61,31,0,11,0,1,0,1,0,2,0,40,0,4,0,2,0,2,0,4,2,261623804,1274428082,1,3,9999,0,9,0
1,97,104,223,2,0,1,32050,0,205,2024,3,9,23,48,22,6,45,18,35,1,1,1,1,7,1,21,0,0,14,9,30,70,5,3,1,55,65,3,61,1,0,1,0,1,0,11,0,2,0,10,0,3,0,2,0,2,0,4,2,261722171,1274630515,7,3,9999,0,9,0
1,97,104,224,2,0,1,32050,0,205,2024,10,4,20,33,22,6,23,18,13,3,1,2,1,1,9,22,0,0,15,8,30,70,5,2,1,25,35,4,61,31,0,1,0,1,0,11,0,2,0,40,0,4,0,2,0,2,0,4,2,261549472,1274349707,6,3,9999,0,1,0
1,97,104,225,2,0,1,3290,91,205,2024,9,22,20,0,22,6,18,18,26,1,1,1,1,7,9,22,9,22,15,9,30,70,4,2,21,55,1,4,35,31,31,1,0,1,0,1,1,2,4,80,20,3,2,2,0,2,0,4,2,261643658,1274642816,1,2,9999,9999,9,1
1,97,104,226,2,0,1,3290,591,328,2024,10,16,11,25,12,6,29,18,1,1,1,1,14,7,0,0,0,0,4,9,1,70,4,2,21,55,55,13,35,1,31,11,0,2,0,1,1,4,4,80,10,4,3,2,0,2,0,4,2,261533836,1274711954,4,3,9999,9999,9,9
1,97,104,227,2,0,2,580,1113,205,2024,10,15,6,32,11,6,28,18,1,1,1,1,14,7,0,0,0,0,6,9,1,70,1,2,21,25,55,3,4,31,31,1,1,1,1,11,11,10,10,31,10,2,2,2,1,2,1,2,4,261636293,1274352385,3,3,9999,9999,1,1
1,97,104,228,2,0,1,580,1093,205,2024,10,22,18,35,21,6,32,17,55,2,1,1,14,7,0,0,0,0,2,9,1,70,1,2,1,65,45,3,61,31,0,1,0,1,0,11,0,3,0,10,0,4,0,2,0,2,0,4,2,261708484,1274454384,3,3,9999,0,9,0
1,97,104,229,2,0,1,580,1119,205,2024,10,23,19,55,22,6,33,17,54,2,1,1,1,1,9,22,9,22,18,6,30,70,5,2,21,25,45,3,4,31,31,1,1,1,1,11,11,4,4,40,10,2,2,2,1,2,2,4,2,261623441,1274335432,4,3,0,9999,0,9
1,97,104,230,2,0,1,580,1087,205,2024,10,29,23,27,22,6,36,17,49,2,1,1,1,1,9,22,9,22,18,9,30,70,5,2,21,55,1,3,35,31,31,1,0,1,0,11,11,4,3,10,20,3,3,2,0,2,0,4,2,261710882,1274520412,3,3,9999,9999,9,1
1,97,104,234,2,0,1,99000,0,205,2024,9,8,19,35,21,6,12,18,41,1,1,1,0,7,0,0,0,0,0,0,20,70,0,4,1,25,55,3,61,31,0,1,0,1,0,11,0,10,0,30,0,4,0,2,0,2,0,4,2,261521866,1274531410,1,3,9999,0,9,0
1,97,105,247,2,0,3,33260,1041,326,2024,7,13,20,3,21,5,46,19,25,1,1,1,7,1,0,0,0,0,3,9,1,70,4,2,21,1,25,3,4,31,31,1,1,1,1,11,11,2,2,10,30,3,3,2,2,2,2,4,2,261931040,1274517024,7,3,0,9999,0,1
1,97,105,270,2,0,1,3290,442,211,2024,8,13,15,41,12,6,1,19,7,1,1,1,1,1,9,22,8,22,19,9,30,70,5,2,21,45,35,3,3,31,31,1,1,1,1,11,11,4,4,40,50,3,3,2,2,2,2,4,2,262202843,1274903097,3,3,0,9999,0,9
1,97,105,273,2,0,1,580,1069,326,2024,8,5,18,30,13,5,57,19,13,1,2,1,1,1,9,22,9,22,18,9,30,70,5,2,21,75,55,3,51,31,41,1,0,1,0,11,0,10,0,10,24,3,3,2,0,2,0,4,2,261805792,1274541774,2,3,818,0,9,0
1,97,105,311,2,0,1,32110,0,211,2024,9,30,14,56,12,6,21,18,17,1,1,1,1,7,9,22,9,22,11,9,30,70,5,4,21,35,1,3,51,31,41,1,0,1,0,11,0,10,0,10,42,3,3,2,0,2,0,4,2,262219456,1274926087,2,3,9999,0,1,0
1,97,105,312,2,0,1,580,1069,326,2024,8,12,21,18,22,6,0,19,8,1,2,1,1,1,9,22,9,22,15,9,30,70,5,2,21,25,1,4,4,31,31,1,1,1,1,11,11,10,5,50,20,4,2,2,2,2,2,4,2,261806242,1274541360,2,1,0,9999,0,1
1,97,105,313,2,0,1,32110,0,211,2024,8,26,2,17,22,6,7,18,55,1,1,1,7,7,0,0,0,0,3,9,1,70,5,4,1,55,35,4,61,31,0,1,0,1,0,11,0,10,0,50,0,3,0,2,0,2,0,4,2,261904422,1274932812,2,3,9999,0,9,0
1,97,105,314,2,0,1,580,1038,326,2024,9,7,7,36,12,6,12,18,43,2,2,2,7,7,0,0,0,0,6,6,1,70,1,2,21,25,75,4,51,31,41,1,0,1,0,11,0,10,0,10,20,3,3,2,0,2,0,4,2,261938521,1274512218,7,3,9999,0,1,0
1,97,105,315,2,0,5,3290,527,327,2024,9,22,17,40,13,6,18,18,26,1,2,1,13,7,0,0,0,0,4,6,1,70,4,2,21,25,1,3,4,31,31,1,1,1,1,11,11,4,4,27,50,2,3,2,2,2,2,2,4,261758988,1274831439,1,2,9999,9999,1,1
1,97,105,316,2,0,1,10230,0,326,2024,9,18,10,9,12,6,16,18,30,3,1,2,7,7,0,0,0,0,5,9,1,70,1,2,21,45,55,3,14,31,31,1,11,1,1,11,11,4,4,10,31,3,3,2,2,2,2,4,2,261946236,1274633690,4,3,0,9999,0,9
1,97,105,317,2,0,1,10750,0,211,2024,9,11,0,45,22,6,13,18,38,2,1,1,1,1,9,22,9,22,15,9,30,70,5,2,21,25,1,4,4,31,31,1,1,1,1,11,11,3,3,10,30,2,2,2,2,2,2,2,4,262041971,1274916961,4,3,9999,0,1,0
1,97,105,318,2,0,7,10850,0,211,2024,8,19,19,20,21,6,4,19,2,3,1,2,7,7,0,0,0,0,5,9,1,70,1,2,21,25,1,3,4,31,31,1,1,1,1,11,11,4,3,30,10,3,2,2,2,2,2,2,4,261900764,1274729515,2,3,9999,0,1,0
1,97,105,319,2,0,1,10810,70,327,2024,9,13,12,59,12,6,14,18,36,3,1,2,1,1,9,22,9,22,19,7,30,70,5,2,21,35,25,3,4,31,31,1,1,1,1,11,11,4,4,10,30,3,3,2,2,2,2,2,4,261747108,1274649519,6,3,9999,9999,1,1
1,97,105,321,2,0,3,10230,0,211,2024,9,28,13,29,12,6,20,18,19,1,2,1,14,7,0,0,0,0,5,9,1,70,1,2,21,1,25,3,4,31,31,1,1,1,1,11,11,4,4,10,31,3,3,2,2,2,2,4,2,261951109,1274645727,7,3,9999,9999,1,1
1,97,105,322,2,0,1,10740,451,211,2024,8,24,13,20,12,6,6,18,57,2,1,1,7,7,0,0,0,0,5,9,1,70,4,2,21,75,45,3,3,31,31,1,1,1,1,11,11,3,3,10,30,3,3,2,2,2,2,4,2,262138538,1274846652,7,3,400,9999,9,1
1,97,105,323,2,0,1,3300,1,211,2024,9,19,18,55,21,6,17,18,29,1,1,1,14,7,0,0,0,0,5,9,1,70,1,2,21,45,1,3,4,31,31,1,1,1,1,11,11,3,3,70,50,3,3,2,2,2,2,2,4,262020292,1274853658,5,3,9999,9999,1,1
1,97,105,324,2,0,1,32110,0,211,2024,10,10,19,15,22,6,26,18,6,1,1,1,1,7,1,21,9,22,14,9,30,1,4,4,21,45,65,3,3,31,31,1,1,1,1,11,11,2,2,10,24,3,3,2,1,2,1,4,2,262042079,1274841627,5,3,9999,9999,1,9
1,97,105,325,2,0,1,25240,0,326,2024,9,24,17,30,13,6,19,18,24,3,1,2,1,7,1,22,9,22,15,9,30,70,4,2,21,1,1,3,4,31,31,1,1,1,1,11,11,2,2,10,40,3,4,2,2,2,2,4,2,261848787,1274600779,3,3,0,9999,0,1
1,97,105,326,2,0,1,25200,0,211,2024,10,3,8,15,12,6,23,18,14,1,1,1,1,7,9,22,9,22,15,7,30,70,4,2,21,25,45,4,4,31,31,1,1,1,1,11,11,3,3,10,30,3,3,2,2,2,2,4,2,261950729,1274833541,5,3,0,9999,0,1
1,97,105,328,2,0,1,10740,0,211,2024,10,14,9,11,12,6,28,18,2,1,1,1,1,1,9,22,0,0,18,9,30,70,5,2,1,45,45,3,61,31,0,1,0,1,0,11,0,3,0,80,0,4,0,2,0,2,0,4,2,262131298,1274830010,2,1,9999,0,1,0
1,97,105,329,2,0,1,33260,0,326,2024,9,29,10,36,12,6,21,18,18,3,1,2,14,1,0,0,0,0,5,9,1,70,4,2,21,25,45,4,36,31,31,1,0,1,0,11,11,2,2,10,30,3,3,2,0,2,0,4,2,261807639,1274533120,1,3,9999,9999,1,1
1,97,105,330,2,0,1,32110,0,211,2024,9,11,9,10,12,6,13,18,38,2,1,2,1,7,9,22,0,0,15,8,30,1,5,2,1,25,75,3,61,31,0,1,0,1,0,11,0,2,0,10,0,4,0,2,0,2,0,4,2,261957979,1274802977,4,3,9999,0,1,0
1,97,105,331,2,0,1,32110,0,211,2024,9,22,15,33,12,6,18,18,26,1,1,1,1,1,9,22,0,0,15,9,30,70,5,2,1,55,1,4,61,31,0,1,0,1,0,11,0,2,0,50,0,4,0,2,0,2,0,4,2,261944800,1274651568,1,2,9999,0,9,0
1,97,105,332,2,0,1,10850,0,211,2024,9,27,23,30,22,6,20,18,20,3,1,2,1,1,9,22,0,0,19,9,30,70,5,2,1,45,45,4,61,31,0,1,0,1,0,11,0,4,0,10,0,3,0,2,0,2,0,4,2,261858997,1274949379,6,3,9999,0,1,0
1,97,105,333,1,1,0,33260,0,326,2024,10,18,11,32,12,6,30,17,59,1,2,1,14,7,0,0,0,0,3,7,1,70,5,4,1,45,45,11,61,31,0,11,0,1,0,11,0,10,0,10,0,4,0,2,0,2,0,4,1,261932959,1274524077,6,3,9999,0,1,0
1,97,105,334,2,0,1,99000,54,327,2024,9,21,17,10,12,6,17,18,27,1,1,1,0,7,0,0,0,0,0,0,20,70,0,4,1,35,65,3,61,31,0,1,0,1,0,11,0,10,0,10,0,4,0,2,0,2,0,4,2,261829956,1274657162,7,3,9999,0,1,0
1,97,105,336,2,0,2,10850,0,211,2024,9,13,8,25,12,6,14,18,36,1,1,1,14,7,0,0,0,0,5,9,1,70,1,2,21,45,75,3,3,31,31,1,1,1,1,11,11,4,4,10,30,3,2,2,2,2,2,4,4,261906197,1274854284,6,3,9999,843,1,9
1,97,105,337,2,0,1,10810,0,327,2024,7,30,16,50,12,5,54,19,17,1,3,1,13,7,0,0,0,0,4,6,1,70,4,2,1,25,1,17,61,31,0,11,0,1,0,11,0,3,0,80,0,3,0,2,0,2,0,4,2,261800698,1274722132,3,3,9999,0,1,0
1,97,105,339,2,0,1,3300,3,211,2024,8,1,0,50,22,5,55,19,16,1,1,1,1,7,9,22,9,22,18,9,30,70,5,2,21,35,1,3,3,31,31,1,1,1,1,11,11,3,3,11,30,2,2,2,2,2,2,4,2,262018103,1274845940,5,3,9999,9999,9,1
1,97,105,340,2,0,1,32110,0,211,2024,10,12,17,8,13,6,27,18,4,1,3,1,13,7,0,0,0,0,3,3,1,70,4,2,21,1,25,4,35,31,31,1,0,1,0,11,11,10,2,60,41,3,3,2,0,2,0,4,2,262229073,1274829086,7,3,9999,9999,1,5
1,97,105,341,2,0,1,10850,0,327,2024,6,21,23,55,22,5,38,19,25,1,2,1,1,1,9,22,9,22,19,9,30,70,5,2,21,1,25,4,4,31,31,1,1,1,1,11,11,4,4,50,50,3,3,1,2,2,2,4,2,261858489,1274756407,6,3,9999,9999,1,1
1,97,105,344,2,0,1,32110,0,211,2024,10,11,12,45,12,6,26,18,5,1,1,1,14,7,0,0,0,0,4,9,1,70,4,2,21,75,65,4,4,31,31,1,1,1,1,11,11,3,3,50,40,4,3,2,2,2,2,4,2,262011810,1274911201,6,3,249,9999,9,9
1,97,105,345,2,0,1,3290,510,211,2024,9,26,19,10,21,6,19,18,21,1,1,1,7,7,0,0,0,0,4,7,1,70,4,2,21,25,35,3,3,31,31,1,1,1,1,11,11,4,4,10,30,2,2,1,2,2,2,4,2,261844608,1274901888,5,3,9999,9999,1,1
1,97,105,346,2,0,1,99000,0,326,2024,10,21,13,16,12,6,32,17,56,1,2,1,0,7,0,0,0,0,0,0,20,70,0,4,21,75,35,3,3,31,31,1,1,1,1,11,11,10,10,30,40,3,3,2,2,2,2,4,2,261806728,1274534204,2,3,500,9999,9,1
1,97,106,58,2,0,1,580,0,324,2024,9,26,8,10,12,6,19,18,21,1,3,1,7,1,0,0,0,0,3,9,1,70,4,2,21,65,25,3,14,31,31,1,11,1,1,11,11,3,3,30,10,3,3,2,2,2,2,2,4,262227397,1274445694,5,3,9999,9999,9,1
1,97,106,59,2,0,1,580,989,325,2024,9,10,20,13,22,6,13,18,39,3,1,2,7,1,0,0,0,0,4,9,1,70,1,2,21,65,35,4,14,31,31,1,11,1,1,11,11,3,4,50,20,2,2,2,2,2,2,4,2,262151134,1274522061,3,3,9999,9999,9,5
1,97,106,60,2,0,2,10740,0,325,2024,9,23,22,8,22,6,18,18,25,2,1,1,1,1,9,22,9,22,18,9,30,70,5,2,21,65,1,3,4,31,31,1,1,1,1,11,11,4,4,10,30,2,2,1,2,2,2,4,2,262154414,1274612515,2,1,9999,9999,9,1
1,97,106,62,2,0,1,580,943,324,2024,10,8,21,32,22,6,25,18,8,1,3,1,7,7,0,0,0,0,5,9,1,70,1,2,21,1,1,3,4,31,31,1,1,1,1,11,11,5,5,10,30,3,3,2,2,2,2,4,2,262415977,1274532432,3,3,9999,9999,1,1
1,97,106,63,2,0,1,580,962,324,2024,10,16,7,50,12,6,29,18,1,1,2,1,14,7,0,0,0,0,6,9,1,70,1,2,21,55,1,3,4,31,31,1,1,1,1,11,11,5,5,30,10,3,3,2,2,2,2,2,4,262316714,1274517316,4,3,9999,9999,9,1