data_category,prefecture_code,police_station_code,report_id,accident_details_code,fatalities,injured_persons,route_code,location_code,municipality_code,occurence_year,occurence_month,occurence_date,occurence_hour,occurence_minute,day_night_code,sunrise_hour,sunrise_minute,sunset_hour,sunset_minute,weather_code,terrain_code,road_condition_code,road_config_code,traffic_signal_code,stop_reg_signage_code_party_a,stop_reg_roadmarking_code_party_a,stop_reg_signage_code_party_b,stop_reg_roadmarking_code_party_b,road_width_code,road_alignment_code,collision_point_code,zone_reg_code,median_facility_code,pedestrian_vehicle_separation_code,accident_type_code,age_party_a,age_party_b,party_type_code_party_a,party_type_code_party_b,vehicle_use_code_party_a,vehicle_use_code_party_b,vehicle_shape_code_party_a,vehicle_shape_code_party_b,auto_transm_code_party_a,auto_transm_code_party_b,safety_feature_code_party_a,safety_feature_code_party_b,speed_reg_code_party_a,speed_reg_code_party_b,vehicle_impact_point_code_party_a,vehicle_impact_point_code_party_b,vehicle_damage_level_party_a,vehicle_damage_level_party_b,airbag_code_party_a,airbag_code_party_b,side_airbag_code_party_a,side_airbag_code_party_b,injury_severity_code_party_a,injury_severity_code_party_b,latitude_north,longitude_east,occurence_day_code,public_holiday_code,days_since_cognitive_test_party_a,days_since_cognitive_test_party_b,driving_practice_method_code_party_a,driving_practice_method_code_party_b
1,97,106,64,2,0,1,25060,0,324,2024,9,9,17,43,13,6,13,18,40,3,2,2,14,1,0,0,0,0,3,9,1,70,4,2,21,25,1,4,14,31,31,1,11,1,1,11,11,3,3,30,10,3,3,2,2,2,2,2,4,262455116,1274356726,2,3,9999,9999,1,1
1,97,106,65,2,0,3,580,1001,325,2024,10,10,7,55,12,6,26,18,6,1,1,1,1,1,9,22,9,22,18,3,30,70,5,2,21,25,35,3,4,31,31,1,1,1,1,11,11,4,4,86,50,3,3,1,1,2,2,4,2,262131190,1274453214,5,3,0,9999,0,1
1,97,107,93,2,0,1,32040,0,213,2024,9,13,19,20,21,6,14,18,36,1,2,1,1,7,1,21,9,22,11,9,30,70,5,4,21,25,25,4,4,31,31,1,1,1,1,11,11,10,10,10,40,3,3,2,2,2,2,4,2,262030260,1275710526,6,3,9999,9999,1,1
1,97,107,94,2,0,1,25370,0,213,2024,8,27,7,50,12,6,7,18,54,2,3,1,14,7,0,0,0,0,3,9,1,70,4,2,21,1,55,3,3,31,31,1,1,1,1,11,11,4,4,10,10,2,2,1,1,2,2,4,2,262036884,1275307894,3,3,9999,9999,1,9
1,97,107,95,2,0,4,10100,0,213,2024,9,8,18,6,13,6,12,18,41,1,3,1,1,1,9,22,9,22,19,9,30,70,5,2,21,1,45,3,4,31,31,1,1,1,1,11,11,3,3,50,80,2,2,1,1,2,2,2,4,261951384,1275419480,1,3,9999,9999,1,1
1,97,107,96,2,0,1,32040,0,213,2024,8,30,8,30,12,6,8,18,51,1,3,1,13,7,0,0,0,0,2,2,1,70,5,4,21,25,25,3,4,31,31,1,1,1,1,11,11,10,10,10,10,2,2,2,2,2,2,4,2,262046507,1275020713,6,3,9999,9999,1,1
1,97,107,97,2,0,1,32040,0,213,2024,7,9,9,39,12,5,44,19,25,1,1,2,1,1,9,22,9,22,15,9,30,70,5,2,21,25,75,3,13,31,31,1,11,1,1,11,11,3,3,23,10,3,3,2,2,2,2,2,4,262146670,1275026765,3,3,9999,265,9,9
1,97,107,98,2,0,1,27240,0,213,2024,8,21,13,31,12,6,4,19,0,1,2,1,13,7,0,0,0,0,4,6,1,70,4,2,21,55,45,3,3,31,31,1,1,1,1,11,11,3,3,10,40,2,3,2,2,2,2,4,2,262259038,1275209556,4,3,9999,9999,9,9
1,97,107,99,2,0,1,10850,0,213,2024,9,20,17,15,12,6,17,18,28,1,1,1,7,1,0,0,0,0,5,6,1,70,1,2,21,1,35,4,4,31,31,1,1,1,1,11,11,3,3,10,31,2,2,2,2,2,2,4,2,262113111,1274929176,6,3,9999,9999,1,5
1,97,107,100,2,0,1,10850,0,213,2024,8,21,13,32,12,6,4,19,0,1,3,1,14,7,0,0,0,0,5,9,1,70,1,2,21,75,65,4,36,31,31,1,0,1,0,11,11,1,10,80,22,3,3,2,0,2,0,4,2,262013096,1275043652,4,3,1036,9999,9,9
1,97,107,101,2,0,1,3290,415,213,2024,10,24,8,27,12,6,33,17,53,3,2,2,7,7,0,0,0,0,5,9,1,70,1,2,21,45,35,3,4,31,31,1,1,1,1,11,11,4,4,30,10,3,3,2,2,2,2,2,4,262348566,1274944008,5,3,9999,9999,1,1
1,97,107,102,2,0,3,32040,0,213,2024,7,25,17,32,12,5,51,19,20,2,1,1,1,7,9,22,9,22,15,9,30,70,5,4,21,25,35,3,4,31,31,1,1,1,1,11,11,10,10,80,10,3,3,2,2,2,2,2,4,262252018,1275124833,5,3,9999,9999,1,1
1,97,108,57,2,0,1,27550,369,213,2024,9,8,11,18,12,6,12,18,41,1,1,1,1,1,9,22,9,22,15,9,30,70,5,2,21,45,1,3,4,31,31,1,1,1,1,11,11,10,10,50,50,3,3,2,2,2,2,2,4,262535677,1274934702,1,3,9999,9999,9,1
1,97,108,58,2,0,1,580,759,311,2024,9,20,17,35,13,6,17,18,28,2,2,1,1,1,9,22,9,22,15,9,30,70,5,2,21,45,45,14,34,31,31,11,0,1,0,11,11,4,4,0,0,4,3,2,0,2,0,4,2,263008147,1275322254,6,3,9999,9999,1,5
1,97,108,59,2,0,1,580,773,311,2024,10,16,7,33,12,6,29,18,1,1,2,1,14,7,0,0,0,0,4,8,1,70,4,2,21,25,35,3,3,31,31,1,1,1,1,11,11,5,5,10,30,4,3,2,2,2,2,4,2,263014540,1275239022,4,3,9999,9999,1,1
1,97,108,60,2,0,1,3290,322,314,2024,10,1,20,32,22,6,22,18,16,2,3,1,14,7,0,0,0,0,3,9,1,70,4,2,21,35,45,4,51,31,41,1,0,1,0,11,0,4,0,40,20,3,4,2,0,2,0,4,2,262714425,1275128004,3,3,9999,0,1,0
1,97,109,114,2,0,2,10710,0,209,2024,9,28,11,40,12,6,20,18,19,3,3,2,1,7,9,22,9,21,15,7,30,70,4,2,21,55,1,3,4,31,31,1,1,1,1,11,11,3,3,30,10,3,3,2,2,2,2,2,4,263214784,1275806028,7,3,9999,9999,9,1
1,97,109,115,2,0,1,4490,572,209,2024,9,25,19,12,21,6,19,18,22,2,1,1,7,1,0,0,0,0,3,9,1,70,4,2,21,25,25,3,4,31,31,1,1,1,1,11,11,3,3,30,10,3,3,2,2,2,2,4,4,263537406,1275802096,4,3,9999,9999,1,1
1,97,109,116,1,1,0,4490,0,209,2024,10,6,1,5,22,6,24,18,11,1,3,1,14,7,0,0,0,0,3,9,1,70,4,2,1,55,1,3,61,1,0,1,0,1,0,11,0,3,0,10,0,3,0,2,0,2,0,4,1,263612424,1275647231,1,3,9999,0,9,0
1,97,109,117,2,0,1,32090,0,209,2024,10,8,16,25,12,6,25,18,8,2,3,1,1,7,9,22,9,22,15,9,30,70,4,2,21,55,25,3,3,31,31,1,1,1,1,11,11,3,3,80,20,2,2,2,2,2,2,4,2,263648722,1275834457,3,3,9999,9999,9,1
1,97,109,118,2,0,1,10840,0,209,2024,10,4,20,50,22,6,23,18,13,3,1,2,7,1,0,0,0,0,3,9,1,70,4,2,21,1,35,4,4,31,31,1,1,1,1,11,11,2,2,10,30,3,3,2,2,2,2,4,2,263505888,1275904535,6,3,9999,9999,1,4
1,97,109,119,2,0,1,32090,0,209,2024,10,15,9,46,12,6,28,18,1,2,1,2,1,7,9,22,9,22,14,9,30,70,4,2,21,45,75,4,51,31,41,1,0,1,0,11,0,10,0,80,10,3,3,2,0,2,0,4,2,263456428,1275900395,3,3,9999,0,9,0
1,97,109,120,2,0,4,580,570,209,2024,10,16,16,17,12,6,29,18,1,2,3,1,7,1,0,0,0,0,3,9,1,70,1,2,21,55,35,3,3,31,31,1,1,1,1,11,11,4,4,10,30,2,2,2,2,2,2,4,2,263227683,1275750378,4,3,9999,9999,9,1
1,97,109,121,2,0,1,99000,0,209,2024,10,13,9,3,12,6,27,18,3,1,2,1,0,7,0,0,0,0,0,0,20,70,0,4,21,65,1,3,4,31,31,1,1,1,1,11,11,10,10,60,50,3,3,2,2,2,2,4,2,263617078,1275732742,1,2,9999,9999,9,1
1,97,109,122,2,0,1,580,546,209,2024,10,17,19,5,22,6,29,18,0,1,2,1,1,1,9,22,9,22,18,9,30,70,5,2,21,1,1,4,51,31,41,1,0,1,0,11,0,4,0,10,10,3,3,2,0,2,0,4,2,263629858,1275901298,5,3,0,0,0,0
1,97,109,123,2,0,1,32090,0,209,2024,10,23,22,10,22,6,33,17,54,3,1,2,1,1,9,22,9,22,15,9,30,70,5,2,21,25,1,3,36,31,31,1,0,1,0,11,11,3,2,80,10,3,1,2,0,2,0,4,2,263637508,1275835587,4,3,9999,9999,1,1
1,97,109,124,2,0,1,580,537,209,2024,10,20,18,43,21,6,31,17,57,2,2,1,1,1,9,22,9,22,18,9,30,70,5,2,21,75,55,4,4,31,31,1,1,1,1,11,11,4,4,80,50,2,2,2,2,2,2,4,2,263631032,1275934570,1,3,222,9999,9,5
1,97,109,125,2,0,1,580,526,209,2024,10,21,6,50,11,6,32,17,56,1,2,1,1,1,9,22,9,22,18,9,30,70,5,2,21,25,75,4,14,31,31,1,11,1,2,11,11,4,4,80,40,2,3,2,2,2,2,2,4,263639380,1280005551,2,3,9999,9999,1,9
1,97,109,126,2,0,3,580,589,209,2024,10,24,10,42,12,6,33,17,53,3,1,2,1,1,9,22,9,22,18,9,30,70,5,2,21,25,35,11,3,1,31,11,1,2,1,11,11,5,5,50,75,3,2,2,2,2,2,4,4,263515086,1275857234,5,3,9999,9999,1,1
1,97,109,127,2,0,1,580,556,209,2024,10,4,18,27,21,6,23,18,13,3,1,2,1,1,9,22,0,0,18,9,30,70,5,2,1,1,1,4,61,31,0,1,0,1,0,11,0,4,0,50,0,3,0,2,0,2,0,4,2,263614857,1275830108,6,3,9999,0,1,0
1,97,109,128,2,0,1,4490,0,209,2024,10,23,16,10,12,6,33,17,54,3,2,2,7,1,0,0,0,0,4,9,1,70,1,2,21,65,25,3,4,31,31,1,1,1,1,11,11,4,4,10,30,3,3,2,2,2,2,4,2,263621848,1275654258,4,3,9999,9999,9,1
1,97,109,129,2,0,1,3290,108,209,2024,10,26,8,15,12,6,34,17,52,1,2,1,1,7,1,21,9,22,14,9,30,70,4,2,21,35,45,4,34,31,31,1,0,1,0,11,11,10,4,60,10,3,3,2,0,2,0,4,2,263124582,1280117065,7,3,9999,9999,1,1
1,97,110,27,2,0,1,99000,0,308,2024,10,1,15,5,12,6,22,18,16,1,3,1,0,7,0,0,0,0,0,0,20,70,0,4,1,55,45,4,61,31,0,1,0,1,0,11,0,10,0,30,0,4,0,2,0,2,0,4,2,263928310,1275352397,3,3,9999,0,9,0
1,97,110,28,2,0,1,4490,0,308,2024,10,8,9,22,12,6,25,18,8,2,2,2,1,7,9,21,9,22,15,9,30,70,4,2,21,45,25,3,3,31,31,1,1,1,1,11,11,3,3,20,50,3,3,2,1,2,1,4,2,263926341,1275306796,3,3,9999,9999,9,1
1,97,110,29,2,0,1,33080,0,306,2024,10,3,8,10,12,6,23,18,14,1,2,1,1,7,9,22,0,0,11,9,30,70,5,4,1,65,75,3,61,31,0,1,0,1,0,11,0,10,0,20,0,4,0,2,0,2,0,4,2,264046996,1275838392,5,3,9999,0,9,0
1,97,110,30,2,0,1,26140,0,308,2024,10,5,15,19,12,6,23,18,12,2,3,1,1,7,9,22,9,22,18,7,30,70,4,2,21,25,1,3,3,31,31,1,1,1,1,11,11,3,3,40,10,2,2,2,1,2,2,4,4,264044623,1275316066,7,3,0,9999,0,1
1,97,110,31,2,0,1,33080,0,308,2024,10,10,17,30,13,6,26,18,6,2,3,1,13,7,0,0,0,0,3,2,1,70,4,3,21,25,45,3,4,31,31,1,1,1,1,11,11,3,3,10,10,2,2,1,1,1,2,4,2,263855338,1275216572,5,3,0,9999,0,1
1,97,110,32,2,0,1,4490,0,308,2024,10,16,9,35,12,6,29,18,1,1,3,1,7,1,0,0,0,0,5,9,1,70,1,2,21,75,65,4,14,31,31,1,11,1,1,11,11,4,4,30,10,3,3,2,2,2,2,4,4,264032203,1275328410,4,3,9999,9999,1,9
1,97,110,33,2,0,1,99000,0,308,2024,10,10,13,10,12,6,26,18,6,1,3,1,0,7,0,0,0,0,0,0,20,70,0,4,21,45,65,3,4,31,31,1,1,1,1,11,11,10,10,30,10,3,3,2,2,2,2,2,4,263929012,1275352822,5,3,9999,9999,1,9
1,97,111,78,2,0,1,33630,0,214,2024,9,12,12,53,12,6,14,18,37,1,2,1,14,7,0,0,0,0,3,9,1,70,4,2,21,45,25,4,4,31,31,1,1,1,1,11,11,10,10,10,30,3,3,2,2,2,2,4,2,244725951,1251704103,5,3,9999,9999,9,1
1,97,111,79,2,0,1,33630,0,214,2024,9,13,16,49,12,6,14,18,36,1,1,1,1,1,9,22,0,0,14,9,30,70,5,2,1,55,1,3,61,31,0,1,0,1,0,11,0,2,0,10,0,3,0,2,0,2,0,4,2,244818720,1251728500,6,3,9999,0,9,0
1,97,111,80,2,0,2,33630,0,214,2024,8,15,17,15,12,6,2,19,6,2,1,1,14,7,0,0,0,0,3,7,1,70,4,2,21,75,45,13,14,31,31,11,11,2,1,11,11,10,10,10,31,3,3,2,2,2,2,4,4,244722164,1251656122,5,3,500,9999,9,9
1,97,111,81,2,0,1,33630,0,214,2024,9,20,11,2,12,6,17,18,28,3,1,2,1,7,9,22,9,22,15,9,30,70,4,2,21,75,25,4,4,31,31,1,1,1,1,11,11,10,3,10,20,3,3,1,2,2,2,4,2,244759586,1251720040,6,3,899,9999,9,1
1,97,111,83,2,0,4,99000,0,214,2024,9,24,12,43,12,6,19,18,24,2,3,1,0,7,0,0,0,0,0,0,20,70,0,4,21,25,1,13,4,31,31,11,1,1,1,11,11,10,10,80,60,4,2,2,2,2,2,4,2,244323743,1252752790,3,3,9999,9999,1,1
1,97,111,84,2,0,2,27350,0,214,2024,10,15,16,50,12,6,28,18,1,1,3,1,1,7,1,21,9,22,15,9,30,70,5,2,21,25,25,3,3,31,31,1,1,1,1,11,11,10,10,10,20,2,2,2,2,2,2,4,2,244313364,1251914567,3,3,9999,9999,1,5
1,97,111,85,2,0,1,33630,0,214,2024,10,24,16,35,12,6,33,17,53,2,2,2,1,7,2,21,9,22,15,9,30,70,5,2,21,25,45,3,3,31,31,1,1,1,1,11,11,10,10,50,80,1,2,1,2,1,2,4,2,244858756,1251733619,5,3,9999,9999,1,1
1,97,112,77,2,0,1,32070,0,207,2024,9,8,19,11,21,6,12,18,41,3,2,2,13,7,0,0,0,0,3,2,1,70,4,3,21,25,55,3,4,31,31,1,1,1,1,11,11,3,3,30,10,3,3,2,2,2,2,2,4,242135345,1241248946,1,3,9999,9999,1,9
1,97,112,78,2,0,1,27150,0,381,2024,9,19,22,20,22,6,17,18,29,2,3,1,13,7,0,0,0,0,3,4,1,70,4,2,1,1,1,3,61,31,0,1,0,1,0,11,0,3,0,50,0,3,0,2,0,2,0,4,2,242256388,1235426464,5,3,9999,0,1,0
1,97,112,79,2,0,1,3900,0,207,2024,9,3,15,15,12,6,10,18,47,1,3,1,1,7,9,22,9,22,15,7,30,70,4,2,21,45,1,1,3,1,31,1,1,1,1,11,11,3,3,0,0,4,4,2,2,2,2,4,4,242132108,1241245403,3,3,9999,9999,9,1
1,97,112,80,2,0,1,32070,0,207,2024,9,14,7,47,12,6,15,18,35,1,1,1,1,7,9,22,9,22,15,9,30,70,4,2,21,45,65,3,36,31,31,1,0,1,0,11,11,10,10,50,40,3,3,2,0,2,0,4,2,242028306,1241031649,7,3,9999,9999,5,9
1,97,112,81,2,0,1,32070,0,207,2024,3,30,8,15,12,6,22,18,45,2,1,1,14,7,0,0,0,0,4,9,1,70,4,2,21,45,55,17,51,31,41,11,0,1,0,11,0,3,0,40,0,3,4,2,0,2,0,4,2,242057476,1240847015,7,3,9999,0,9,0
1,97,112,82,2,0,1,3900,0,207,2024,9,18,10,7,12,6,16,18,30,1,1,1,7,7,0,0,0,0,4,9,1,70,4,2,21,35,55,4,4,31,31,1,1,1,1,11,11,3,3,10,30,3,3,2,2,2,2,4,2,241958768,1241001517,4,3,9999,9999,1,9
1,97,112,83,2,0,3,27080,0,207,2024,9,9,16,45,12,6,13,18,40,1,3,1,13,7,0,0,0,0,3,4,1,70,4,2,21,1,35,3,3,31,31,1,1,1,1,11,11,3,3,10,10,2,3,1,2,1,2,4,2,242213166,1240920484,2,3,9999,9999,1,5
1,97,112,84,2,0,1,32070,0,207,2024,10,10,16,37,12,6,26,18,6,1,3,1,1,7,1,21,9,22,15,9,30,70,5,2,21,25,35,3,14,31,1,1,11,1,1,11,11,3,3,61,11,3,3,2,2,2,2,4,2,242137168,1240820564,5,3,9999,9999,1,3
1,97,112,85,2,0,1,32070,0,207,2024,10,17,22,41,22,6,29,18,0,1,1,1,1,3,9,22,9,22,15,7,30,70,5,2,21,35,25,3,4,31,31,1,1,1,1,11,11,2,2,40,10,3,3,2,2,2,2,4,4,242035794,1240933714,5,3,9999,9999,1,1
1,97,112,86,2,0,1,3900,0,207,2024,10,17,17,40,13,6,29,18,0,1,1,1,1,1,9,22,9,22,15,9,30,70,4,2,21,65,25,3,51,31,41,1,0,1,0,11,0,3,0,20,40,3,3,2,0,2,0,4,2,242022952,1241115695,5,3,9999,0,9,0
1,97,113,226,2,0,1,3290,647,329,2024,8,23,11,48,12,6,5,18,58,1,1,1,1,7,9,22,9,22,17,6,30,70,4,2,21,65,55,3,36,1,31,1,0,1,0,11,11,4,10,50,10,3,2,2,0,2,0,4,2,261259490,1274549453,6,3,9999,9999,9,9
1,97,113,253,2,0,2,580,1159,208,2024,9,29,5,43,23,6,21,18,18,2,1,1,14,1,0,0,0,0,2,9,1,70,1,2,21,65,25,3,3,1,31,1,1,1,1,11,11,4,4,10,30,3,3,2,2,2,2,4,2,261500191,1274202963,1,3,9999,9999,9,1
1,97,113,255,2,0,1,33290,0,329,2024,10,4,12,20,12,6,23,18,13,2,1,1,14,7,0,0,0,0,2,9,1,70,5,4,21,45,1,4,36,31,31,1,0,1,0,11,11,1,1,50,10,3,3,2,0,2,0,4,2,261321428,1274602179,6,3,9999,9999,1,5
1,97,113,256,2,0,1,25340,0,329,2024,9,28,11,10,12,6,20,18,19,3,3,2,14,7,0,0,0,0,4,7,1,70,2,2,21,55,55,4,14,31,31,1,11,1,1,11,11,3,3,20,50,2,3,2,2,2,2,2,4,261414424,1274557334,7,3,9999,9999,9,9
1,97,113,257,2,0,1,25340,0,329,2024,10,8,7,1,11,6,25,18,8,1,2,1,13,7,0,0,0,0,4,5,1,70,4,2,21,45,35,3,4,31,31,1,1,1,1,11,11,3,3,0,0,3,3,2,1,2,2,4,2,261353166,1274603547,3,3,9999,9999,1,9
1,97,113,258,2,0,2,580,1129,208,2024,10,5,18,30,21,6,23,18,12,2,1,1,14,7,0,0,0,0,6,9,1,70,1,2,21,45,1,3,4,31,31,1,1,1,1,11,11,4,4,33,11,3,3,2,2,2,2,2,4,261559875,1274317890,7,3,9999,9999,5,1
1,97,113,259,2,0,1,27510,0,208,2024,10,1,16,57,12,6,22,18,16,1,1,1,7,1,0,0,0,0,3,9,1,70,4,2,21,35,1,3,4,31,31,1,1,1,1,11,11,3,3,30,10,3,3,2,2,2,2,2,4,261457134,1274241738,3,3,9999,9999,3,1
1,97,113,260,2,0,3,580,1164,208,2024,10,8,7,40,12,6,25,18,8,1,1,1,14,1,0,0,0,0,6,8,1,70,1,2,21,1,35,3,3,31,31,1,1,2,1,11,11,4,4,0,0,3,3,1,1,2,2,4,2,261449258,1274150240,3,3,9999,9999,1,1
1,97,113,261,2,0,1,32080,0,208,2024,9,20,20,25,22,6,17,18,28,2,1,1,1,1,9,22,9,22,15,9,30,70,5,2,21,35,1,3,36,31,31,1,0,1,0,11,11,3,10,74,14,3,2,2,0,2,0,4,2,261619139,1274225078,6,3,9999,9999,1,5
1,97,113,262,2,0,1,580,1148,208,2024,9,13,15,42,12,6,14,18,36,1,1,1,14,7,0,0,0,0,6,9,1,70,1,2,21,55,55,3,3,31,31,1,1,1,1,11,11,4,4,10,30,3,3,2,2,2,2,4,2,261525121,1274231266,6,3,0,9999,0,9
1,97,113,263,2,0,1,580,1126,208,2024,10,15,11,50,12,6,28,18,1,3,1,2,1,1,9,22,9,22,18,9,30,70,5,2,21,45,55,17,4,31,31,11,1,1,1,11,11,4,4,10,31,3,3,2,2,2,2,4,2,261559198,1274328517,3,3,9999,9999,1,9
1,97,113,264,2,0,1,10380,0,329,2024,10,14,18,12,21,6,28,18,2,1,2,1,13,7,0,0,0,0,3,4,1,70,4,2,21,1,45,3,34,31,31,1,0,1,0,11,11,3,3,10,30,3,3,2,0,2,0,4,2,261412041,1274513126,2,1,9999,9999,1,9
1,97,113,265,2,0,1,580,1124,208,2024,9,29,12,7,12,6,21,18,18,1,1,1,1,1,9,22,9,22,15,9,30,70,5,2,21,55,55,3,51,31,41,1,0,1,0,11,0,4,0,84,24,3,4,2,0,2,0,4,2,261600613,1274335612,1,3,9999,0,9,0
1,97,113,266,2,0,1,3290,629,329,2024,9,30,9,19,12,6,21,18,17,1,2,1,14,7,0,0,0,0,4,9,1,70,2,2,21,35,45,13,34,31,31,11,0,2,0,11,11,1,10,50,24,3,3,2,0,2,0,4,2,261354548,1274609304,2,3,9999,9999,1,1
1,97,113,267,2,0,1,85000,0,208,2024,10,5,18,30,21,6,23,18,12,2,1,2,14,7,0,0,0,0,5,9,1,70,4,4,21,35,25,3,3,31,31,1,1,1,1,11,11,5,5,10,30,3,3,2,2,2,2,4,2,261624434,1274301524,7,3,9999,9999,1,1
1,97,113,268,2,0,1,32080,0,208,2024,10,17,18,20,21,6,29,18,0,3,2,2,1,7,9,22,0,0,15,9,30,70,4,2,1,65,25,14,61,31,0,11,0,1,0,11,0,2,0,11,0,3,0,2,0,2,0,4,2,261459831,1274241242,5,3,9999,0,9,0
1,97,113,269,2,0,1,32080,0,208,2024,10,21,6,33,11,6,32,17,56,1,1,1,1,7,9,22,9,22,15,9,30,70,4,2,21,55,65,3,35,31,31,1,0,1,0,11,11,10,10,50,20,3,3,2,0,2,0,4,2,261514242,1274312727,2,3,9999,9999,9,9
1,97,113,270,2,0,2,32080,0,208,2024,10,24,14,30,12,6,33,17,53,2,1,2,1,7,1,21,9,22,15,9,30,70,4,2,21,25,55,4,4,31,31,1,1,1,1,11,11,2,2,10,40,3,3,2,2,2,2,4,2,261444372,1274155057,5,3,9999,9999,5,9
1,97,113,271,2,0,5,10380,0,208,2024,10,24,13,11,12,6,33,17,53,3,1,2,14,7,0,0,0,0,4,8,1,70,4,2,21,35,25,3,13,31,31,1,11,1,1,11,11,3,3,30,50,3,3,2,2,2,2,2,4,261426693,1274421494,5,3,9999,9999,1,1
1,97,113,272,2,0,1,580,1165,208,2024,10,24,16,52,12,6,33,17,53,3,1,2,1,1,9,22,9,22,18,6,30,70,5,2,21,35,55,3,3,31,31,1,1,1,1,11,11,4,4,80,50,2,2,2,1,1,2,4,2,261445478,1274146864,5,3,0,9999,0,9
1,97,113,273,2,0,1,32080,0,208,2024,10,28,23,1,22,6,36,17,50,3,1,2,13,7,0,0,0,0,3,2,1,70,4,2,1,25,55,4,61,31,0,1,0,1,0,11,0,2,0,10,0,3,0,2,0,2,0,4,2,261434066,1274155730,2,3,9999,0,1,0
1,97,113,274,2,0,1,32080,0,208,2024,9,11,10,32,12,6,13,18,38,3,1,2,1,7,9,22,9,22,11,9,30,70,4,2,21,25,45,4,36,31,31,1,0,1,0,11,11,2,2,0,44,4,3,2,0,2,0,4,2,261529344,1274251088,4,3,9999,9999,1,1
1,97,113,275,2,0,1,3290,636,329,2024,9,20,18,35,21,6,17,18,28,2,1,1,14,7,0,0,0,0,5,9,1,70,4,2,1,1,1,3,61,31,0,1,0,1,0,11,0,4,0,10,0,4,0,2,0,2,0,4,2,261334270,1274558936,6,3,9999,0,1,0
1,97,114,139,2,0,1,33410,0,212,2024,9,20,8,12,12,6,17,18,28,3,2,2,7,7,0,0,0,0,3,5,1,70,4,2,21,1,25,4,4,31,31,1,1,1,1,11,11,2,2,10,30,3,3,2,2,2,2,4,2,261108203,1274143627,6,3,9999,9999,5,1
1,97,114,140,2,0,1,3310,57,212,2024,9,19,15,10,12,6,17,18,29,1,1,1,1,1,9,22,9,22,15,9,30,70,5,2,21,1,55,3,4,31,31,1,1,1,1,11,11,4,4,80,50,2,2,2,2,2,2,4,2,261025622,1273936317,5,3,9999,9999,1,9
1,97,114,141,2,0,1,3310,57,212,2024,8,28,22,20,22,6,8,18,53,1,3,1,1,1,9,22,9,22,18,9,30,70,5,2,21,1,65,3,4,31,31,1,1,1,1,11,11,4,4,40,10,2,2,2,1,2,2,4,2,261025972,1273936184,4,3,9999,9999,1,9
1,97,114,142,2,0,1,3310,0,201,2024,9,18,12,29,12,6,16,18,30,3,1,2,14,7,0,0,0,0,4,9,1,70,1,2,21,35,55,3,4,31,31,1,1,1,1,11,11,3,3,80,50,4,3,2,2,2,2,2,4,261216132,1274019416,4,3,9999,9999,1,9
1,97,114,143,2,0,1,3310,53,212,2024,9,23,9,50,12,6,18,18,25,1,1,1,1,1,9,22,9,22,18,9,30,70,5,2,21,25,25,3,3,31,31,1,1,1,1,11,11,4,4,10,11,1,1,2,2,2,2,4,2,261024863,1273922374,2,1,0,9999,0,1
1,97,114,144,2,0,1,25110,0,212,2024,10,1,22,55,22,6,22,18,16,2,1,1,1,1,9,22,9,22,18,9,30,70,5,2,21,35,25,14,35,31,31,11,0,1,0,11,11,5,5,21,14,3,2,2,0,2,0,4,2,261109841,1274114978,3,3,9999,9999,1,1
1,97,114,145,2,0,1,27560,116,212,2024,10,4,18,0,13,6,23,18,13,3,2,2,14,7,0,0,0,0,3,9,1,70,1,2,21,45,1,3,4,31,31,1,1,1,1,11,11,3,3,60,80,3,3,2,2,2,2,2,4,261031321,1274003047,6,3,9999,0,1,0
1,97,114,146,2,0,1,3310,46,201,2024,10,4,18,48,21,6,23,18,13,3,1,2,1,1,9,22,9,22,15,9,30,70,5,2,21,65,65,3,51,31,41,1,0,1,0,11,0,4,0,10,42,3,3,2,0,2,0,4,2,261042820,1273915469,6,3,9999,0,9,0
1,97,114,147,2,0,1,32010,0,201,2024,7,10,19,50,21,5,44,19,25,1,1,1,1,7,9,22,0,0,15,9,30,70,4,2,1,65,65,4,61,31,0,1,0,1,0,11,0,10,0,50,0,4,0,2,0,2,0,4,2,261120476,1273933361,4,3,9999,0,9,0
1,97,114,148,2,0,1,3290,737,212,2024,9,18,8,15,12,6,16,18,30,3,2,2,1,1,9,22,9,22,14,9,30,70,5,2,21,35,45,3,36,31,31,1,0,1,0,11,11,10,10,80,10,3,3,2,0,2,0,4,2,261137046,1274124587,4,3,9999,9999,1,9
1,97,114,149,2,0,1,10070,0,212,2024,9,9,18,40,21,6,13,18,40,3,1,2,14,7,0,0,0,0,3,8,1,70,4,2,21,35,45,3,4,31,31,1,1,1,1,11,11,3,3,10,31,3,3,2,2,2,2,4,2,261057173,1274044476,2,3,9999,9999,3,1
1,97,114,150,2,0,1,32010,0,201,2024,10,3,18,10,13,6,23,18,14,3,1,2,1,7,1,21,9,22,14,9,30,70,4,2,21,45,25,4,35,31,31,1,0,1,0,11,11,2,2,20,10,3,3,2,0,2,0,4,2,261122909,1273933941,5,3,9999,9999,1,5