data_category,prefecture_code,police_station_code,report_id,accident_details_code,fatalities,injured_persons,route_code,location_code,municipality_code,occurence_year,occurence_month,occurence_date,occurence_hour,occurence_minute,day_night_code,sunrise_hour,sunrise_minute,sunset_hour,sunset_minute,weather_code,terrain_code,road_condition_code,road_config_code,traffic_signal_code,stop_reg_signage_code_party_a,stop_reg_roadmarking_code_party_a,stop_reg_signage_code_party_b,stop_reg_roadmarking_code_party_b,road_width_code,road_alignment_code,collision_point_code,zone_reg_code,median_facility_code,pedestrian_vehicle_separation_code,accident_type_code,age_party_a,age_party_b,party_type_code_party_a,party_type_code_party_b,vehicle_use_code_party_a,vehicle_use_code_party_b,vehicle_shape_code_party_a,vehicle_shape_code_party_b,auto_transm_code_party_a,auto_transm_code_party_b,safety_feature_code_party_a,safety_feature_code_party_b,speed_reg_code_party_a,speed_reg_code_party_b,vehicle_impact_point_code_party_a,vehicle_impact_point_code_party_b,vehicle_damage_level_party_a,vehicle_damage_level_party_b,airbag_code_party_a,airbag_code_party_b,side_airbag_code_party_a,side_airbag_code_party_b,injury_severity_code_party_a,injury_severity_code_party_b,latitude_north,longitude_east,occurence_day_code,public_holiday_code,days_since_cognitive_test_party_a,days_since_cognitive_test_party_b,driving_practice_method_code_party_a,driving_practice_method_code_party_b
1,97,107,117,2,0,1,25160,0,213,2024,11,11,15,30,12,6,45,17,41,1,1,1,7,1,0,0,0,0,3,9,1,70,4,2,21,45,65,4,14,31,31,1,11,1,1,11,11,3,3,60,60,3,3,2,2,2,2,2,4,262116816,1274959092,2,3,9999,9999,1,9
1,97,107,118,2,0,1,10750,0,213,2024,10,14,2,10,22,6,28,18,2,1,1,1,1,7,9,22,9,22,15,9,30,70,4,2,21,45,1,3,35,31,31,1,0,1,0,11,11,3,3,50,12,3,2,2,0,2,0,4,2,262120185,1274957043,2,1,9999,9999,1,1
1,97,108,45,2,0,1,32040,0,213,2024,7,28,17,59,12,5,53,19,19,1,1,1,14,7,0,0,0,0,3,8,1,70,4,2,1,65,1,4,61,31,0,1,0,1,0,11,0,3,0,10,0,3,0,2,0,2,0,4,2,262525532,1274910337,1,3,9999,0,9,0
1,97,108,49,2,0,1,32040,288,213,2024,8,1,10,30,12,5,55,19,16,1,2,1,1,7,9,22,9,22,14,8,30,70,4,2,21,25,65,4,4,31,31,1,1,1,1,11,11,3,3,10,31,2,3,2,2,2,2,4,2,262518970,1274840432,5,3,9999,9999,1,9
1,97,108,53,2,0,2,3290,173,313,2024,7,25,8,15,12,5,51,19,20,2,3,1,1,7,9,22,9,22,14,8,30,70,4,2,21,1,1,3,3,31,31,1,1,1,1,11,11,3,4,10,30,3,3,2,2,2,2,4,2,262911234,1275856852,5,3,9999,9999,1,1
1,97,108,54,2,0,1,32040,0,213,2024,9,12,17,14,12,6,14,18,37,1,1,1,14,7,0,0,0,0,3,8,1,70,4,2,41,35,0,3,75,31,0,1,0,1,0,11,0,3,0,10,0,2,0,1,0,2,0,4,0,262520424,1274912716,5,3,9999,0,1,0
1,97,108,61,2,0,5,580,825,311,2024,9,17,11,10,12,6,16,18,31,2,2,1,14,1,0,0,0,0,5,8,1,70,1,2,21,45,35,11,3,1,31,11,1,2,1,11,11,5,5,10,30,3,3,2,2,2,2,4,2,262851715,1275050366,3,3,9999,9999,9,5
1,97,108,62,2,0,1,3290,250,314,2024,10,30,14,30,12,6,37,17,49,2,1,1,13,7,0,0,0,0,3,6,1,70,4,2,21,65,1,3,3,31,31,1,1,1,1,11,11,3,3,58,20,2,3,1,2,2,2,4,4,262712776,1275521778,4,3,9999,0,9,0
1,97,108,64,1,1,1,3290,318,314,2024,11,19,20,16,22,6,51,17,38,1,3,1,14,7,0,0,0,0,4,9,1,70,4,2,21,1,1,32,34,31,31,0,0,0,0,11,11,4,4,12,12,3,3,0,0,0,0,1,2,262720383,1275144734,3,3,0,0,0,0
1,97,108,65,1,1,0,580,912,311,2024,11,20,2,40,22,6,51,17,38,1,3,1,13,7,0,0,0,0,6,6,1,70,1,2,41,1,0,35,75,31,0,0,0,0,0,11,0,5,0,40,0,3,0,0,0,0,0,1,0,262606158,1274721325,4,3,9999,0,5,0
1,97,108,66,2,0,2,33140,0,314,2024,11,24,11,53,12,6,54,17,37,1,1,1,1,7,1,21,9,22,14,9,30,70,4,2,21,75,25,3,14,31,31,1,11,1,2,11,11,4,2,50,40,3,2,2,2,2,2,4,2,262652649,1275535242,1,3,236,9999,9,1
1,97,109,130,2,0,1,32090,0,209,2024,10,18,17,2,13,6,30,17,59,1,1,1,7,1,0,0,0,0,4,3,1,70,4,2,21,65,1,3,4,31,31,1,1,1,1,11,11,3,3,75,57,3,2,2,2,2,2,2,4,263600788,1275711848,6,3,9999,9999,4,1
1,97,109,131,2,0,1,580,609,209,2024,10,9,16,55,12,6,25,18,7,1,3,1,1,1,9,22,9,22,18,9,30,70,5,2,21,25,1,4,4,31,31,1,1,1,1,11,11,5,5,80,20,1,3,2,2,2,2,4,2,263415942,1275851758,4,3,9999,9999,1,1
1,97,109,132,2,0,2,580,550,209,2024,10,19,7,40,12,6,30,17,58,1,1,1,7,1,0,0,0,0,6,9,1,70,1,2,21,25,1,3,4,31,31,1,1,1,1,11,11,4,4,30,10,3,3,2,2,2,2,2,4,263624660,1275849073,7,3,9999,0,5,0
1,97,109,133,2,0,1,580,500,209,2024,11,4,17,0,13,6,40,17,45,1,2,1,7,1,0,0,0,0,4,9,1,70,4,2,21,55,25,3,4,31,31,1,1,1,1,11,11,4,4,30,10,3,3,2,2,2,2,2,4,263726036,1280119128,2,1,9999,9999,9,9
1,97,109,134,2,0,1,10710,0,209,2024,11,7,20,42,22,6,42,17,44,3,1,2,14,7,0,0,0,0,4,9,1,70,4,2,1,1,45,51,61,41,0,0,0,0,0,0,0,0,0,12,0,3,0,0,0,0,0,4,2,263558121,1275941597,5,3,0,0,0,0
1,97,109,135,2,0,1,32090,0,209,2024,9,30,14,15,12,6,21,18,17,2,3,1,1,7,9,22,9,22,14,9,30,70,5,4,21,65,25,3,36,31,31,1,0,1,0,11,11,10,10,80,20,3,3,2,0,2,0,4,2,263735980,1280045482,2,3,9999,9999,9,1
1,97,109,136,2,0,1,580,598,209,2024,10,29,19,35,22,6,36,17,49,2,1,1,14,7,0,0,0,0,5,9,1,70,1,2,21,55,25,3,4,31,31,1,1,1,1,11,11,5,5,30,10,3,3,2,2,2,2,2,4,263448994,1275906626,3,3,9999,9999,9,1
1,97,109,137,2,0,1,580,589,209,2024,10,30,9,39,12,6,37,17,49,1,1,1,7,1,0,0,0,0,5,9,1,70,1,2,21,35,45,3,14,31,31,1,11,1,1,11,11,5,4,10,30,2,3,2,2,2,2,4,2,263515281,1275857119,4,3,0,9999,0,1
1,97,109,138,2,0,1,3290,98,209,2024,9,30,20,29,22,6,21,18,17,2,3,1,14,7,0,0,0,0,3,7,1,70,4,2,21,1,45,3,3,31,31,1,1,1,1,11,11,4,4,10,14,2,2,1,1,1,1,4,2,263130760,1280151197,2,3,0,9999,0,1
1,97,109,139,2,0,1,580,604,209,2024,11,18,14,0,12,6,50,17,39,1,3,1,14,1,0,0,0,0,5,9,1,70,1,2,21,35,45,3,4,31,31,1,1,1,1,11,11,5,5,30,10,3,3,2,2,2,2,2,4,263431192,1275902198,2,3,9999,9999,1,1
1,97,110,34,2,0,1,4490,0,308,2024,8,15,14,50,12,6,2,19,6,1,3,1,1,7,9,22,9,22,19,9,30,70,5,2,21,45,25,3,3,31,31,1,1,1,1,11,11,10,10,10,60,3,3,2,2,2,2,4,2,263759948,1275308030,5,3,9999,9999,1,1
1,97,110,35,2,0,2,10840,0,308,2024,9,21,13,35,12,6,17,18,27,1,3,1,13,7,0,0,0,0,3,5,1,70,4,2,21,25,55,3,4,31,31,1,1,1,1,11,11,3,3,57,56,2,2,1,1,2,2,2,4,263909778,1275631542,7,3,9999,9999,1,9
1,97,110,36,2,0,2,4490,0,308,2024,11,22,12,40,12,6,53,17,38,3,2,2,7,1,0,0,0,0,4,3,1,70,1,2,21,75,1,4,4,31,31,1,1,1,1,11,11,3,3,10,30,3,2,2,2,2,2,4,2,263908539,1275248738,6,2,836,9999,9,1
1,97,110,37,2,0,1,10720,0,306,2024,11,24,15,5,12,6,54,17,37,1,2,1,1,2,1,22,9,22,15,9,30,70,5,2,21,55,35,4,4,31,31,1,1,1,1,11,11,3,3,10,24,3,3,2,2,2,2,4,2,264101565,1275822595,1,3,9999,9999,9,1
1,97,111,66,2,0,1,33630,0,214,2024,7,31,15,25,12,5,54,19,17,1,1,1,1,1,9,22,9,22,19,9,30,70,5,2,21,45,25,3,4,31,31,1,1,1,1,11,11,3,3,40,10,3,4,2,2,2,2,2,4,244747897,1251731672,4,3,9999,9999,1,1
1,97,111,77,2,0,2,33630,0,214,2024,8,28,16,40,12,6,8,18,53,1,2,1,1,1,9,22,9,22,15,9,30,70,5,2,21,1,25,3,4,31,31,1,1,1,1,11,11,3,3,10,30,3,3,2,2,2,2,4,2,244747720,1251731715,4,3,9999,9999,1,1
1,97,111,82,2,0,1,99000,0,214,2024,9,30,19,7,21,6,21,18,17,1,1,1,0,7,0,0,0,0,0,0,20,70,0,4,1,65,65,4,61,31,0,1,0,1,0,11,0,10,0,50,0,4,0,2,0,2,0,4,2,244805123,1251649026,2,3,9999,0,1,0
1,97,111,86,2,0,1,33630,0,214,2024,10,6,11,14,12,6,24,18,11,1,2,1,1,1,9,22,9,22,15,9,30,70,5,2,21,75,1,14,51,31,41,11,0,2,0,11,0,1,0,10,40,3,4,2,0,2,0,4,2,244728756,1251709989,1,3,104,0,9,0
1,97,111,87,2,0,1,3900,0,214,2024,11,5,16,11,12,6,41,17,45,3,2,2,7,7,0,0,0,0,3,9,1,70,4,2,21,35,35,4,4,31,31,1,1,1,1,11,11,3,3,50,70,3,3,2,2,2,2,4,2,244710273,1251654797,3,3,9999,9999,1,1
1,97,111,88,2,0,1,3900,0,214,2024,10,25,10,35,12,6,34,17,53,2,1,1,1,7,9,22,9,22,15,9,30,70,5,2,21,45,1,3,4,31,31,1,1,1,1,11,11,3,3,70,20,3,3,2,2,2,2,2,4,244719493,1251650336,6,3,9999,9999,9,1
1,97,111,89,2,0,2,27430,0,214,2024,10,10,14,23,12,6,26,18,6,1,1,1,7,1,0,0,0,0,5,9,1,70,1,2,21,45,55,3,4,31,31,1,1,1,1,11,11,4,4,70,50,3,3,2,2,2,2,2,2,244649620,1251801962,5,3,9999,9999,9,9
1,97,111,90,2,0,1,27520,0,214,2024,11,9,13,7,12,6,44,17,42,1,3,1,12,7,0,0,0,0,3,8,1,70,4,4,21,35,25,4,14,31,31,1,11,1,1,11,11,4,4,30,10,3,3,2,2,2,2,2,4,244741593,1251516690,7,3,9999,9999,9,5
1,97,111,91,2,0,1,3900,0,214,2024,10,31,8,20,12,6,38,17,48,2,2,2,14,7,0,0,0,0,3,8,1,70,4,2,21,35,25,14,51,31,41,11,0,1,0,11,0,3,0,50,10,4,3,2,0,2,0,4,2,244753578,1251614056,5,3,9999,0,5,0
1,97,111,92,2,0,2,33630,0,214,2024,9,17,8,30,12,6,16,18,31,1,2,1,1,7,1,21,9,22,15,9,30,70,4,2,21,35,65,4,4,31,31,1,1,1,1,11,11,10,10,10,40,3,2,2,2,2,2,4,2,244812791,1251823630,3,3,9999,9999,9,9
1,97,111,93,2,0,1,26900,0,214,2024,11,4,11,47,12,6,40,17,45,1,3,1,1,7,9,22,9,22,15,9,30,70,4,3,21,35,25,3,3,31,31,1,1,1,1,11,11,3,3,80,40,3,2,2,2,2,2,4,2,244647438,1251803794,2,1,9999,9999,1,1
1,97,111,94,2,0,1,3900,0,214,2024,10,2,8,15,12,6,22,18,15,2,1,1,7,7,0,0,0,0,4,9,1,70,4,2,21,25,55,3,3,31,31,1,1,1,1,11,11,3,3,10,30,3,3,2,2,2,2,4,2,244801832,1251609548,4,3,9999,9999,1,9
1,97,111,95,2,0,1,33630,0,214,2024,11,15,13,15,12,6,48,17,40,2,1,1,14,7,0,0,0,0,4,9,1,70,4,2,21,55,55,14,35,31,31,11,0,1,0,11,11,2,2,50,10,3,3,2,0,2,0,4,2,244729940,1251709492,6,3,9999,9999,1,9
1,97,111,96,2,0,1,33630,0,214,2024,11,21,14,55,12,6,52,17,38,2,1,1,1,7,1,21,9,22,15,9,30,70,5,2,21,75,45,3,4,31,31,1,1,1,1,11,11,10,10,20,10,3,3,2,2,1,2,4,2,244530625,1252150440,5,3,9999,9999,9,5
1,97,112,87,2,0,1,32070,0,207,2024,10,11,11,27,12,6,26,18,5,2,1,1,1,7,1,21,9,22,15,9,30,70,5,2,21,35,45,4,14,31,31,1,11,1,1,11,11,2,2,10,20,2,3,1,2,2,2,4,4,242025263,1240904778,6,3,9999,9999,1,1
1,97,112,88,2,0,1,32070,0,207,2024,10,7,12,55,12,6,24,18,9,1,1,1,1,1,9,22,0,0,15,9,30,70,5,2,1,35,75,3,61,31,0,1,0,1,0,1,0,3,0,50,0,4,0,2,0,2,0,4,2,242057839,1240951108,2,3,9999,0,1,0
1,97,112,89,2,0,1,32070,0,207,2024,10,9,11,10,12,6,25,18,7,1,3,1,1,7,1,21,9,22,15,9,30,70,4,4,21,25,35,3,3,31,31,1,1,1,1,11,11,3,3,50,80,2,2,1,1,2,2,4,2,242133206,1241103340,4,3,9999,9999,1,1
1,97,112,90,2,0,1,32070,0,207,2024,10,15,12,15,12,6,28,18,1,1,2,1,1,7,1,22,9,22,14,9,30,70,4,4,21,65,35,4,33,31,31,1,0,1,0,11,11,3,3,20,10,3,3,2,0,2,0,4,2,242234021,1241207193,3,3,9999,9999,9,9
1,97,112,91,2,0,1,3900,0,207,2024,11,14,7,15,11,6,47,17,40,2,1,1,14,7,0,0,0,0,3,9,1,70,4,2,21,1,45,4,14,31,31,1,11,1,1,11,11,4,4,10,30,3,3,2,2,2,2,4,2,242717028,1241454287,5,3,9999,9999,5,9
1,97,112,92,2,0,1,3900,75,207,2024,11,3,14,20,12,6,39,17,46,1,3,1,1,7,9,21,9,22,15,9,30,70,5,2,21,35,45,3,4,31,31,1,1,1,1,11,11,3,3,10,30,3,3,1,2,2,2,4,2,242132454,1241245472,1,1,9999,9999,1,1
1,97,112,93,2,0,1,32070,0,207,2024,11,6,12,15,12,6,41,17,44,1,1,1,1,4,9,22,9,22,15,9,30,70,5,2,21,45,75,3,36,31,31,1,0,1,0,11,11,2,10,50,40,3,3,2,0,2,0,4,2,242016282,1240951750,4,3,9999,266,1,9
1,97,113,276,2,0,1,25340,0,329,2024,9,11,10,15,12,6,13,18,38,3,2,2,14,7,0,0,0,0,4,9,1,70,4,2,21,25,1,4,4,31,31,1,1,1,1,11,11,3,3,11,33,3,3,2,2,2,2,4,2,261445535,1274533188,4,3,9999,9999,1,1
1,97,113,277,2,0,1,580,1140,208,2024,10,12,8,15,12,6,27,18,4,1,1,1,1,1,9,22,9,22,17,9,30,70,5,2,21,35,1,4,31,31,31,1,0,1,0,11,11,4,4,40,10,3,3,2,0,2,0,4,2,261546444,1274247462,7,3,9999,9999,1,5
1,97,113,278,2,0,1,25340,0,329,2024,11,1,17,45,13,6,38,17,47,1,1,1,14,7,0,0,0,0,4,8,1,70,4,2,21,65,55,4,4,31,31,1,1,1,1,11,11,3,3,10,30,3,3,2,2,2,2,4,2,261443549,1274537487,6,3,9999,9999,9,9
1,97,113,279,2,0,1,3290,646,329,2024,10,15,18,35,21,6,28,18,1,1,1,1,13,1,0,0,0,0,5,6,1,70,4,2,21,25,25,3,35,31,31,1,0,1,0,11,11,4,4,0,0,3,3,2,0,2,0,4,2,261302582,1274549871,3,3,9999,9999,1,1
1,97,113,281,2,0,1,580,1139,208,2024,10,26,16,0,12,6,34,17,52,1,1,1,14,7,0,0,0,0,4,9,1,70,1,2,1,35,35,4,61,31,0,1,0,1,0,11,0,10,0,50,0,4,0,2,0,2,0,4,2,261550080,1274249050,7,3,9999,0,5,0
1,97,113,282,2,0,2,580,1171,208,2024,10,31,18,20,21,6,38,17,48,1,1,1,1,1,9,22,9,22,18,9,30,70,5,2,21,55,45,3,4,31,31,1,1,1,1,11,11,4,4,10,10,2,2,1,2,2,2,2,2,261434980,1274129746,5,3,9999,9999,1,1
1,97,113,283,2,0,1,32080,0,208,2024,11,6,9,23,12,6,41,17,44,1,1,1,1,1,9,22,0,0,15,3,30,70,5,2,1,75,65,3,61,31,0,1,0,1,0,11,0,3,0,50,0,4,0,2,0,2,0,4,2,261528706,1274246030,4,3,910,0,9,0
1,97,113,284,2,0,2,85000,0,208,2024,11,9,19,30,22,6,44,17,42,3,2,2,12,7,0,0,0,0,5,9,1,70,1,2,21,25,25,3,3,31,31,1,1,1,1,11,11,10,10,10,30,3,3,2,2,2,2,4,2,261616295,1274221298,7,3,9999,9999,1,1
1,97,113,285,2,0,1,10290,0,329,2024,3,30,15,30,12,6,22,18,45,2,1,1,1,7,1,21,1,21,15,5,30,70,4,2,21,45,45,12,14,31,31,11,11,2,1,11,11,3,3,80,70,3,3,2,2,2,2,4,2,261419017,1274455483,7,3,9999,9999,9,9
1,97,113,286,2,0,1,10380,0,208,2024,11,3,9,40,12,6,39,17,46,1,1,1,1,7,9,22,9,22,14,8,30,70,2,3,21,35,25,3,35,31,31,1,0,1,0,11,11,2,4,20,41,3,4,2,0,2,0,4,2,261511178,1274236223,1,1,9999,9999,1,1
1,97,113,287,2,0,1,27510,0,208,2024,11,9,11,4,12,6,44,17,42,2,1,2,1,7,1,21,9,22,14,9,30,70,4,2,21,65,55,4,35,31,31,1,0,1,0,11,11,10,3,0,0,4,3,2,0,2,0,4,2,261414262,1274217417,7,3,9999,9999,9,5
1,97,113,288,2,0,1,27410,0,208,2024,10,9,13,25,12,6,25,18,7,1,1,1,14,7,0,0,0,0,5,9,1,70,4,2,21,35,45,3,3,31,31,1,1,1,1,11,11,5,3,10,30,3,3,2,2,2,2,4,2,261526615,1274427877,4,3,9999,9999,1,1
1,97,113,289,2,0,1,3300,174,208,2024,11,5,8,38,12,6,41,17,45,1,1,1,14,7,0,0,0,0,5,9,1,70,1,2,21,1,35,4,4,31,31,1,1,1,1,11,11,4,4,0,0,3,3,2,2,2,2,4,2,261452793,1274254392,3,3,9999,9999,1,1
1,97,113,290,2,0,4,26530,0,208,2024,10,28,16,38,12,6,36,17,50,1,1,1,14,7,0,0,0,0,3,9,1,70,4,2,21,35,25,3,4,31,31,1,1,1,1,11,11,3,3,10,30,3,3,2,2,2,2,4,2,261437997,1274333481,2,3,9999,9999,1,1
1,97,113,291,2,0,1,32080,0,208,2024,11,13,3,37,22,6,46,17,41,2,1,1,1,7,9,22,0,0,15,7,30,70,5,2,1,65,35,3,61,1,0,1,0,1,0,11,0,10,0,50,0,4,0,2,0,2,0,4,2,261417020,1274223849,4,3,9999,0,9,0
1,97,113,292,2,0,1,3290,629,329,2024,11,16,19,20,22,6,49,17,39,3,1,2,14,7,0,0,0,0,5,9,1,70,2,2,1,45,1,3,61,31,0,1,0,1,0,11,0,4,0,0,0,3,0,2,0,2,0,4,2,261354347,1274609008,7,3,9999,0,1,0
1,97,113,293,2,0,4,29990,0,208,2024,11,17,14,30,12,6,49,17,39,1,3,2,14,7,0,0,0,0,4,9,1,70,1,2,21,55,35,3,3,31,31,1,1,1,1,11,11,4,4,10,31,3,3,2,2,2,2,4,2,261508654,1274125706,1,3,9999,9999,9,1
1,97,113,294,2,0,1,3300,155,208,2024,10,31,9,35,12,6,38,17,48,2,1,1,1,7,9,22,9,22,15,9,30,70,5,2,21,35,35,3,4,31,31,1,1,1,1,11,11,10,10,30,10,3,3,2,2,2,2,2,4,261518961,1274354584,5,3,9999,9999,1,1
1,97,113,295,2,0,1,26550,4,329,2024,11,22,7,57,12,6,53,17,38,3,2,2,14,7,0,0,0,0,3,8,1,70,4,2,21,1,25,3,4,31,31,1,1,1,1,11,11,3,3,30,10,3,3,2,2,2,2,2,4,261304656,1274423068,6,2,9999,9999,1,1
1,97,113,296,2,0,1,26530,160,208,2024,11,14,18,15,21,6,47,17,40,1,2,1,7,7,0,0,0,0,3,9,1,70,5,2,21,25,35,3,14,31,31,1,11,1,1,11,11,3,3,11,31,3,3,2,2,2,2,4,2,261518202,1274334979,5,3,9999,9999,1,1
1,97,113,297,2,0,1,10380,172,208,2024,11,16,8,36,12,6,49,17,39,2,1,2,1,1,9,22,9,22,14,9,30,70,5,2,21,25,45,3,36,31,31,1,0,1,0,11,11,3,10,50,10,3,3,2,0,2,0,4,2,261456602,1274301139,7,3,9999,9999,1,9
1,97,113,298,2,0,1,3290,652,329,2024,11,16,10,5,12,6,49,17,39,1,1,1,14,1,0,0,0,0,6,9,1,70,4,2,21,55,35,3,4,31,31,1,1,1,1,11,11,4,4,0,0,3,3,2,2,2,2,4,2,261245565,1274538639,7,3,9999,9999,9,1
1,97,113,299,2,0,1,580,1128,208,2024,11,25,12,27,12,6,55,17,37,1,1,1,1,7,9,22,9,22,17,9,30,70,1,2,21,45,45,4,52,31,41,1,0,1,0,11,0,10,0,10,20,3,3,2,0,2,0,4,2,261559630,1274322548,2,3,9999,0,1,0
1,97,113,300,2,0,2,3300,159,208,2024,11,21,18,48,22,6,52,17,38,3,1,2,12,7,0,0,0,0,5,9,1,70,1,2,21,25,45,3,13,31,31,1,11,1,1,11,11,4,4,10,31,3,3,2,2,2,2,4,2,261519555,1274340206,5,3,9999,9999,1,5
1,97,114,161,2,0,1,27560,0,212,2024,10,12,13,40,12,6,27,18,4,1,1,1,14,7,0,0,0,0,3,7,1,70,1,2,21,45,35,4,34,31,1,1,0,1,0,11,11,3,3,60,10,3,3,2,0,2,0,4,2,261036160,1274046981,7,3,9999,9999,1,1
1,97,114,162,2,0,1,27560,0,212,2024,10,2,12,12,12,6,22,18,15,1,2,1,1,1,9,22,9,22,15,9,30,70,5,2,21,35,45,3,14,31,31,1,11,1,1,11,11,3,3,30,10,3,3,2,2,2,2,2,4,260917759,1274016471,4,3,9999,9999,1,1
1,97,114,163,2,0,1,33410,0,212,2024,10,20,11,13,12,6,31,17,57,2,3,1,1,7,9,22,9,22,14,8,30,70,5,3,21,35,65,3,4,31,31,1,1,1,1,11,11,10,10,10,70,3,3,2,2,2,2,2,4,261016414,1274145874,1,3,9999,9999,1,9
1,97,114,164,2,0,1,10070,0,212,2024,10,18,13,50,12,6,30,17,59,1,2,1,7,1,0,0,0,0,3,7,1,70,4,2,21,65,65,13,4,31,31,11,1,2,1,11,11,3,3,30,10,3,3,2,2,2,2,4,2,260945634,1274119457,6,3,9999,9999,9,9
1,97,114,165,2,0,1,33410,0,212,2024,11,5,14,48,12,6,41,17,45,2,3,1,14,7,0,0,0,0,3,9,1,70,4,4,21,45,55,36,36,31,31,0,0,0,0,11,11,10,10,12,34,3,3,0,0,0,0,4,2,260922093,1273917654,3,3,9999,9999,9,9
1,97,114,166,2,0,1,27210,0,201,2024,10,17,17,18,13,6,29,18,0,2,1,1,7,1,0,0,0,0,5,9,1,70,1,2,21,65,45,4,31,31,31,1,0,1,0,11,11,4,4,40,14,3,2,2,0,2,0,4,2,261144318,1273957964,5,3,9999,9999,9,9
1,97,114,167,2,0,1,27210,0,201,2024,11,12,21,3,22,6,46,17,41,1,1,1,1,1,9,22,0,0,19,9,30,70,5,2,1,45,35,4,61,31,0,1,0,1,0,11,0,4,0,50,0,3,0,2,0,2,0,4,2,261201454,1274029575,3,3,9999,0,9,0
1,97,114,168,2,0,1,33410,0,212,2024,11,6,8,30,12,6,41,17,44,2,3,1,1,7,1,21,9,22,18,9,30,70,5,3,21,45,55,4,36,31,31,1,0,1,0,11,11,10,10,10,24,3,3,2,0,2,0,4,2,260918094,1273911477,4,3,9999,9999,1,9
1,97,114,169,2,0,1,27560,118,212,2024,11,15,8,33,12,6,48,17,40,2,1,2,7,1,0,0,0,0,4,9,1,70,1,2,21,35,25,12,4,1,31,11,1,2,1,11,11,3,3,10,30,3,2,2,2,2,2,4,2,261030130,1273956056,6,3,9999,9999,1,1
1,97,114,170,2,0,1,27560,0,212,2024,11,16,18,0,21,6,49,17,39,2,1,1,1,1,9,22,9,22,15,9,30,70,5,2,21,35,25,3,35,31,31,1,0,1,0,11,11,3,3,50,10,3,3,2,0,2,0,4,2,260953104,1274006784,7,3,9999,9999,5,1
1,97,114,171,2,0,1,32010,0,201,2024,11,6,12,30,12,6,41,17,44,1,1,1,7,7,0,0,0,0,4,9,1,70,4,2,21,35,55,3,35,31,31,1,0,1,0,11,11,3,3,10,34,3,3,2,0,2,0,4,2,261156143,1274006371,4,3,9999,9999,1,9
1,97,114,172,2,0,1,90000,0,212,2024,11,10,8,30,12,6,44,17,42,2,1,1,14,7,0,0,0,0,1,9,1,70,5,4,1,45,75,3,61,31,0,1,0,1,0,11,0,10,0,70,0,4,0,2,0,2,0,4,2,261054152,1274107591,1,3,9999,0,1,0
1,97,114,173,2,0,1,3310,4,201,2024,11,13,13,15,12,6,46,17,41,2,1,1,14,7,0,0,0,0,4,9,1,70,1,2,21,1,35,4,4,31,31,1,1,1,1,11,11,4,4,10,30,3,3,2,2,2,2,4,2,261216834,1274020646,4,3,9999,9999,1,4
1,97,114,174,2,0,1,32010,0,201,2024,11,6,16,6,12,6,41,17,44,1,1,1,13,7,0,0,0,0,2,6,1,70,5,4,21,35,25,13,34,1,31,11,0,1,0,11,11,5,5,30,14,3,3,2,0,2,0,4,2,261127218,1274036044,4,3,9999,9999,1,1
1,97,114,175,2,0,1,25110,0,212,2024,11,17,14,57,12,6,49,17,39,2,2,1,14,7,0,0,0,0,4,9,1,70,4,2,21,45,55,13,4,31,31,11,1,1,1,11,11,3,3,10,35,3,3,2,2,2,2,4,2,261126362,1274114060,1,3,9999,9999,1,9
1,97,114,176,2,0,1,27490,0,212,2024,11,8,8,24,12,6,43,17,43,3,2,2,1,7,1,22,9,22,18,9,30,70,5,2,21,55,35,4,4,31,31,1,1,1,1,11,11,2,3,40,10,2,2,2,1,2,2,4,2,260957460,1274041797,6,3,9999,9999,9,1
1,97,114,177,2,0,1,27210,0,201,2024,11,24,18,15,21,6,54,17,37,1,1,1,14,7,0,0,0,0,3,9,1,70,4,2,21,25,55,3,35,31,31,1,0,1,0,11,11,2,2,80,30,3,3,2,0,2,0,4,2,261148995,1274018962,1,3,9999,9999,5,9
1,97,114,178,2,0,1,25620,0,201,2024,11,3,15,13,12,6,39,17,46,1,1,1,1,1,9,22,9,22,15,7,30,70,5,2,21,35,65,4,36,31,31,1,0,1,0,11,11,3,10,50,20,3,3,2,0,2,0,4,2,261110666,1273959879,1,1,9999,9999,1,9
1,97,114,179,2,0,1,27560,0,212,2024,11,13,20,0,22,6,46,17,41,2,1,2,1,2,9,22,9,22,18,9,30,70,5,2,21,1,45,4,35,31,31,1,0,1,0,11,11,3,3,80,12,3,2,2,0,2,0,4,2,261035897,1274050246,4,3,9999,9999,1,9
1,97,114,180,2,0,1,27560,115,212,2024,11,9,17,35,13,6,44,17,42,2,2,1,1,1,9,22,9,22,18,9,30,70,5,2,21,55,45,3,35,31,31,1,0,1,0,11,11,3,3,0,10,4,3,2,0,2,0,4,2,261033132,1274006600,7,3,9999,9999,9,5
1,97,65,20,2,0,1,47420,170,211,2024,11,10,6,16,23,6,44,17,42,2,2,1,13,7,0,0,0,0,4,1,1,70,1,3,21,25,45,3,3,31,31,1,1,1,1,11,11,7,7,80,20,3,3,2,2,2,2,4,2,261959441,1274704031,1,3,9999,9999,1,1