data_category,prefecture_code,police_station_code,report_id,accident_details_code,fatalities,injured_persons,route_code,location_code,municipality_code,occurence_year,occurence_month,occurence_date,occurence_hour,occurence_minute,day_night_code,sunrise_hour,sunrise_minute,sunset_hour,sunset_minute,weather_code,terrain_code,road_condition_code,road_config_code,traffic_signal_code,stop_reg_signage_code_party_a,stop_reg_roadmarking_code_party_a,stop_reg_signage_code_party_b,stop_reg_roadmarking_code_party_b,road_width_code,road_alignment_code,collision_point_code,zone_reg_code,median_facility_code,pedestrian_vehicle_separation_code,accident_type_code,age_party_a,age_party_b,party_type_code_party_a,party_type_code_party_b,vehicle_use_code_party_a,vehicle_use_code_party_b,vehicle_shape_code_party_a,vehicle_shape_code_party_b,auto_transm_code_party_a,auto_transm_code_party_b,safety_feature_code_party_a,safety_feature_code_party_b,speed_reg_code_party_a,speed_reg_code_party_b,vehicle_impact_point_code_party_a,vehicle_impact_point_code_party_b,vehicle_damage_level_party_a,vehicle_damage_level_party_b,airbag_code_party_a,airbag_code_party_b,side_airbag_code_party_a,side_airbag_code_party_b,injury_severity_code_party_a,injury_severity_code_party_b,latitude_north,longitude_east,occurence_day_code,public_holiday_code,days_since_cognitive_test_party_a,days_since_cognitive_test_party_b,driving_practice_method_code_party_a,driving_practice_method_code_party_b
1,97,101,364,2,0,3,3300,0,201,2024,10,5,9,25,12,6,23,18,12,2,1,1,14,1,0,0,0,0,5,8,1,70,4,2,21,45,1,3,4,31,31,1,1,1,1,11,11,3,3,30,10,3,3,2,2,2,2,2,4,261222482,1274125757,7,3,9999,9999,5,1
1,97,101,425,2,0,1,99000,0,201,2024,10,21,16,51,12,6,32,17,56,1,1,1,0,7,0,0,0,0,0,0,20,70,0,4,1,55,55,3,61,31,0,1,0,1,0,11,0,10,0,40,0,4,0,2,0,2,0,4,2,261347453,1274208042,2,3,9999,0,9,0
1,97,101,426,2,0,1,32010,0,201,2024,11,11,7,51,12,6,45,17,41,1,1,1,14,7,0,0,0,0,4,9,1,70,4,2,21,45,1,35,35,31,31,0,0,0,0,11,11,3,3,10,40,3,3,0,0,0,0,4,2,261301819,1274223760,2,3,9999,9999,1,1
1,97,101,427,2,0,1,3300,0,201,2024,11,27,18,34,21,6,57,17,37,1,1,1,1,7,1,21,1,21,14,9,30,70,1,2,21,1,25,4,4,31,31,1,1,1,1,11,11,4,4,10,30,3,3,2,2,2,2,4,2,261354491,1274216333,4,3,9999,9999,1,1
1,97,101,428,2,0,1,32010,0,201,2024,11,13,19,24,22,6,46,17,41,1,1,1,1,7,9,22,0,0,15,9,30,70,4,2,1,1,45,3,61,31,0,1,0,1,0,11,0,2,0,80,0,3,0,2,0,2,0,4,2,261325392,1274148260,4,3,9999,0,1,0
1,97,101,429,2,0,1,10820,0,201,2024,11,17,6,38,23,6,49,17,39,2,1,2,1,1,9,22,0,0,19,9,30,70,5,2,1,1,75,3,61,31,0,1,0,1,0,11,0,4,0,80,0,4,0,2,0,2,0,4,2,261400013,1274209673,1,3,9999,0,1,0
1,97,101,430,2,0,1,32010,0,201,2024,11,23,0,36,22,6,54,17,38,1,1,1,13,7,0,0,0,0,3,4,1,70,4,2,1,45,65,3,61,31,0,1,0,1,0,11,0,2,0,10,0,2,0,2,0,2,0,4,2,261328870,1274121358,7,1,9999,0,1,0
1,97,101,431,2,0,1,32010,0,201,2024,12,1,7,55,11,7,0,17,37,1,1,1,1,7,9,22,0,0,15,9,30,70,5,2,1,1,75,4,61,31,0,1,0,1,0,11,0,10,0,50,0,4,0,2,0,2,0,4,2,261225967,1274254133,1,3,9999,0,1,0
1,97,101,432,2,0,1,32010,0,201,2024,10,26,18,21,21,6,34,17,52,2,1,1,1,2,9,22,9,22,15,9,30,70,5,2,21,35,45,4,4,31,31,1,1,1,1,11,11,3,10,50,50,2,2,2,2,2,2,4,2,261251250,1274250573,7,3,9999,9999,1,1
1,97,101,433,2,0,1,32010,0,201,2024,11,12,23,47,22,6,46,17,41,2,1,1,7,7,0,0,0,0,5,9,1,70,1,2,21,1,55,3,4,31,31,1,1,1,1,11,11,3,3,10,30,3,3,2,2,2,2,4,2,261305394,1274131495,3,3,9999,9999,1,9
1,97,101,434,2,0,1,10820,0,201,2024,12,2,19,55,22,7,0,17,37,1,1,1,7,1,0,0,0,0,4,8,1,70,1,2,21,25,25,3,35,31,31,1,0,1,0,11,11,4,4,10,30,3,3,2,0,2,0,4,2,261334525,1274242505,2,3,9999,9999,1,1
1,97,101,435,2,0,1,32010,0,201,2024,10,25,22,5,22,6,34,17,53,1,1,1,14,7,0,0,0,0,2,9,1,70,5,4,1,1,55,34,61,31,0,0,0,0,0,11,0,10,0,10,0,3,0,0,0,0,0,4,2,261234988,1274253284,6,3,9999,0,1,0
1,97,101,436,2,0,2,32010,0,201,2024,11,26,7,55,11,6,56,17,37,1,1,1,14,1,0,0,0,0,3,9,1,70,5,2,21,25,25,3,13,31,31,1,11,1,1,11,11,2,2,50,40,3,4,2,2,2,2,2,2,261223947,1274129684,3,3,9999,9999,1,1
1,97,101,437,2,0,1,32010,0,201,2024,12,7,7,47,11,7,4,17,38,3,1,2,1,7,9,22,9,22,15,7,30,70,5,4,21,25,45,3,35,31,31,1,0,1,0,11,11,10,10,10,10,3,3,2,0,2,0,4,2,261315226,1274204266,7,3,9999,9999,1,5
1,97,101,438,2,0,1,5070,0,201,2024,10,16,16,32,12,6,29,18,1,2,1,2,14,7,0,0,0,0,4,9,1,70,4,2,21,25,1,4,4,31,31,1,1,1,1,11,11,4,4,10,30,3,3,2,2,2,2,4,2,261152627,1274238131,4,3,9999,9999,1,1
1,97,101,439,2,0,1,580,1187,201,2024,11,5,20,10,22,6,41,17,45,1,1,1,1,1,9,22,9,22,15,9,30,70,5,2,21,1,45,3,51,31,41,1,0,1,0,11,0,4,0,10,40,3,3,2,0,2,0,4,2,261348785,1274110090,3,3,9999,0,1,0
1,97,101,440,2,0,2,3300,0,201,2024,11,22,10,10,12,6,53,17,38,2,1,2,12,7,0,0,0,0,4,8,1,70,1,2,21,25,25,3,4,31,31,1,1,1,1,11,11,3,3,10,13,2,2,2,2,2,2,4,2,261304757,1274147533,6,2,9999,9999,1,5
1,97,101,441,2,0,1,32010,0,201,2024,8,9,21,49,22,5,59,19,10,1,1,1,7,7,0,0,0,0,4,9,1,70,1,2,21,55,1,3,35,1,31,1,0,1,0,11,11,3,3,70,14,3,3,2,0,2,0,4,2,261325486,1274340404,6,3,9999,9999,9,1
1,97,101,442,1,1,0,32010,0,201,2024,12,13,9,12,12,7,8,17,39,1,1,1,14,7,0,0,0,0,5,9,1,70,4,2,21,35,65,3,36,31,31,1,0,1,0,11,11,4,2,10,20,2,2,2,0,2,0,4,1,261325583,1274225603,6,3,9999,9999,1,9
1,97,101,443,2,0,2,32010,0,201,2024,9,10,8,48,12,6,13,18,39,3,1,2,14,1,0,0,0,0,4,9,1,70,1,2,21,1,65,3,4,31,31,1,1,1,1,11,11,4,4,10,31,3,3,2,2,2,2,4,2,261325045,1274144040,3,3,9999,9999,1,9
1,97,101,444,2,0,1,32010,0,201,2024,11,17,5,50,23,6,49,17,39,2,1,1,1,7,9,22,0,0,15,9,30,70,5,2,1,75,25,3,61,1,0,1,0,1,0,11,0,2,0,10,0,3,0,2,0,2,0,4,2,261320759,1274104567,1,3,9999,0,9,0
1,97,101,445,2,0,1,25430,0,201,2024,2,11,11,46,12,7,8,18,19,1,1,1,14,7,0,0,0,0,4,9,1,70,4,2,41,75,0,3,76,1,0,1,0,1,0,11,0,3,0,0,0,4,0,2,0,2,0,4,0,261303626,1274022472,1,1,381,0,9,0
1,97,101,447,2,0,1,32010,0,201,2024,12,14,19,31,22,7,8,17,40,3,1,2,1,7,1,22,9,22,15,9,30,70,5,2,21,25,55,4,36,31,31,1,0,1,0,11,11,3,10,0,0,4,3,2,0,2,0,4,2,261345210,1274150179,7,3,9999,9999,1,9
1,97,101,448,2,0,1,32010,0,201,2024,12,4,7,57,11,7,2,17,37,1,1,1,1,7,9,22,9,22,11,9,30,70,5,4,21,25,55,3,35,31,31,1,0,1,0,11,11,10,10,10,40,3,4,2,0,2,0,4,2,261138659,1274214566,4,3,9999,9999,1,9
1,97,101,449,2,0,1,25390,0,201,2024,11,6,2,18,22,6,41,17,44,1,1,1,1,7,9,22,9,22,15,9,30,70,4,2,21,25,65,4,51,31,41,1,0,1,0,11,0,2,0,40,40,3,3,2,0,2,0,4,2,261252610,1274059545,4,3,9999,0,1,0
1,97,101,450,2,0,1,25430,0,201,2024,12,7,16,30,12,7,4,17,38,3,1,2,1,7,1,21,0,0,15,9,30,70,4,2,1,45,75,3,61,31,0,1,0,1,0,11,0,3,0,50,0,4,0,2,0,2,0,4,2,261301592,1274020266,7,3,9999,0,9,0
1,97,101,451,2,0,1,25460,0,201,2024,12,16,17,55,21,7,10,17,40,1,1,1,14,7,0,0,0,0,3,9,1,70,5,2,1,1,1,4,61,31,0,1,0,1,0,11,0,2,0,10,0,3,0,2,0,2,0,4,2,261207675,1274204957,2,3,9999,0,1,0
1,97,101,452,2,0,1,32010,0,201,2024,12,16,17,36,13,7,10,17,40,2,1,1,14,7,0,0,0,0,5,8,1,70,4,2,21,25,35,3,4,31,31,1,1,1,1,11,11,3,3,30,10,3,3,2,2,2,2,2,4,261340793,1274202038,2,3,9999,9999,1,1
1,97,101,453,2,0,2,580,1204,201,2024,12,14,12,48,12,7,8,17,40,2,1,1,7,7,0,0,0,0,4,9,1,70,1,2,21,25,75,3,4,31,31,1,1,1,1,11,11,4,4,30,10,3,3,2,2,2,2,2,4,261259465,1274045692,7,3,9999,248,5,9
1,97,101,454,2,0,1,27510,0,201,2024,12,6,17,59,21,7,3,17,37,3,1,2,1,1,9,22,0,0,14,8,30,70,1,2,1,1,75,35,61,31,0,0,0,0,0,11,0,4,0,10,0,3,0,0,0,0,0,4,2,261327692,1274133176,6,3,9999,0,5,0
1,97,101,455,2,0,1,32010,0,201,2024,12,3,23,19,22,7,1,17,37,1,1,1,7,7,0,0,0,0,3,9,1,70,5,2,21,35,25,3,3,31,31,1,1,1,1,11,11,10,10,30,60,3,3,2,2,2,2,4,2,261322177,1274050675,3,3,9999,9999,1,1
1,97,101,456,2,0,1,3290,710,201,2024,9,8,18,51,21,6,12,18,41,1,1,1,1,1,9,22,9,22,19,9,30,70,5,2,21,1,35,4,36,31,31,1,0,1,0,11,11,4,10,50,20,3,3,2,0,2,0,4,2,261153801,1274249158,1,3,9999,9999,1,5
1,97,101,457,2,0,1,25430,0,201,2024,12,16,10,42,12,7,10,17,40,1,1,1,14,7,0,0,0,0,4,9,1,70,4,2,21,1,55,3,3,31,31,1,1,1,1,11,11,3,3,10,30,3,3,2,2,2,2,4,2,261300952,1274019751,2,3,9999,9999,1,9
1,97,101,458,2,0,1,3300,0,201,2024,12,4,7,40,11,7,2,17,37,1,1,1,14,7,0,0,0,0,4,9,1,70,4,2,21,35,1,3,4,31,31,1,1,1,1,11,11,3,3,40,50,3,3,2,2,2,2,2,4,261222118,1274049454,4,3,9999,9999,1,1
1,97,101,459,2,0,1,25390,0,201,2024,10,19,3,34,22,6,30,17,58,1,1,1,7,7,0,0,0,0,3,9,1,70,4,2,21,1,45,3,3,31,1,1,1,1,1,11,11,3,3,10,30,3,3,2,2,2,2,4,2,261254914,1274106223,7,3,0,9999,0,1
1,97,101,460,2,0,1,3300,0,201,2024,12,14,1,7,22,7,8,17,40,3,1,2,1,1,9,22,0,0,18,9,30,70,5,2,1,65,55,3,61,1,0,1,0,1,0,11,0,3,0,50,0,3,0,2,0,2,0,4,2,261219123,1274124101,7,3,9999,0,9,0
1,97,101,461,2,0,1,10820,0,201,2024,12,21,22,20,22,7,12,17,42,1,1,1,1,1,9,22,9,22,18,9,30,70,5,2,21,25,45,3,34,31,31,1,0,1,0,11,11,4,4,40,10,4,2,2,0,2,0,4,2,261417491,1274144632,7,3,9999,9999,1,1
1,97,101,462,2,0,1,10820,0,201,2024,9,3,19,30,21,6,10,18,47,3,1,2,1,1,9,22,0,0,19,8,30,70,5,2,21,25,0,34,0,31,0,0,0,0,0,11,0,4,0,0,0,3,0,0,0,0,0,2,0,261335252,1274240842,3,3,9999,0,1,0
1,97,101,463,2,0,1,25390,0,201,2024,7,19,15,57,12,5,48,19,23,1,1,1,1,1,9,22,0,0,15,9,30,70,5,2,1,65,35,3,61,1,0,1,0,1,0,11,0,3,0,80,0,3,0,2,0,2,0,4,2,261300584,1274123788,6,3,9999,0,9,0
1,97,101,464,2,0,1,32010,0,201,2024,12,22,19,15,22,7,13,17,43,2,1,1,1,7,9,22,0,0,14,9,30,70,4,2,1,55,65,3,61,1,0,1,0,1,0,11,0,3,0,80,0,3,0,2,0,2,0,4,2,261209432,1274131384,1,3,9999,0,9,0
1,97,101,465,2,0,1,27410,0,201,2024,12,15,13,20,12,7,9,17,40,1,1,1,1,1,9,22,9,22,15,9,30,70,5,2,21,75,1,3,51,31,41,1,0,1,0,11,0,3,0,50,10,3,2,2,0,2,0,4,2,261340073,1274309426,1,3,670,0,9,0
1,97,101,466,2,0,1,3300,0,201,2024,10,21,7,35,12,6,32,17,56,1,1,1,7,7,0,0,0,0,5,9,1,70,1,2,21,55,1,3,4,31,31,1,1,1,1,11,11,4,4,31,10,3,2,2,2,2,2,2,4,261318127,1274154539,2,3,9999,9999,9,1
1,97,101,467,2,0,1,580,1197,201,2024,11,1,19,34,22,6,38,17,47,2,1,1,14,7,0,0,0,0,5,9,1,70,1,2,21,35,0,36,0,31,0,0,0,0,0,11,0,10,0,24,0,3,0,0,0,0,0,2,0,261318811,1274059754,6,3,9999,0,5,0
1,97,101,468,2,0,1,32010,0,201,2024,12,11,15,11,12,7,7,17,39,2,1,1,14,1,0,0,0,0,4,9,1,70,4,2,1,25,1,4,61,31,0,1,0,1,0,11,0,3,0,20,0,4,0,2,0,2,0,4,2,261322822,1274209850,4,3,9999,0,1,0
1,97,101,469,2,0,1,32010,0,201,2024,12,24,18,48,22,7,14,17,44,1,1,1,1,1,9,22,9,22,17,9,30,70,5,2,21,55,1,3,51,31,41,1,0,1,0,11,0,3,0,80,10,3,3,2,0,2,0,4,2,261155431,1274149289,3,3,9999,0,9,0
1,97,101,470,2,0,6,25390,0,201,2024,10,13,21,17,22,6,27,18,3,1,1,1,1,1,9,22,9,22,15,9,30,70,5,2,21,65,1,3,35,1,31,1,0,1,0,11,0,2,2,0,0,4,3,2,0,2,0,4,4,261258756,1274117174,1,2,9999,0,9,0
1,97,101,471,2,0,1,3300,0,201,2024,12,2,6,29,23,7,0,17,37,1,1,1,1,7,1,21,1,21,19,6,30,70,1,2,21,45,45,3,36,31,31,1,0,1,0,11,0,10,10,80,33,3,3,2,0,2,0,4,2,261356017,1274212974,2,3,9999,9999,9,1
1,97,101,472,2,0,1,32010,0,201,2024,12,19,21,14,22,7,11,17,42,2,1,1,1,7,1,21,9,22,15,9,30,1,5,4,21,1,45,4,35,31,31,1,0,1,0,11,11,10,10,0,40,4,3,2,0,2,0,4,2,261320734,1274104909,5,3,9999,9999,1,5
1,97,101,473,2,0,1,32010,0,201,2024,7,30,16,55,12,5,54,19,17,1,2,1,14,7,0,0,0,0,2,9,1,70,5,2,21,25,55,4,4,31,31,1,1,1,1,11,0,10,10,10,30,3,3,2,2,2,1,4,2,261216844,1274313397,3,3,9999,9999,1,9
1,97,101,474,2,0,1,5070,0,201,2024,12,29,1,18,22,7,16,17,47,1,1,1,1,7,9,22,9,22,18,9,30,70,4,2,21,45,25,4,33,31,31,1,0,1,0,11,11,3,3,20,10,3,3,2,0,2,0,4,2,261154302,1274118398,1,3,9999,9999,1,1
1,97,101,475,2,0,3,580,1205,201,2024,11,23,23,19,22,6,54,17,38,1,1,1,7,7,0,0,0,0,6,9,1,70,1,2,21,35,35,3,4,31,31,1,1,1,1,1,11,4,4,31,10,2,2,1,1,1,2,2,2,261257586,1274043372,7,1,9999,9999,5,1
1,97,101,476,2,0,1,85000,0,201,2024,12,10,6,7,23,7,6,17,38,1,1,1,1,1,9,22,9,22,19,9,30,70,5,2,21,25,35,3,34,31,31,1,0,1,0,11,11,4,4,80,10,2,2,2,0,2,0,4,2,261436308,1274053803,3,3,9999,9999,5,1
1,97,101,477,2,0,1,32010,0,201,2024,9,18,22,5,22,6,16,18,30,3,1,2,1,1,9,22,0,0,15,9,30,70,5,2,1,75,35,3,61,1,0,1,0,1,0,11,0,10,0,10,0,3,0,2,0,2,0,4,2,261318224,1274108815,4,3,201,0,9,0
1,97,101,478,2,0,1,25420,0,201,2024,12,15,10,33,12,7,9,17,40,2,1,1,14,7,0,0,0,0,4,9,20,70,1,2,41,65,0,1,76,1,0,1,0,2,0,11,0,3,0,0,0,4,0,2,0,2,0,4,0,261252006,1274048522,1,3,9999,0,9,0
1,97,101,479,2,0,1,580,1187,201,2024,12,10,9,8,12,7,6,17,38,1,1,1,1,1,9,22,9,22,19,9,30,70,5,2,21,65,45,4,51,31,41,1,0,1,0,11,0,4,0,50,10,3,2,2,0,2,0,4,2,261348824,1274110057,3,3,9999,0,9,0
1,97,101,480,2,0,1,32010,0,201,2024,12,14,16,30,12,7,8,17,40,2,1,1,1,7,9,22,0,0,15,9,30,1,5,2,1,45,55,3,61,31,0,1,0,1,0,11,0,2,0,80,0,4,0,2,0,2,0,4,2,261349678,1274118614,7,3,9999,0,4,0
1,97,101,481,2,0,1,32010,0,201,2024,12,22,0,43,22,7,13,17,43,2,1,1,1,7,9,22,0,0,15,9,30,70,4,2,1,45,35,3,61,1,0,1,0,1,0,11,0,10,0,20,0,3,0,2,0,2,0,4,2,261351596,1274140348,1,3,9999,0,1,0
1,97,101,482,2,0,1,32010,0,201,2024,11,29,10,8,12,6,58,17,37,1,1,1,1,1,9,22,0,0,18,9,30,70,5,2,1,55,75,12,61,1,0,11,0,2,0,11,0,4,0,80,0,4,0,2,0,2,0,4,2,261255642,1274003900,6,3,9999,0,9,0
1,97,101,483,2,0,1,99000,0,201,2024,10,8,17,30,13,6,25,18,8,2,1,1,0,7,0,0,0,0,0,0,20,70,0,4,1,1,55,51,61,41,0,0,0,0,0,0,0,0,0,10,0,4,0,0,0,0,0,4,2,261201804,1274110338,3,3,0,0,0,0
1,97,101,484,2,0,1,580,1180,201,2024,12,25,14,25,12,7,14,17,45,1,1,1,1,1,9,22,9,22,18,9,30,70,5,2,21,55,25,4,51,31,41,1,0,1,0,11,0,4,0,80,10,3,2,2,0,2,0,4,2,261409856,1274111828,4,3,9999,0,9,0
1,97,101,485,2,0,3,10290,0,201,2024,10,20,14,52,12,6,31,17,57,2,1,1,7,7,0,0,0,0,4,9,1,70,4,2,21,75,1,4,4,31,31,1,1,1,1,11,11,3,3,10,30,3,3,2,2,2,2,4,2,261305934,1274325507,1,3,10,9999,9,1
1,97,101,486,2,0,1,10820,0,201,2024,12,10,8,28,12,7,6,17,38,1,1,1,1,7,9,22,0,0,18,9,30,70,5,2,1,45,75,14,61,31,0,11,0,1,0,11,0,10,0,50,0,4,0,2,0,2,0,4,2,261331224,1274259861,3,3,9999,0,1,0
1,97,102,127,2,0,2,27500,0,210,2024,11,10,10,30,12,6,44,17,42,1,1,1,14,7,0,0,0,0,3,7,1,70,4,2,21,35,1,17,4,31,31,11,1,1,1,11,11,3,3,30,10,3,1,2,1,2,2,2,4,260728535,1274040267,1,3,9999,9999,5,5
1,97,102,128,2,0,1,5070,0,362,2024,10,19,17,50,13,6,30,17,58,1,1,1,14,7,0,0,0,0,3,9,1,70,4,2,21,25,0,3,0,31,0,1,0,1,0,11,0,3,0,30,0,3,0,2,0,2,0,2,0,261038860,1274306424,7,3,9999,0,1,0
1,97,102,129,2,0,2,32100,0,210,2024,12,5,8,37,12,7,3,17,37,1,1,1,1,7,9,22,1,21,15,9,30,1,5,2,21,45,45,3,4,31,31,1,1,1,1,11,11,2,2,60,50,3,3,2,2,2,2,2,4,260812757,1274007846,5,3,9999,9999,9,1
1,97,102,130,2,0,1,10070,0,210,2024,12,4,16,30,12,7,2,17,37,1,2,1,1,8,9,22,9,22,15,9,30,70,5,2,21,1,35,4,4,31,31,1,1,1,1,11,11,2,2,10,30,3,3,2,2,2,2,4,2,260838832,1274122826,4,3,9999,9999,1,1
1,97,102,131,2,0,1,32100,0,210,2024,12,5,7,55,11,7,3,17,37,1,2,1,1,1,9,22,9,22,19,9,30,70,5,2,21,35,35,3,36,31,31,1,0,1,0,11,11,3,2,10,10,3,3,2,0,2,0,4,2,260947675,1274217190,5,3,9999,9999,1,1
1,97,102,132,2,0,1,3310,89,210,2024,12,11,18,10,21,7,7,17,39,3,1,2,1,1,9,22,9,22,18,9,30,70,5,2,21,55,35,4,35,31,31,1,0,1,0,11,11,3,3,10,40,3,3,2,0,2,0,4,2,260835369,1273941299,4,3,9999,9999,9,1
1,97,102,133,2,0,1,32100,0,210,2024,12,19,16,30,12,7,11,17,42,1,2,1,14,7,0,0,0,0,5,9,1,70,4,2,1,75,1,4,61,31,0,1,0,1,0,11,0,10,0,11,0,4,0,2,0,2,0,4,2,260729521,1274004184,5,3,608,0,9,0
1,97,102,134,2,0,1,32100,0,210,2024,11,26,17,55,21,6,56,17,37,3,1,2,7,7,0,0,0,0,4,9,1,70,4,2,21,55,1,3,4,31,31,1,1,1,1,11,11,3,3,40,50,3,3,2,2,2,2,2,4,260830617,1274012173,3,3,9999,9999,9,1
1,97,102,135,2,0,1,10820,0,210,2024,12,4,8,33,12,7,2,17,37,1,1,1,1,1,9,22,9,22,18,9,30,70,5,2,21,55,1,14,35,31,31,11,0,1,0,11,11,10,4,60,14,3,3,2,0,2,0,4,2,260909832,1274101990,4,3,9999,9999,9,1
1,97,102,136,2,0,1,3310,114,210,2024,12,4,18,15,21,7,2,17,37,1,1,1,12,7,0,0,0,0,5,8,1,70,1,4,21,45,25,3,4,31,31,1,1,1,1,11,11,5,5,10,30,3,3,2,2,2,2,4,2,260732725,1273959206,4,3,9999,9999,1,1
1,97,102,137,2,0,1,32100,0,210,2024,11,25,18,55,22,6,55,17,37,2,1,1,14,7,0,0,0,0,3,9,1,70,4,2,21,55,25,4,14,31,31,1,11,1,1,11,11,2,2,31,10,3,3,2,2,2,2,2,4,260853912,1274036030,2,3,9999,9999,1,1
1,97,102,138,2,0,2,33620,0,362,2024,12,3,13,57,12,7,1,17,37,1,1,1,1,7,9,21,1,21,15,9,30,70,5,4,21,25,25,3,14,31,31,1,11,1,1,11,11,10,10,10,20,2,3,2,2,2,2,2,4,260902113,1274310981,3,3,9999,9999,1,1
1,97,103,200,2,0,2,3290,698,350,2024,10,27,3,38,22,6,35,17,51,1,1,1,13,7,0,0,0,0,5,6,1,70,4,2,1,25,35,33,61,31,0,0,0,0,0,11,0,4,0,10,0,3,0,0,0,0,0,2,2,261144196,1274328981,1,3,9999,0,1,0
1,97,103,217,2,0,1,33500,0,350,2024,11,8,19,8,22,6,43,17,43,3,1,2,14,7,0,0,0,0,3,9,1,70,5,3,1,1,1,4,61,31,0,1,0,1,0,11,0,10,0,80,0,4,0,2,0,2,0,4,2,261117624,1274239208,6,3,9999,0,1,0
1,97,103,218,2,0,1,33640,0,215,2024,11,27,7,5,11,6,57,17,37,1,2,1,1,7,9,22,9,22,14,9,30,70,5,4,21,35,25,4,14,31,31,1,11,1,1,11,11,10,10,50,40,4,2,2,2,2,2,4,2,260859482,1274429062,4,3,9999,9999,5,5
1,97,103,219,2,0,1,5070,0,350,2024,11,29,18,50,22,6,58,17,37,1,1,1,11,7,0,0,0,0,5,9,1,70,1,2,21,45,25,14,35,31,31,11,0,1,0,11,11,4,4,80,24,3,3,2,0,2,0,4,2,261118211,1274305974,6,3,9999,9999,9,1
1,97,103,220,2,0,1,33500,0,350,2024,12,6,18,41,22,7,3,17,37,3,1,2,14,7,0,0,0,0,3,7,1,70,4,2,1,65,55,4,61,31,0,1,0,1,0,11,0,10,0,50,0,4,0,2,0,2,0,4,2,261138011,1274325874,6,3,9999,0,9,0
1,97,103,221,2,0,2,3290,701,350,2024,11,30,18,56,22,6,59,17,37,1,1,1,14,7,0,0,0,0,5,9,1,70,4,2,21,25,25,3,3,31,31,1,1,1,1,1,1,4,4,10,30,3,3,2,2,2,2,4,2,261143398,1274317739,7,3,9999,9999,1,1
1,97,103,222,2,0,1,25480,0,215,2024,12,14,10,42,12,7,8,17,40,2,2,1,1,7,9,22,9,22,14,9,30,70,4,2,21,35,55,3,35,31,31,1,0,1,0,11,11,10,3,10,10,2,2,2,0,2,0,4,2,261014020,1274417225,7,3,9999,9999,1,9
1,97,103,223,2,0,1,33500,0,350,2024,12,2,9,42,12,7,0,17,37,1,1,1,14,7,0,0,0,0,3,9,1,70,5,2,21,75,1,4,34,31,31,1,0,1,0,11,11,10,10,50,10,3,3,2,0,2,0,4,2,261117228,1274232220,2,3,733,9999,9,1
1,97,103,224,2,0,1,3310,478,215,2024,11,20,13,37,12,6,51,17,38,1,1,1,14,7,0,0,0,0,4,9,1,70,4,2,21,75,35,3,3,31,31,1,1,1,1,11,11,3,3,50,20,1,1,1,2,2,2,4,2,261041574,1274627080,4,3,629,9999,9,1
1,97,103,225,2,0,1,33500,0,350,2024,12,7,8,56,12,7,4,17,38,3,1,2,1,7,9,22,9,22,15,9,30,70,5,2,21,65,45,3,35,31,31,1,0,1,0,11,11,10,10,70,10,3,2,2,0,2,0,4,2,261117610,1274239827,7,3,9999,9999,9,1
1,97,103,226,2,0,1,33500,0,350,2024,12,14,12,28,12,7,8,17,40,2,1,1,1,1,9,22,9,22,18,9,30,70,5,2,21,35,45,3,34,31,31,1,0,1,0,11,11,10,10,50,20,3,3,2,0,2,0,4,2,261125188,1274257658,7,3,9999,9999,5,1
1,97,103,227,2,0,1,3290,695,350,2024,12,12,14,52,12,7,7,17,39,2,1,1,1,1,9,22,0,0,19,9,30,70,5,2,1,75,1,4,61,31,0,1,0,1,0,11,0,4,0,80,0,3,0,2,0,2,0,4,2,261143231,1274337938,5,3,658,0,9,0
1,97,103,228,2,0,2,3310,485,215,2024,12,17,23,5,22,7,10,17,41,1,2,1,7,1,0,0,0,0,3,9,1,70,4,2,21,25,25,3,4,31,31,1,1,1,1,11,11,3,3,10,30,3,3,2,2,2,2,4,2,261104718,1274626782,3,3,9999,9999,1,1
1,97,103,229,2,0,1,33500,0,350,2024,12,11,13,55,12,7,7,17,39,2,1,1,14,7,0,0,0,0,2,9,1,70,5,4,21,45,55,3,4,31,31,1,1,1,1,11,11,10,10,80,60,3,3,2,2,2,2,2,4,261101532,1274245061,4,3,9999,9999,1,9
1,97,103,230,2,0,1,10770,0,215,2024,9,15,10,30,12,6,15,18,34,1,1,1,14,7,0,0,0,0,3,9,1,70,4,2,21,25,45,14,35,31,31,11,0,1,0,11,11,4,4,80,10,3,3,2,0,2,0,4,2,261014736,1274428360,1,2,9999,9999,1,9
1,97,103,231,2,0,1,10770,0,215,2024,9,7,13,0,12,6,12,18,43,1,1,1,7,7,0,0,0,0,3,9,1,70,4,2,21,65,0,4,0,31,0,1,0,1,0,11,0,4,0,30,0,3,0,2,0,2,0,2,0,261030076,1274447767,7,3,9999,0,9,0
1,97,103,232,2,0,1,99000,0,350,2024,12,11,13,3,12,7,7,17,39,2,1,1,0,7,0,0,0,0,0,0,20,70,0,4,21,65,35,3,4,31,31,1,1,1,1,11,11,10,10,70,80,3,3,2,2,2,2,4,2,261125213,1274231694,4,3,9999,9999,9,1
1,97,103,233,2,0,5,99000,0,215,2024,8,26,18,57,21,6,7,18,55,1,2,1,0,7,0,0,0,0,0,0,20,70,0,4,21,25,25,3,4,31,31,1,1,1,1,11,11,10,10,60,30,3,3,2,2,2,2,4,2,260919170,1274710903,2,3,9999,9999,1,1