data_category,prefecture_code,police_station_code,report_id,accident_details_code,fatalities,injured_persons,route_code,location_code,municipality_code,occurence_year,occurence_month,occurence_date,occurence_hour,occurence_minute,day_night_code,sunrise_hour,sunrise_minute,sunset_hour,sunset_minute,weather_code,terrain_code,road_condition_code,road_config_code,traffic_signal_code,stop_reg_signage_code_party_a,stop_reg_roadmarking_code_party_a,stop_reg_signage_code_party_b,stop_reg_roadmarking_code_party_b,road_width_code,road_alignment_code,collision_point_code,zone_reg_code,median_facility_code,pedestrian_vehicle_separation_code,accident_type_code,age_party_a,age_party_b,party_type_code_party_a,party_type_code_party_b,vehicle_use_code_party_a,vehicle_use_code_party_b,vehicle_shape_code_party_a,vehicle_shape_code_party_b,auto_transm_code_party_a,auto_transm_code_party_b,safety_feature_code_party_a,safety_feature_code_party_b,speed_reg_code_party_a,speed_reg_code_party_b,vehicle_impact_point_code_party_a,vehicle_impact_point_code_party_b,vehicle_damage_level_party_a,vehicle_damage_level_party_b,airbag_code_party_a,airbag_code_party_b,side_airbag_code_party_a,side_airbag_code_party_b,injury_severity_code_party_a,injury_severity_code_party_b,latitude_north,longitude_east,occurence_day_code,public_holiday_code,days_since_cognitive_test_party_a,days_since_cognitive_test_party_b,driving_practice_method_code_party_a,driving_practice_method_code_party_b
1,97,103,234,2,0,4,33500,47,350,2024,12,18,11,31,12,7,11,17,41,2,2,1,1,1,9,22,9,22,15,9,30,70,5,2,21,45,25,3,4,31,31,1,1,1,1,11,11,10,10,10,40,2,2,1,2,2,2,2,4,261055877,1274357432,4,3,9999,9999,1,1
1,97,103,235,2,0,1,3290,660,348,2024,12,18,20,10,22,7,11,17,41,3,2,2,14,7,0,0,0,0,3,8,1,70,4,2,21,1,25,3,35,31,31,1,0,1,0,11,11,3,3,80,30,3,3,2,0,2,0,4,2,261235086,1274515026,4,3,9999,9999,1,1
1,97,103,236,2,0,2,33500,0,350,2024,12,3,19,48,22,7,1,17,37,2,1,1,13,7,0,0,0,0,3,5,1,70,4,2,1,45,75,35,61,31,0,0,0,0,0,11,0,2,0,12,0,3,0,0,0,0,0,2,2,261200166,1274348608,3,3,9999,0,1,0
1,97,103,237,2,0,1,25480,0,215,2024,10,4,13,53,12,6,23,18,13,2,2,1,14,7,0,0,0,0,4,9,1,70,4,2,21,35,0,3,0,31,0,1,0,1,0,11,0,3,0,40,0,3,0,2,0,2,0,2,0,261010679,1274421124,6,3,9999,0,1,0
1,97,103,238,1,1,0,33640,0,215,2024,10,22,8,42,12,6,32,17,55,1,3,1,0,7,0,0,0,0,0,0,20,70,0,4,41,75,0,4,76,31,0,1,0,1,0,11,0,10,0,40,0,2,0,2,0,2,0,1,0,261059840,1274849278,3,3,9999,0,9,0
1,97,103,239,2,0,1,10860,0,215,2024,12,5,6,41,23,7,3,17,37,1,2,1,14,7,0,0,0,0,3,9,1,70,4,2,21,55,1,13,51,31,41,11,0,1,0,11,0,3,0,10,20,3,3,2,0,2,0,4,2,261028438,1274504259,5,3,9999,0,9,0
1,97,103,240,2,0,1,5070,0,350,2024,11,30,14,30,12,6,59,17,37,1,1,1,14,7,0,0,0,0,3,9,1,70,4,2,21,35,35,4,31,31,31,1,0,2,0,11,11,3,3,50,40,3,3,2,0,2,0,4,2,261057871,1274250472,7,3,9999,9999,9,1
1,97,103,241,2,0,1,33500,54,350,2024,12,16,16,35,12,7,10,17,40,1,2,1,7,7,0,0,0,0,3,8,1,70,5,2,21,65,35,11,3,1,31,11,1,1,1,11,11,3,3,10,30,4,3,2,2,2,2,4,2,261050401,1274333557,2,3,9999,9999,9,1
1,97,103,242,2,0,1,33500,0,350,2024,11,27,10,46,12,6,57,17,37,1,1,1,7,1,0,0,0,0,4,9,1,70,4,2,21,65,65,3,4,31,31,1,1,1,1,11,11,10,10,30,10,4,3,2,2,2,2,2,4,261131787,1274251646,4,3,9999,9999,9,9
1,97,103,243,2,0,1,99000,0,350,2024,12,9,12,0,12,7,5,17,38,1,1,1,0,7,0,0,0,0,0,0,20,70,0,4,21,65,55,4,36,31,31,1,0,1,0,11,11,10,10,30,10,3,3,2,0,2,0,4,2,261125793,1274231928,2,3,9999,9999,1,5
1,97,103,244,2,0,1,25480,0,350,2024,12,13,18,42,22,7,8,17,39,1,2,1,1,7,9,22,9,22,15,7,30,70,4,2,21,35,65,3,4,31,31,1,1,1,1,11,11,10,10,30,10,3,3,2,2,2,2,2,4,261024301,1274338971,6,3,9999,9999,1,9
1,97,103,245,2,0,1,33500,32,215,2024,12,21,14,40,12,7,12,17,42,1,3,1,1,7,1,21,9,22,15,3,30,70,5,2,21,35,55,3,35,31,31,1,0,1,0,11,11,10,3,50,10,4,3,2,0,2,0,4,2,261137162,1274422636,7,3,9999,9999,1,9
1,97,103,246,2,0,1,3290,671,348,2024,12,21,16,26,12,7,12,17,42,2,1,1,1,1,9,22,0,0,18,9,30,70,5,2,1,65,75,14,61,31,0,11,0,2,0,11,0,4,0,10,0,4,0,2,0,2,0,4,2,261159842,1274459161,7,3,9999,0,9,0
1,97,103,247,2,0,1,10860,0,215,2024,12,25,18,20,21,7,14,17,45,1,2,1,13,7,0,0,0,0,3,6,1,70,4,2,21,25,65,3,36,31,31,1,0,1,0,11,11,3,10,80,32,3,3,2,0,2,0,4,2,261051528,1274430545,4,3,9999,9999,1,9
1,97,103,248,2,0,1,33640,0,215,2024,12,17,9,35,12,7,10,17,41,1,2,1,14,7,0,0,0,0,2,9,1,70,5,4,21,45,55,4,36,31,31,1,0,1,0,11,11,10,10,50,10,3,3,2,0,2,0,4,2,260801043,1274541418,3,3,9999,9999,1,9
1,97,103,249,2,0,1,3290,695,350,2024,12,15,20,3,22,7,9,17,40,1,1,1,1,1,9,22,9,22,19,9,30,70,5,2,21,1,1,4,35,31,31,1,0,1,0,11,11,4,4,40,10,3,2,2,0,2,0,4,2,261143850,1274337531,1,3,9999,9999,1,1
1,97,103,250,2,0,1,5070,0,350,2024,12,19,12,53,12,7,11,17,42,1,1,1,1,1,9,22,9,22,18,9,30,70,5,2,21,45,75,3,4,31,31,1,1,1,1,11,11,4,4,10,10,2,2,1,1,2,2,2,4,261049714,1274258946,5,3,9999,735,9,9
1,97,104,253,2,0,1,32050,0,205,2024,11,24,16,48,13,6,54,17,37,1,1,1,1,7,9,22,9,22,14,8,30,70,4,2,21,45,1,4,51,31,41,1,0,1,0,11,0,3,0,80,20,3,3,2,0,2,0,4,2,261716336,1274512719,1,3,9999,0,1,0
1,97,104,254,2,0,1,580,1092,205,2024,11,21,18,20,21,6,52,17,38,1,1,1,1,7,9,22,0,0,14,9,30,70,1,2,1,65,35,14,61,31,0,11,0,1,0,1,0,10,0,80,0,4,0,2,0,2,0,4,2,261712037,1274458409,5,3,9999,0,9,0
1,97,104,255,2,0,2,3300,152,205,2024,11,26,18,41,22,6,56,17,37,1,1,1,14,7,0,0,0,0,5,7,1,70,1,2,21,25,25,4,14,31,31,1,11,1,1,11,11,4,4,31,10,2,2,2,2,2,2,2,4,261516481,1274406130,3,3,9999,9999,1,1
1,97,104,256,2,0,1,33280,0,328,2024,11,5,20,15,22,6,41,17,45,2,1,1,7,1,0,0,0,0,2,9,1,70,1,2,21,35,25,3,4,31,31,1,1,1,1,11,11,3,3,10,30,3,3,2,2,2,2,4,2,261459500,1274625633,3,3,9999,9999,1,1
1,97,104,257,2,0,2,3300,152,205,2024,11,9,7,37,11,6,44,17,42,3,1,2,14,7,0,0,0,0,5,9,1,70,1,2,21,1,25,3,3,31,31,1,1,1,1,11,11,4,4,50,75,2,2,1,2,2,2,4,2,261516902,1274405233,7,3,9999,9999,5,1
1,97,104,258,2,0,1,32050,0,205,2024,11,2,2,30,22,6,39,17,47,2,1,1,14,7,0,0,0,0,3,9,1,70,5,3,41,65,0,3,75,31,0,1,0,1,0,1,0,10,0,50,0,3,0,2,0,2,0,4,0,261556300,1274529423,7,2,9999,0,9,0
1,97,104,259,2,0,2,3300,106,205,2024,12,3,23,20,22,7,1,17,37,2,1,1,14,1,0,0,0,0,5,9,1,70,1,2,21,1,25,14,35,31,31,11,0,1,0,11,11,3,3,10,31,3,3,2,0,2,0,4,2,261607738,1274604937,3,3,9999,9999,1,1
1,97,104,260,2,0,1,33280,0,328,2024,11,16,16,38,12,6,49,17,39,2,3,1,14,7,0,0,0,0,3,9,1,70,4,2,21,35,35,4,4,31,31,1,1,1,2,11,11,2,2,40,68,3,3,2,2,2,2,4,2,261536648,1274731758,7,3,9999,9999,1,1
1,97,104,261,2,0,1,99000,0,328,2024,11,29,15,35,12,6,58,17,37,1,1,1,0,7,0,0,0,0,0,0,20,70,0,4,1,45,45,4,61,31,0,1,0,1,0,1,0,10,0,80,0,4,0,2,0,2,0,4,2,261505555,1274621054,6,3,9999,0,1,0
1,97,104,262,2,0,1,3300,91,205,2024,11,19,18,10,21,6,51,17,38,2,1,1,1,1,9,22,9,22,18,9,30,70,5,2,21,25,25,4,34,31,31,1,0,1,0,11,11,2,3,70,10,3,3,2,0,2,0,4,2,261643601,1274642874,3,3,9999,9999,1,1
1,97,104,263,2,0,1,3290,608,328,2024,12,4,15,40,12,7,2,17,37,1,1,1,14,1,0,0,0,0,3,9,1,70,4,2,1,65,1,4,61,31,0,1,0,1,0,11,0,2,0,80,0,3,0,2,0,2,0,4,2,261440330,1274651917,4,3,9999,0,1,0
1,97,104,264,2,0,2,580,1085,205,2024,9,29,23,31,22,6,21,18,18,3,1,2,14,1,0,0,0,0,5,9,1,70,1,2,21,55,65,4,14,31,31,1,11,1,1,11,11,5,5,30,10,3,3,2,2,2,2,2,4,261724389,1274517298,1,3,9999,0,9,0
1,97,104,265,2,0,1,32050,0,205,2024,11,17,13,8,12,6,49,17,39,3,1,2,1,7,9,22,0,0,14,9,30,70,5,2,1,75,1,14,61,31,0,11,0,1,0,1,0,3,0,10,0,3,0,2,0,2,0,4,2,261705514,1274651931,1,3,128,0,9,0
1,97,104,266,2,0,1,32050,87,205,2024,12,3,14,43,12,7,1,17,37,1,1,1,1,1,9,22,9,22,14,9,30,70,5,2,21,55,1,4,4,31,31,1,1,1,1,11,11,3,3,50,50,3,3,2,2,2,2,4,2,261654676,1274640172,3,3,9999,9999,1,1
1,97,104,267,2,0,1,3300,125,205,2024,11,3,3,58,22,6,39,17,46,1,1,1,1,1,9,22,9,22,15,9,30,70,5,2,21,65,1,3,35,1,31,1,0,1,0,11,11,3,3,80,10,3,2,2,0,2,0,4,2,261527065,1274520272,1,1,9999,0,9,0
1,97,104,268,2,0,1,10810,0,205,2024,12,10,14,47,12,7,6,17,38,1,1,1,7,7,0,0,0,0,5,9,1,70,1,2,21,65,1,4,4,31,31,1,1,1,1,11,11,4,4,10,30,3,3,2,2,2,2,4,2,261722546,1274615888,3,3,9999,9999,9,1
1,97,104,269,2,0,1,10810,0,205,2024,11,10,7,57,12,6,44,17,42,1,2,1,14,1,0,0,0,0,3,7,1,70,1,2,21,1,65,3,4,31,31,1,1,1,1,11,11,4,4,10,30,4,3,2,2,2,2,4,4,261717358,1274553518,1,3,0,9999,0,9
1,97,104,270,2,0,1,10810,0,205,2024,9,9,15,0,12,6,13,18,40,3,2,2,13,7,0,0,0,0,4,2,1,70,1,2,21,25,1,4,4,31,31,1,1,1,1,11,11,4,4,80,70,3,3,2,2,2,2,4,2,261709521,1274525567,2,3,9999,9999,1,1
1,97,104,271,2,0,2,580,1105,205,2024,12,20,15,40,12,7,12,17,42,1,1,1,7,7,0,0,0,0,5,9,1,70,1,2,21,55,35,3,3,31,31,1,1,1,1,11,11,4,4,10,30,3,3,2,2,2,2,4,2,261633960,1274432550,6,3,9999,9999,9,1
1,97,104,272,2,0,1,3300,119,205,2024,12,9,20,8,22,7,5,17,38,1,1,1,14,7,0,0,0,0,5,9,1,70,4,2,21,65,1,3,35,31,31,1,0,1,0,11,11,3,3,20,10,3,3,2,0,2,0,4,2,261537112,1274533790,2,3,9999,9999,3,1
1,97,104,273,2,0,1,3300,74,205,2024,11,28,8,35,12,6,57,17,37,1,1,1,14,7,0,0,0,0,3,9,1,70,1,2,21,1,25,4,4,31,31,1,1,1,1,11,11,3,3,10,30,3,4,2,2,2,2,4,2,261735513,1274640951,5,3,9999,9999,1,1
1,97,104,274,2,0,1,25340,0,205,2024,12,18,18,6,21,7,11,17,41,1,1,1,1,7,9,22,9,22,14,7,30,70,4,2,21,55,1,4,34,31,31,1,0,1,0,11,11,3,3,80,10,3,3,2,0,2,0,4,2,261557157,1274415166,4,3,9999,9999,1,1
1,97,104,275,2,0,1,580,1080,205,2024,11,12,18,42,22,6,46,17,41,3,1,2,1,1,9,22,9,22,18,9,30,70,5,2,21,25,1,4,35,31,31,1,0,1,0,11,11,5,5,10,10,3,2,2,0,2,0,4,2,261731355,1274530463,3,3,0,9999,0,1
1,97,104,276,2,0,2,33280,0,328,2024,12,24,5,47,22,7,14,17,44,1,1,1,14,7,0,0,0,0,3,9,1,70,4,2,21,25,1,3,4,31,31,1,1,1,1,1,1,10,10,80,68,3,3,1,1,2,2,4,2,261551653,1274724346,3,3,9999,9999,1,1
1,97,105,394,2,0,3,99000,0,326,2024,10,28,13,54,12,6,36,17,50,1,1,1,0,7,0,0,0,0,0,0,20,70,0,4,21,45,25,3,3,1,31,1,1,1,1,11,11,10,10,30,10,3,3,2,2,2,2,4,2,261857859,1274518612,2,3,9999,9999,4,1
1,97,105,395,2,0,1,32110,0,211,2024,11,25,17,50,21,6,55,17,37,1,1,1,14,7,0,0,0,0,3,9,1,70,4,2,1,45,1,3,61,31,0,1,0,1,0,11,0,2,0,10,0,4,0,2,0,2,0,4,2,261956078,1274949415,2,3,9999,0,1,0
1,97,105,396,2,0,1,580,1034,326,2024,11,27,19,10,22,6,57,17,37,1,2,1,14,7,0,0,0,0,6,9,1,70,1,2,21,35,55,3,35,31,31,1,0,1,0,11,11,10,5,50,10,3,3,2,0,2,0,4,2,261952205,1274506361,4,3,0,9999,0,9
1,97,105,397,2,0,2,3300,40,327,2024,11,13,16,40,12,6,46,17,41,1,1,1,1,1,9,22,9,22,19,7,30,70,5,2,21,65,1,3,35,31,31,1,0,1,0,11,11,4,4,10,14,3,1,2,0,2,0,4,2,261859317,1274737457,4,3,9999,9999,9,1
1,97,105,398,2,0,1,32110,0,211,2024,11,5,17,9,13,6,41,17,45,1,1,1,14,7,0,0,0,0,3,9,1,70,5,4,1,65,1,4,61,31,0,1,0,1,0,11,0,10,0,50,0,3,0,2,0,2,0,4,2,261953393,1274850548,3,3,9999,0,9,0
1,97,105,399,2,0,1,10750,0,211,2024,11,30,19,27,22,6,59,17,37,2,1,1,1,7,9,22,9,22,14,9,30,70,4,2,21,75,1,4,35,31,31,1,0,1,0,11,11,3,3,10,10,3,3,2,0,2,0,4,2,262037558,1274912950,7,3,309,9999,9,1
1,97,105,400,2,0,1,3300,21,211,2024,11,10,4,49,22,6,44,17,42,1,1,1,1,7,9,22,0,0,19,9,30,70,1,2,1,25,35,3,61,1,0,1,0,1,0,11,0,3,0,0,0,4,0,2,0,2,0,4,2,261955423,1274751367,1,3,9999,0,1,0
1,97,105,401,2,0,1,3300,50,327,2024,10,9,17,36,13,6,25,18,7,1,2,1,14,7,0,0,0,0,3,9,1,70,1,2,21,45,1,3,51,31,41,1,0,1,0,11,0,4,0,80,20,3,3,2,0,2,0,4,2,261836619,1274709071,4,3,9999,0,1,0
1,97,105,402,2,0,1,10850,0,211,2024,11,9,15,34,12,6,44,17,42,3,2,2,14,7,0,0,0,0,4,9,1,70,1,2,21,35,45,3,4,31,31,1,1,1,1,11,11,3,3,10,30,3,3,2,2,2,2,4,2,262111977,1274835881,7,3,9999,9999,1,5
1,97,105,403,2,0,1,580,1051,326,2024,10,27,14,30,12,6,35,17,51,1,1,1,14,7,0,0,0,0,6,9,1,70,1,2,21,25,25,3,4,31,31,1,1,1,1,11,11,5,5,30,10,3,3,2,2,2,2,4,2,261901823,1274536148,1,3,9999,9999,1,1
1,97,105,404,2,0,1,3300,18,211,2024,8,27,8,50,12,6,7,18,54,1,1,1,14,7,0,0,0,0,5,9,1,70,1,2,21,45,45,3,3,31,31,1,1,1,1,11,11,3,3,80,20,3,3,2,2,2,2,4,2,262004265,1274758171,3,3,9999,9999,1,1
1,97,105,405,2,0,1,27240,0,211,2024,11,23,16,35,12,6,54,17,38,1,2,1,1,7,9,22,9,22,15,9,30,70,4,2,21,55,75,3,4,31,31,1,1,1,1,11,11,3,3,10,40,3,3,2,2,2,2,4,4,262212007,1274935015,7,1,9999,218,1,9
1,97,105,406,1,1,0,26300,0,327,2024,12,8,14,23,12,7,5,17,38,2,3,1,13,7,0,0,0,0,4,1,1,70,1,2,41,25,0,32,75,31,0,0,0,0,0,11,0,4,0,42,0,2,0,0,0,0,0,1,0,261826147,1274639907,1,3,0,0,0,0
1,97,105,407,2,0,1,10740,0,211,2024,12,5,17,59,21,7,3,17,37,1,1,1,1,1,9,22,9,22,17,7,30,70,5,2,21,1,55,4,35,31,31,1,0,1,0,11,11,3,3,40,10,3,3,2,0,2,0,4,2,262138434,1274843722,5,3,9999,9999,1,9
1,97,105,408,2,0,1,3300,20,211,2024,12,5,4,45,22,7,3,17,37,1,1,1,1,1,9,22,0,0,19,9,30,70,5,2,1,25,55,4,61,31,0,1,0,1,0,11,0,4,0,10,0,3,0,2,0,2,0,4,2,261956838,1274753524,5,3,9999,0,1,0
1,97,105,409,2,0,1,38270,0,327,2024,10,19,17,38,13,6,30,17,58,1,1,1,14,7,0,0,0,0,3,9,1,70,5,4,1,1,1,4,61,31,0,1,0,1,0,11,0,10,0,10,0,3,0,2,0,2,0,4,2,261759014,1274740603,7,3,9999,0,1,0
1,97,105,410,2,0,1,99000,0,327,2024,11,13,14,55,12,6,46,17,41,2,1,1,0,7,0,0,0,0,0,0,20,70,0,4,21,75,1,4,36,31,31,1,0,1,0,11,11,10,10,70,40,3,3,2,0,2,0,4,2,261855483,1274743908,4,3,9999,9999,9,5
1,97,105,411,2,0,1,25240,0,211,2024,11,25,18,24,21,6,55,17,37,1,1,1,1,7,9,22,0,0,15,7,30,70,5,2,1,25,1,3,61,31,0,1,0,1,0,11,0,3,0,10,0,3,0,2,0,2,0,4,2,261914164,1274712296,2,3,9999,0,1,0
1,97,105,412,2,0,1,32110,0,211,2024,12,11,22,45,22,7,7,17,39,3,3,2,1,7,9,22,0,0,15,9,30,70,5,2,1,25,1,3,61,31,0,1,0,2,0,11,0,3,0,70,0,4,0,2,0,2,0,4,2,261954750,1275043422,4,3,9999,0,1,0
1,97,105,413,2,0,1,3290,438,211,2024,12,12,9,40,12,7,7,17,39,2,1,1,14,7,0,0,0,0,3,9,1,70,4,2,21,45,75,3,4,31,31,1,1,1,1,11,11,4,4,80,60,2,4,2,2,2,2,4,2,262213213,1274911345,5,3,9999,9999,9,9
1,97,105,414,2,0,1,3300,23,211,2024,11,18,21,43,22,6,50,17,39,1,1,1,7,1,0,0,0,0,5,9,1,70,1,2,21,1,25,3,4,31,31,1,1,1,1,11,11,3,3,10,30,3,3,2,2,2,2,4,2,261949462,1274746255,2,3,0,9999,0,1
1,97,105,415,2,0,1,3300,32,211,2024,12,3,13,0,12,7,1,17,37,1,1,1,7,7,0,0,0,0,5,6,1,70,4,2,21,55,45,3,4,1,31,1,1,1,1,11,11,3,3,30,10,3,3,2,2,2,2,2,4,261924913,1274734865,3,3,9999,9999,9,5
1,97,105,416,2,0,1,27240,0,211,2024,11,21,18,15,21,6,52,17,38,2,1,1,1,7,9,22,9,22,15,9,30,70,4,2,21,35,55,3,35,31,31,1,0,1,0,11,11,3,3,10,30,3,2,2,0,2,0,4,2,262035405,1274931634,5,3,9999,9999,1,9
1,97,105,417,2,0,1,99000,0,326,2024,11,23,15,28,12,6,54,17,38,1,1,1,0,7,0,0,0,0,0,0,20,70,0,2,1,65,1,4,61,31,0,1,0,1,0,11,0,10,0,50,0,3,0,2,0,2,0,4,2,261806289,1274534394,7,1,9999,0,9,0
1,97,105,418,2,0,1,32110,0,211,2024,12,11,20,28,22,7,7,17,39,3,1,2,1,7,1,21,0,0,14,9,30,70,5,2,1,35,55,3,61,31,0,1,0,1,0,11,0,1,0,50,0,4,0,2,0,2,0,4,2,262017653,1274806106,4,3,9999,0,1,0
1,97,105,419,2,0,1,32110,0,211,2024,12,5,8,20,12,7,3,17,37,1,1,1,1,7,1,22,0,0,14,9,30,70,4,2,1,1,1,3,61,31,0,1,0,1,0,11,0,3,0,80,0,4,0,2,0,2,0,4,2,262015976,1274914610,5,3,9999,0,1,0
1,97,105,420,2,0,1,3290,457,211,2024,12,2,6,30,23,7,0,17,37,1,1,1,1,7,9,22,9,22,18,9,30,70,4,2,21,65,1,4,35,31,31,1,0,1,0,11,11,3,3,80,10,4,3,2,0,2,0,4,2,262119526,1274846573,2,3,9999,9999,9,1
1,97,105,421,2,0,1,32110,0,211,2024,11,11,10,15,12,6,45,17,41,1,1,1,14,7,0,0,0,0,3,9,1,70,4,2,21,25,55,3,4,31,31,1,1,1,1,11,11,3,1,60,80,3,3,2,2,2,2,2,4,261920298,1274944598,2,3,9999,9999,1,9
1,97,105,422,2,0,1,3300,45,327,2024,9,17,18,0,13,6,16,18,31,1,2,1,7,1,0,0,0,0,5,7,1,70,1,2,21,1,25,3,4,31,31,1,1,1,1,11,11,4,4,10,30,3,3,2,2,2,2,4,2,261845472,1274725213,3,3,0,9999,0,1
1,97,105,423,2,0,1,25200,0,211,2024,11,17,5,26,22,6,49,17,39,3,1,2,14,7,0,0,0,0,6,9,1,70,4,2,1,55,35,3,61,1,0,1,0,1,0,11,0,3,0,50,0,3,0,2,0,2,0,4,2,262009568,1274756094,1,3,9999,0,9,0
1,97,105,424,2,0,2,580,1046,326,2024,12,16,14,44,12,7,10,17,40,2,1,1,14,7,0,0,0,0,6,9,1,70,1,2,21,65,1,3,3,31,31,1,1,1,1,1,11,10,10,50,78,3,2,2,2,2,2,4,2,261915564,1274531424,2,3,9999,9999,4,1
1,97,105,425,2,0,1,580,1051,326,2024,7,31,12,48,12,5,54,19,17,1,1,1,7,1,0,0,0,0,6,9,1,70,1,2,21,25,35,3,3,31,31,1,1,1,1,11,11,10,10,10,30,4,4,2,2,2,2,4,2,261901348,1274535892,4,3,0,9999,0,1
1,97,105,426,2,0,1,38270,0,327,2024,10,9,16,40,12,6,25,18,7,1,1,1,1,7,9,22,9,22,14,1,30,70,5,4,21,1,35,3,13,31,31,1,11,1,1,11,11,10,10,50,50,3,3,2,2,2,2,2,4,261906560,1274808485,4,3,9999,0,1,0
1,97,105,427,2,0,1,580,1067,326,2024,11,24,11,8,12,6,54,17,37,1,1,1,14,7,0,0,0,0,6,9,1,70,1,2,21,55,1,3,4,31,31,1,1,1,1,11,11,10,10,40,50,3,3,2,2,2,2,4,4,261813878,1274543488,1,3,9999,9999,9,1
1,97,105,428,2,0,2,3300,8,211,2024,11,29,15,33,12,6,58,17,37,1,1,1,7,7,0,0,0,0,4,7,1,70,4,2,21,65,25,4,4,31,31,1,1,1,1,11,11,3,3,10,31,3,3,2,2,2,2,4,2,262015299,1274828516,6,3,9999,9999,9,1
1,97,105,429,2,0,1,3290,446,211,2024,11,21,19,35,22,6,52,17,38,1,1,1,1,1,9,22,9,22,19,9,30,70,5,2,21,55,1,4,36,31,31,1,0,1,0,11,11,4,10,50,20,3,2,2,0,2,0,4,2,262154194,1274853856,5,3,9999,9999,9,5
1,97,105,430,2,0,1,10290,0,327,2024,11,22,7,43,11,6,53,17,38,3,3,2,1,1,9,22,9,22,15,3,30,70,5,2,21,1,45,3,3,31,31,1,1,1,1,11,11,3,3,75,56,3,2,2,2,2,2,4,4,261732284,1274704880,6,2,0,9999,0,1
1,97,105,431,2,0,1,10230,0,211,2024,11,2,6,50,11,6,39,17,47,2,1,1,14,7,0,0,0,0,4,9,1,70,1,2,21,1,45,4,4,31,31,1,1,1,1,11,11,4,4,10,30,3,3,2,2,2,2,4,2,262003664,1274715331,7,2,9999,9999,1,9
1,97,105,432,2,0,2,3300,9,211,2024,9,10,18,51,21,6,13,18,39,2,1,1,1,1,9,22,9,22,18,8,30,70,5,2,21,75,1,4,4,31,31,1,1,1,1,11,11,3,3,51,70,1,2,1,2,2,2,2,4,262015144,1274824304,3,3,9999,9999,9,1
1,97,105,433,2,0,1,10850,0,211,2024,12,11,18,55,22,7,7,17,39,3,2,2,14,7,0,0,0,0,3,9,1,70,1,2,21,1,45,3,4,31,31,1,1,1,1,11,11,4,4,10,30,3,2,2,2,2,2,4,2,262008668,1274725616,4,3,0,9999,0,9
1,97,105,434,2,0,1,25200,0,211,2024,7,13,19,57,21,5,46,19,25,1,1,1,14,7,0,0,0,0,3,8,1,70,4,2,1,45,45,4,61,31,0,1,0,1,0,11,0,3,0,80,0,3,0,2,0,2,0,4,2,261950689,1274831514,7,3,9999,0,9,0
1,97,105,435,2,0,1,25240,0,326,2024,12,2,8,25,12,7,0,17,37,1,1,1,14,7,0,0,0,0,3,9,1,70,4,2,21,55,65,4,4,31,31,1,1,1,1,11,11,2,2,10,40,2,2,2,2,2,2,4,2,261840280,1274550846,2,3,9999,9999,9,9
1,97,105,436,2,0,1,32110,0,211,2024,11,26,12,15,12,6,56,17,37,1,1,1,1,7,9,22,9,22,15,9,30,70,4,2,21,35,55,35,36,31,31,0,0,0,0,11,11,5,10,40,10,3,4,0,0,0,0,2,4,261911582,1274925946,3,3,9999,9999,1,9
1,97,105,438,2,0,1,3300,3,211,2024,12,2,20,32,22,7,0,17,37,1,1,1,14,7,0,0,0,0,5,9,1,70,4,2,21,35,25,4,35,31,31,1,0,1,0,11,11,3,3,40,10,2,2,2,0,2,0,4,2,262018161,1274845389,2,3,9999,9999,1,1
1,97,105,439,2,0,2,25160,0,211,2024,10,18,21,46,22,6,30,17,59,1,1,1,1,7,9,22,9,22,15,9,30,70,4,2,21,35,1,3,35,31,31,1,0,1,0,11,11,3,3,80,20,3,2,2,0,2,0,4,2,262136446,1274913634,6,3,9999,9999,1,1
1,97,105,440,2,0,1,3290,485,211,2024,11,29,18,30,21,6,58,17,37,1,1,1,14,7,0,0,0,0,5,8,1,70,4,2,21,35,35,3,14,31,31,1,11,1,2,11,11,4,4,31,10,3,3,2,2,2,2,2,4,261958566,1274914218,6,3,9999,9999,1,1
1,97,105,441,2,0,1,25200,0,211,2024,12,7,0,4,22,7,4,17,38,3,1,2,14,7,0,0,0,0,6,9,1,70,4,2,1,25,65,4,61,31,0,1,0,1,0,11,0,3,0,11,0,3,0,2,0,2,0,4,2,262009143,1274756846,7,3,9999,0,1,0
1,97,105,442,2,0,1,99000,19,211,2024,12,6,10,52,12,7,3,17,37,1,1,1,0,7,0,0,0,0,0,0,20,70,0,4,21,65,35,3,3,31,31,1,1,1,1,11,11,10,10,33,11,3,3,2,2,2,2,4,2,262000082,1274754528,6,3,9999,9999,9,1
1,97,105,443,2,0,1,32110,0,211,2024,11,16,19,1,22,6,49,17,39,3,1,2,14,7,0,0,0,0,3,9,1,70,4,2,1,55,65,3,61,1,0,1,0,1,0,11,0,2,0,55,0,3,0,2,0,2,0,4,2,261925287,1274756148,7,3,9999,0,9,0
1,97,105,444,2,0,1,3300,26,211,2024,12,18,17,32,13,7,11,17,41,1,1,1,14,7,0,0,0,0,5,9,1,70,1,2,21,65,45,3,4,31,31,1,1,1,1,11,11,3,3,15,33,3,3,2,2,2,2,4,2,261944574,1274739937,4,3,9999,9999,9,1