data_category,prefecture_code,police_station_code,report_id,accident_details_code,fatalities,injured_persons,route_code,location_code,municipality_code,occurence_year,occurence_month,occurence_date,occurence_hour,occurence_minute,day_night_code,sunrise_hour,sunrise_minute,sunset_hour,sunset_minute,weather_code,terrain_code,road_condition_code,road_config_code,traffic_signal_code,stop_reg_signage_code_party_a,stop_reg_roadmarking_code_party_a,stop_reg_signage_code_party_b,stop_reg_roadmarking_code_party_b,road_width_code,road_alignment_code,collision_point_code,zone_reg_code,median_facility_code,pedestrian_vehicle_separation_code,accident_type_code,age_party_a,age_party_b,party_type_code_party_a,party_type_code_party_b,vehicle_use_code_party_a,vehicle_use_code_party_b,vehicle_shape_code_party_a,vehicle_shape_code_party_b,auto_transm_code_party_a,auto_transm_code_party_b,safety_feature_code_party_a,safety_feature_code_party_b,speed_reg_code_party_a,speed_reg_code_party_b,vehicle_impact_point_code_party_a,vehicle_impact_point_code_party_b,vehicle_damage_level_party_a,vehicle_damage_level_party_b,airbag_code_party_a,airbag_code_party_b,side_airbag_code_party_a,side_airbag_code_party_b,injury_severity_code_party_a,injury_severity_code_party_b,latitude_north,longitude_east,occurence_day_code,public_holiday_code,days_since_cognitive_test_party_a,days_since_cognitive_test_party_b,driving_practice_method_code_party_a,driving_practice_method_code_party_b
1,97,105,445,2,0,1,3290,453,211,2024,12,7,9,12,12,7,4,17,38,3,1,2,1,1,9,22,0,0,17,9,30,70,5,2,1,35,55,3,61,31,0,1,0,1,0,11,0,3,0,40,0,4,0,2,0,2,0,4,2,262133808,1274847657,7,3,9999,0,1,0
1,97,105,446,2,0,2,580,1027,326,2024,10,6,10,10,12,6,24,18,11,1,2,1,13,7,0,0,0,0,6,3,1,70,1,2,21,35,45,3,4,31,31,1,1,1,1,11,11,5,5,10,60,2,3,1,2,2,2,4,2,262014003,1274505332,1,3,0,9999,0,1
1,97,105,447,2,0,1,33260,0,326,2024,12,19,17,15,13,7,11,17,42,2,1,1,7,7,0,0,0,0,4,9,1,70,4,2,21,1,45,4,4,31,31,1,1,1,1,11,11,3,3,88,50,2,3,2,2,2,2,4,4,261912979,1274528649,5,3,9999,9999,1,1
1,97,105,448,2,0,1,3300,3,211,2024,12,4,7,0,23,7,2,17,37,1,1,1,14,7,0,0,0,0,5,9,1,70,4,2,21,45,55,4,51,31,41,1,0,1,0,11,0,3,0,10,20,3,3,2,0,2,0,4,2,262018298,1274845889,4,3,9999,0,9,0
1,97,105,449,2,0,1,580,1034,326,2024,12,12,16,15,12,7,7,17,39,2,1,1,14,7,0,0,0,0,5,9,1,70,1,2,21,35,45,3,4,31,31,1,1,1,1,11,11,5,5,10,30,3,3,2,2,2,2,4,2,261949451,1274506548,5,3,9999,9999,1,1
1,97,105,450,2,0,1,32110,0,211,2024,10,25,9,58,12,6,34,17,53,2,1,1,1,7,9,22,9,22,11,9,30,70,5,4,21,55,55,3,14,1,31,1,11,1,1,11,11,5,5,10,20,3,3,2,2,2,2,4,4,261930749,1274925511,6,3,9999,0,9,0
1,97,105,451,2,0,1,32110,0,211,2024,12,19,18,43,22,7,11,17,42,2,1,1,14,7,0,0,0,0,3,9,1,70,4,2,1,65,75,4,61,31,0,1,0,1,0,11,0,3,0,50,0,3,0,2,0,2,0,4,2,261935350,1274929237,5,3,9999,0,9,0
1,97,105,452,2,0,2,580,1065,326,2024,12,21,14,0,12,7,12,17,42,1,1,1,14,7,0,0,0,0,6,9,1,70,1,2,21,25,35,3,3,31,31,1,1,1,1,11,11,5,5,10,30,3,3,2,2,2,2,4,2,261819465,1274546354,7,3,9999,9999,1,1
1,97,105,453,2,0,2,32110,0,211,2024,12,21,12,25,12,7,12,17,42,1,1,1,7,1,0,0,0,0,3,9,1,70,4,2,21,25,25,3,3,31,31,1,1,1,1,11,11,3,3,10,30,3,3,2,2,2,2,4,2,261848442,1274946150,7,3,9999,9999,1,1
1,97,105,454,2,0,1,25360,0,211,2024,12,29,10,2,12,7,16,17,47,1,2,1,1,7,1,21,9,22,15,9,30,70,4,2,21,45,1,3,14,31,31,1,11,1,1,11,11,10,4,50,10,2,2,2,1,2,2,4,2,262218401,1274943727,1,3,9999,9999,5,1
1,97,105,455,2,0,1,33260,0,326,2024,12,13,18,48,22,7,8,17,39,1,2,1,14,7,0,0,0,0,3,9,1,70,4,2,21,25,1,3,35,31,31,1,0,1,0,11,11,3,3,80,10,3,3,2,0,2,0,4,2,261912940,1274514447,6,3,0,9999,0,9
1,97,105,456,2,0,1,27240,0,211,2024,12,21,14,41,12,7,12,17,42,1,1,1,14,7,0,0,0,0,4,9,1,70,4,2,21,55,1,4,51,31,41,1,0,1,0,11,0,3,0,80,20,3,3,2,0,2,0,4,2,262109086,1274902532,7,3,9999,0,9,0
1,97,105,457,2,0,1,10850,200,211,2024,11,7,8,35,12,6,42,17,44,1,1,1,7,1,0,0,0,0,5,8,1,70,1,2,21,1,45,3,14,31,31,1,11,1,1,11,11,4,4,10,70,3,3,2,2,2,2,4,2,262105710,1274812953,5,3,0,9999,0,9
1,97,105,458,2,0,1,10850,0,211,2024,12,2,12,57,12,7,0,17,37,1,1,1,1,1,9,22,9,22,19,9,30,70,5,2,21,65,45,3,13,31,31,1,11,1,1,11,11,3,3,50,10,2,2,1,1,2,2,2,4,261958757,1274656510,2,3,9999,9999,9,9
1,97,105,459,2,0,1,10850,0,326,2024,12,2,14,45,12,7,0,17,37,1,2,1,14,7,0,0,0,0,5,9,1,70,1,2,1,35,65,3,61,31,0,1,0,1,0,11,0,4,0,80,0,3,0,2,0,2,0,4,2,261939076,1274532216,2,3,0,0,0,0
1,97,105,460,2,0,2,32110,0,211,2024,11,10,11,32,12,6,44,17,42,1,1,1,1,7,1,21,9,22,15,9,30,70,4,2,21,25,1,3,35,31,31,1,0,1,0,11,11,2,2,20,10,3,3,2,0,2,0,4,2,261922490,1274746903,1,3,9999,9999,5,1
1,97,105,461,2,0,1,10850,0,327,2024,11,17,0,7,22,6,49,17,39,3,2,2,14,7,0,0,0,0,6,9,1,70,1,2,1,1,45,3,61,31,0,1,0,1,0,11,0,3,0,0,0,3,0,2,0,2,0,4,2,261858669,1274742590,1,3,9999,0,1,0
1,97,105,462,2,0,1,3290,463,211,2024,12,15,9,15,12,7,9,17,40,1,1,1,1,1,9,22,9,22,18,9,30,70,5,2,21,65,35,4,31,31,31,1,0,1,0,11,11,3,3,40,10,3,2,2,0,2,0,4,2,262100947,1274843960,1,3,19,9999,9,1
1,97,105,463,2,0,6,3290,70,327,2024,12,11,16,19,12,7,7,17,39,2,2,1,7,1,0,0,0,0,6,4,1,70,1,2,21,25,25,3,4,31,31,1,1,1,1,11,11,4,4,21,40,2,3,2,2,2,2,4,2,261746590,1274649184,4,3,9999,9999,1,1
1,97,105,464,2,0,1,32110,0,211,2024,12,27,13,29,12,7,15,17,46,1,2,1,13,7,0,0,0,0,3,5,1,70,4,2,21,55,0,4,0,31,0,1,0,1,0,11,0,3,0,50,0,2,0,2,0,2,0,2,0,261940404,1274822702,6,3,9999,0,1,0
1,97,105,465,2,0,1,33260,0,326,2024,12,23,18,50,22,7,13,17,44,1,2,1,14,7,0,0,0,0,3,9,1,70,5,2,1,1,25,4,61,31,0,1,0,1,0,11,0,3,0,10,0,3,0,2,0,2,0,4,2,261915182,1274517996,2,3,9999,0,1,0
1,97,105,466,2,0,1,3300,68,327,2024,11,26,8,35,12,6,56,17,37,1,3,1,1,1,9,22,9,22,18,9,30,70,5,2,21,25,1,3,34,31,31,1,0,1,0,11,11,4,4,80,12,2,2,2,0,2,0,4,2,261753451,1274650343,3,3,0,9999,0,1
1,97,105,467,2,0,1,99000,0,327,2024,11,9,14,30,12,6,44,17,42,1,2,1,0,7,0,0,0,0,0,0,20,70,0,4,21,35,45,3,4,31,31,1,1,1,1,11,11,10,10,30,30,3,3,2,2,2,2,4,2,261857258,1274752318,7,3,0,9999,0,1
1,97,105,468,2,0,2,32110,0,211,2024,12,11,14,40,12,7,7,17,39,2,1,1,13,7,0,0,0,0,3,6,1,70,4,2,1,1,25,3,61,31,0,1,0,1,0,11,0,2,0,50,0,3,0,2,0,2,0,4,2,261942006,1274835536,4,3,9999,0,1,0
1,97,105,469,2,0,2,3300,52,327,2024,12,11,18,32,21,7,7,17,39,3,3,2,14,7,0,0,0,0,4,9,1,70,1,2,21,55,1,3,4,31,31,1,1,1,1,11,11,4,4,10,31,3,2,2,2,2,2,4,2,261835341,1274704949,4,3,9999,9999,1,1
1,97,105,470,2,0,1,3300,52,327,2024,12,11,18,32,21,7,7,17,39,3,2,2,14,7,0,0,0,0,4,9,1,70,1,2,21,45,1,3,4,31,31,1,1,1,1,11,11,3,4,31,10,3,2,2,2,2,2,2,4,261835122,1274704474,4,3,9999,9999,1,1
1,97,105,471,2,0,1,580,1064,326,2024,12,21,13,23,12,7,12,17,42,1,1,1,14,7,0,0,0,0,6,9,1,70,1,2,21,35,25,4,4,31,31,1,1,1,1,11,11,5,5,10,30,3,3,2,2,2,2,4,2,261821085,1274547779,7,3,9999,9999,1,1
1,97,105,472,2,0,1,25200,494,211,2024,11,20,16,27,12,6,51,17,38,1,1,1,1,1,9,22,9,22,19,9,30,70,5,2,21,1,1,3,4,31,31,1,1,1,1,11,11,3,3,88,66,3,3,2,2,2,2,4,2,261930846,1274922955,4,3,0,9999,0,1
1,97,106,69,2,0,1,33240,0,324,2024,11,25,11,42,12,6,55,17,37,1,2,1,1,7,1,21,9,22,14,7,30,70,5,2,21,75,1,4,4,31,31,1,1,1,1,11,11,3,2,40,10,3,3,2,2,2,2,4,2,262416254,1274324499,2,3,299,9999,9,1
1,97,106,70,2,0,1,33240,953,324,2024,11,29,7,48,11,6,58,17,37,1,2,1,1,7,1,21,9,22,11,9,30,70,5,2,21,35,45,3,34,31,31,1,0,1,0,11,11,10,10,50,10,3,3,2,0,2,0,4,2,262344387,1274522414,6,3,9999,9999,1,1
1,97,106,71,2,0,1,33240,0,324,2024,11,24,17,0,13,6,54,17,37,1,1,1,1,7,9,22,9,22,11,9,30,70,5,2,21,1,65,4,51,31,41,1,0,1,0,11,0,10,0,80,10,3,3,2,0,2,0,4,2,262203608,1274450006,1,3,9999,0,1,0
1,97,106,72,2,0,1,33240,0,324,2024,10,13,23,50,22,6,27,18,3,1,1,1,14,7,0,0,0,0,3,7,1,70,4,2,1,55,45,4,61,31,0,1,0,1,0,11,0,2,0,40,0,3,0,2,0,2,0,4,2,262203583,1274450201,1,2,9999,0,9,0
1,97,106,73,2,0,3,33250,0,325,2024,11,7,17,48,21,6,42,17,44,3,1,2,1,7,9,22,9,22,15,8,30,70,4,2,21,35,45,4,14,31,31,1,11,1,2,11,11,3,3,31,10,3,3,2,2,2,2,2,4,262207043,1274621814,5,3,9999,9999,1,1
1,97,106,74,2,0,1,33240,0,324,2024,11,13,8,50,12,6,46,17,41,2,2,1,1,7,1,21,9,22,11,9,30,70,5,3,21,25,35,3,3,31,31,1,1,1,1,11,11,10,10,10,40,4,2,2,2,2,2,4,2,262436698,1274337600,4,3,9999,9999,1,1
1,97,106,75,2,0,1,25060,0,324,2024,9,20,11,13,12,6,17,18,28,1,1,1,14,7,0,0,0,0,3,9,1,70,4,2,1,25,75,13,61,31,0,11,0,1,0,11,0,3,0,80,0,3,0,2,0,2,0,4,2,262433901,1274356161,6,3,9999,0,1,0
1,97,106,76,2,0,1,33250,0,325,2024,11,20,18,35,21,6,51,17,38,1,1,1,13,7,0,0,0,0,3,3,1,70,4,2,21,35,1,4,34,31,31,1,0,1,0,11,11,2,2,50,10,3,1,2,0,2,0,4,2,262143265,1274432273,4,3,9999,9999,1,1
1,97,106,77,2,0,1,580,982,324,2024,12,7,3,53,22,7,4,17,38,3,1,2,7,1,0,0,0,0,5,7,1,70,1,2,21,25,65,4,4,31,31,1,1,1,1,11,11,4,4,10,30,2,2,2,2,2,2,4,2,262214927,1274521125,7,3,9999,9999,1,9
1,97,106,78,2,0,1,33240,0,324,2024,12,11,6,37,23,7,7,17,39,1,3,1,1,7,9,22,9,22,14,9,30,70,4,2,21,55,1,3,4,31,31,1,1,1,1,11,11,3,4,50,80,2,2,1,1,2,2,4,2,262218422,1274531817,4,3,9999,9999,9,1
1,97,106,79,2,0,1,580,987,325,2024,8,2,0,10,22,5,55,19,15,1,1,1,1,7,9,22,9,22,17,9,30,70,1,2,21,65,1,4,34,31,31,1,0,1,0,11,11,4,4,30,10,2,2,2,0,2,0,4,2,262156023,1274520833,6,3,9999,9999,9,1
1,97,106,80,2,0,1,33240,0,324,2024,12,2,8,48,12,7,0,17,37,1,2,1,14,7,0,0,0,0,3,9,1,70,4,2,21,35,35,3,4,31,31,1,1,1,1,11,11,3,3,10,30,3,3,2,2,2,2,4,2,262350179,1274426628,2,3,0,9999,0,1
1,97,106,81,2,0,2,580,967,324,2024,11,27,16,18,12,6,57,17,37,1,1,1,7,7,0,0,0,0,3,9,1,70,1,2,21,1,35,3,3,31,31,1,1,1,1,11,11,4,4,10,30,3,3,2,2,2,2,4,2,262258825,1274520462,4,3,0,9999,0,1
1,97,106,82,2,0,1,33250,0,325,2024,10,14,14,16,12,6,28,18,2,1,1,1,1,7,9,22,0,0,14,3,30,70,4,2,1,75,75,3,61,31,0,1,0,1,0,11,0,3,0,30,0,4,0,2,0,2,0,4,2,262148287,1274517741,2,1,273,0,9,0
1,97,106,83,2,0,1,580,981,324,2024,12,22,6,30,23,7,13,17,43,1,1,1,1,1,9,22,9,22,15,8,30,70,5,2,21,55,45,3,31,31,31,1,0,1,0,11,11,4,4,40,10,2,2,2,0,2,0,4,2,262215802,1274521024,1,3,9999,9999,9,1
1,97,106,84,2,0,1,33250,0,325,2024,12,27,22,10,22,7,15,17,46,2,1,1,14,7,0,0,0,0,3,9,1,70,5,2,1,65,35,4,61,31,0,1,0,1,0,11,0,2,0,80,0,3,0,2,0,2,0,4,2,262131615,1274442511,6,3,9999,0,9,0
1,97,106,85,2,0,2,33240,0,324,2024,3,7,7,52,12,6,47,18,34,2,3,1,1,1,9,22,9,22,19,9,30,70,5,2,21,75,1,3,3,31,31,1,1,1,1,11,11,4,4,40,10,2,2,2,1,2,2,4,2,262336164,1274449783,5,3,134,9999,9,1
1,97,107,103,2,0,2,25160,0,213,2024,9,30,11,34,12,6,21,18,17,1,2,2,13,7,0,0,0,0,3,6,1,70,4,2,21,35,35,3,13,31,31,1,11,1,1,11,11,3,3,30,10,2,2,2,1,2,2,2,4,262016127,1275223833,2,3,9999,9999,1,1
1,97,107,119,2,0,1,25360,0,213,2024,11,4,15,0,12,6,40,17,45,1,3,1,1,7,9,22,9,22,14,9,30,70,4,2,21,1,35,3,4,31,31,1,1,1,1,11,11,3,3,10,30,3,3,2,2,2,2,4,2,262120081,1275058448,2,1,9999,9999,1,1
1,97,107,120,2,0,1,27240,0,213,2024,11,7,21,10,22,6,42,17,44,2,2,1,1,1,9,22,9,22,14,9,30,70,5,2,21,55,45,4,4,31,31,1,1,1,1,11,11,2,4,10,51,2,2,1,1,2,2,4,2,262303052,1275104982,5,3,9999,9999,9,1
1,97,107,121,2,0,1,10750,0,213,2024,10,8,12,57,12,6,25,18,8,2,2,2,7,1,0,0,0,0,3,6,1,70,4,2,21,25,25,4,4,31,31,1,1,1,1,11,11,3,3,10,30,3,3,2,2,2,2,4,2,262355478,1275051360,3,3,0,9999,0,1
1,97,107,122,2,0,1,27240,0,213,2024,11,21,23,40,22,6,52,17,38,3,2,2,1,7,9,22,1,21,15,9,30,70,5,2,21,1,65,4,51,31,41,1,0,1,0,11,0,3,0,10,40,3,2,2,0,2,0,4,2,262253918,1275017228,5,3,9999,0,1,0
1,97,107,123,2,0,1,32040,0,213,2024,12,4,16,20,12,7,2,17,37,1,2,1,1,1,9,22,9,22,15,9,30,70,5,2,21,75,1,4,51,31,41,1,0,1,0,11,0,3,0,80,42,3,3,2,0,2,0,4,2,262129027,1274956057,4,3,9999,0,9,0
1,97,107,124,2,0,1,10100,0,213,2024,12,13,17,0,13,7,8,17,39,2,2,1,14,7,0,0,0,0,3,9,1,70,4,2,21,55,45,3,3,31,31,1,1,1,2,11,11,3,3,10,30,3,3,2,2,2,2,4,2,262154302,1275109191,6,3,9999,9999,9,1
1,97,107,125,2,0,1,32040,0,213,2024,12,11,14,58,12,7,7,17,39,2,3,1,1,1,9,22,9,22,17,9,30,70,5,2,21,1,35,3,13,31,31,1,11,1,1,11,11,4,4,40,80,3,3,2,2,2,2,4,2,262007062,1275058952,4,3,0,9999,0,9
1,97,107,126,2,0,1,10750,0,213,2024,12,20,23,5,22,7,12,17,42,1,1,1,14,7,0,0,0,0,4,9,1,70,4,2,1,75,45,3,61,31,0,1,0,1,0,11,0,3,0,50,0,3,0,2,0,2,0,4,2,262101130,1274934939,6,3,800,0,9,0
1,97,107,127,2,0,1,10850,0,213,2024,11,25,17,8,13,6,55,17,37,1,2,1,1,1,9,22,9,22,15,9,30,70,5,2,21,1,25,3,4,31,31,1,1,1,1,11,11,4,4,15,80,2,2,1,1,2,2,2,4,262025674,1275040063,2,3,9999,9999,1,1
1,97,107,128,2,0,1,32040,0,213,2024,12,26,13,40,12,7,15,17,45,2,3,1,1,7,1,22,9,22,14,9,30,70,4,3,21,65,65,13,14,31,31,11,11,1,1,11,11,2,3,50,10,3,2,2,2,2,2,4,2,262128688,1275825050,5,3,9999,9999,9,9
1,97,107,129,2,0,1,32040,0,213,2024,11,30,11,0,12,6,59,17,37,1,1,1,14,7,0,0,0,0,3,9,1,70,5,3,1,35,1,17,61,1,0,11,0,1,0,11,0,10,0,10,0,3,0,2,0,2,0,4,2,262119984,1275006788,7,3,9999,0,1,0
1,97,107,130,2,0,1,32040,0,213,2024,12,22,13,50,12,7,13,17,43,1,1,1,1,7,9,22,9,22,11,9,30,70,5,3,21,1,65,3,4,31,31,1,1,1,1,11,11,10,10,80,50,3,3,2,2,2,2,4,2,262237866,1275101044,1,3,0,9999,0,1
1,97,107,131,2,0,1,25080,0,213,2024,12,26,18,12,21,7,15,17,45,2,2,1,1,1,9,22,9,22,15,9,30,70,5,2,21,25,1,3,51,31,41,1,0,1,0,11,0,3,0,10,40,3,3,2,0,2,0,4,2,262304344,1275021635,5,3,0,0,0,0
1,97,107,132,2,0,1,10750,0,213,2024,12,27,4,12,22,7,15,17,46,2,1,1,14,7,0,0,0,0,4,9,1,70,4,2,21,75,65,3,4,1,31,1,1,1,1,11,11,3,3,50,41,3,2,2,1,2,2,4,2,262126305,1275013747,6,3,193,9999,9,9
1,97,107,133,2,0,1,32040,0,213,2024,11,27,9,53,12,6,57,17,37,1,3,1,7,7,0,0,0,0,2,9,1,70,5,3,21,55,35,12,4,31,31,11,1,1,1,11,11,10,10,30,10,3,3,2,2,2,2,4,2,262030156,1275100821,4,3,0,9999,0,1
1,97,107,134,2,0,1,25160,0,213,2024,8,16,7,26,12,6,2,19,5,1,2,2,1,7,9,22,9,22,15,9,30,70,5,2,21,55,1,4,35,31,31,1,0,1,0,11,11,3,3,30,10,3,3,2,0,2,0,2,4,262018280,1275222141,6,3,9999,9999,9,1
1,97,107,135,2,0,2,27240,0,213,2024,12,5,0,15,22,7,3,17,37,1,1,1,7,1,0,0,0,0,4,9,1,70,4,2,21,1,45,3,4,31,31,1,1,1,1,11,11,3,3,10,30,3,3,2,2,2,2,4,2,262303034,1275104324,5,3,0,9999,0,1
1,97,107,136,2,0,2,32040,0,213,2024,10,26,19,23,22,6,34,17,52,2,2,1,14,7,0,0,0,0,2,9,1,70,5,4,21,35,45,3,14,31,31,1,11,1,1,11,11,10,10,20,20,3,3,2,2,2,2,2,4,262153687,1275026369,7,3,9999,9999,5,1
1,97,107,137,2,0,1,32040,0,213,2024,8,28,16,45,12,6,8,18,53,1,2,1,1,7,9,22,9,22,11,9,30,70,4,2,21,65,1,4,51,31,41,1,0,1,0,11,0,10,0,10,10,3,2,2,0,2,0,4,2,261934018,1275428264,4,3,9999,0,9,0
1,97,107,138,2,0,1,32040,0,213,2024,12,31,18,45,21,7,16,17,48,1,3,1,1,7,9,22,0,0,11,9,30,70,5,4,1,65,65,4,61,31,0,1,0,1,0,11,0,10,0,10,0,4,0,2,0,2,0,4,2,262014766,1275027013,3,2,9999,0,9,0
1,97,107,139,2,0,1,10750,0,213,2024,2,22,15,55,12,7,0,18,26,1,1,1,1,1,9,22,9,22,17,9,30,70,5,2,21,35,1,4,4,31,31,1,1,1,1,11,11,3,3,80,20,3,3,2,2,2,2,2,4,262103985,1274937474,5,2,9999,9999,1,1
1,97,108,63,2,0,1,10730,0,213,2024,10,12,13,30,12,6,27,18,4,1,3,1,1,1,9,22,9,22,15,9,30,70,5,2,21,65,65,11,35,31,31,11,0,1,0,11,11,5,5,50,10,3,2,2,0,2,0,4,2,262604866,1274945746,7,3,9999,9999,9,9
1,97,108,67,2,0,1,33140,0,314,2024,10,27,8,52,12,6,35,17,51,1,1,1,1,7,1,21,1,21,15,4,30,70,4,2,21,25,65,4,4,31,31,1,1,1,1,11,11,10,10,50,50,3,3,2,2,2,2,4,2,262701192,1275458295,1,3,9999,9999,1,9
1,97,108,68,2,0,1,3290,372,213,2024,9,18,12,25,12,6,16,18,30,3,3,2,7,1,0,0,0,0,5,9,1,70,1,2,21,1,45,3,3,31,31,1,1,1,1,11,11,4,4,10,30,3,3,2,2,2,2,4,2,262551691,1274916808,4,3,0,9999,0,1
1,97,108,69,2,0,3,580,720,311,2024,9,28,13,25,12,6,20,18,19,3,3,2,13,7,0,0,0,0,3,6,1,70,6,2,21,45,75,3,14,31,31,1,11,1,1,11,11,4,4,10,10,2,2,1,1,1,2,2,4,263055037,1275459065,7,3,9999,247,5,9
1,97,108,70,2,0,1,10880,0,314,2024,11,15,13,58,12,6,48,17,40,3,3,2,1,7,1,21,9,22,15,8,30,70,4,2,21,35,25,3,4,31,31,1,1,1,1,11,11,3,3,50,80,3,3,2,2,2,2,4,2,262717565,1275052203,6,3,9999,9999,1,1
1,97,108,71,2,0,1,3290,373,213,2024,12,12,10,48,12,7,7,17,39,1,2,1,7,1,0,0,0,0,4,9,1,70,1,2,21,25,65,3,4,31,31,1,1,1,1,1,1,5,4,30,10,2,2,2,2,2,2,2,4,262549534,1274914635,5,3,9999,9999,1,9
1,97,108,73,2,0,2,3290,287,314,2024,11,22,8,1,12,6,53,17,38,3,3,2,14,7,0,0,0,0,3,9,1,70,4,2,21,1,35,3,3,31,31,1,1,1,1,11,11,4,4,51,58,2,2,1,1,2,2,2,4,262721591,1275324462,6,2,9999,0,1,0
1,97,108,74,2,0,1,25060,0,213,2024,12,7,13,56,12,7,4,17,38,3,1,2,7,7,0,0,0,0,3,9,1,70,4,2,21,25,35,3,3,31,31,1,1,1,1,11,11,3,3,11,33,3,3,2,2,2,2,4,2,262440918,1274932182,7,3,0,9999,0,1
1,97,109,90,2,0,1,99000,0,209,2024,7,28,18,20,13,5,53,19,19,1,1,1,0,7,0,0,0,0,0,0,20,70,0,2,21,25,55,3,3,1,1,1,1,1,1,11,11,10,10,0,0,4,4,2,2,2,2,4,2,263519266,1275849598,1,3,9999,9999,5,9
1,97,109,140,2,0,1,10840,0,209,2024,11,24,11,44,12,6,54,17,37,1,1,1,14,7,0,0,0,0,3,9,1,70,4,2,21,35,75,4,14,31,31,1,11,1,2,11,11,3,3,30,10,3,3,2,2,2,2,2,4,263607682,1275833892,1,3,9999,297,1,9
1,97,109,141,2,0,1,4490,0,209,2024,11,1,19,13,22,6,38,17,47,2,1,1,14,7,0,0,0,0,5,9,1,70,1,2,21,75,35,3,3,31,31,1,1,1,1,11,11,4,4,10,31,2,2,1,2,2,2,4,2,263605288,1275759782,6,3,556,9999,9,5
1,97,109,142,2,0,2,3310,188,209,2024,12,1,11,22,12,7,0,17,37,1,3,1,13,7,0,0,0,0,4,4,1,70,4,3,21,55,25,3,31,31,31,1,0,1,0,11,11,3,3,52,12,2,2,1,0,2,0,2,4,263520504,1280738539,1,3,9999,9999,9,1
1,97,109,143,2,0,1,10840,0,209,2024,12,1,16,15,12,7,0,17,37,1,1,1,1,1,9,22,9,22,15,5,30,70,5,2,21,75,55,4,36,31,31,1,0,1,0,11,11,3,10,20,14,3,3,2,0,2,0,4,2,263628685,1275812284,1,3,13,9999,9,1
1,97,109,144,2,0,1,580,634,209,2024,12,6,8,21,12,7,3,17,37,1,3,1,14,7,0,0,0,0,5,9,1,70,1,2,21,35,25,13,4,31,31,11,1,1,1,11,11,5,5,10,30,3,3,2,2,2,2,4,2,263308438,1275809941,6,3,9999,9999,1,1
1,97,109,145,2,0,1,32090,0,209,2024,12,6,17,47,21,7,3,17,37,2,1,1,1,7,8,22,9,22,15,9,30,70,5,2,21,75,25,13,4,31,31,11,1,1,1,11,11,3,3,40,10,3,3,2,2,2,2,4,2,263549315,1275754162,6,3,576,9999,9,1
1,97,109,146,2,0,1,3290,98,209,2024,9,20,19,42,22,6,17,18,28,1,3,1,1,7,9,22,0,0,15,7,30,70,4,2,1,1,1,3,61,31,0,1,0,1,0,11,0,4,0,10,0,3,0,1,0,1,0,4,2,263130842,1280151571,6,3,0,0,0,0
1,97,109,147,2,0,1,32090,0,209,2024,9,29,13,46,12,6,21,18,18,2,1,2,14,7,0,0,0,0,3,9,1,70,5,4,1,25,1,3,61,31,0,1,0,1,0,11,0,10,0,80,0,4,0,2,0,2,0,4,2,263644320,1275822652,1,3,9999,0,1,0
1,97,109,148,2,0,1,32090,0,209,2024,12,5,11,0,12,7,3,17,37,1,1,1,1,7,1,21,9,22,15,9,30,70,5,2,21,45,45,4,35,31,31,1,0,1,0,11,11,3,3,0,20,4,3,2,0,2,0,4,2,263559363,1275728444,5,3,9999,9999,1,1
1,97,109,149,2,0,1,99000,0,209,2024,12,13,12,13,12,7,8,17,39,1,1,1,0,7,0,0,0,0,0,0,20,70,0,2,1,65,55,3,61,1,0,1,0,1,0,11,0,10,0,0,0,4,0,2,0,2,0,4,2,263620408,1275853911,6,3,9999,0,9,0
1,97,109,150,2,0,1,580,593,209,2024,12,25,23,26,22,7,14,17,45,1,1,1,7,1,0,0,0,0,5,9,1,70,1,2,21,65,25,3,14,31,31,1,11,1,1,11,11,5,5,10,31,2,3,1,2,2,2,4,2,263504330,1275903156,4,3,9999,9999,9,5
1,97,110,38,2,0,1,4490,0,308,2024,12,6,23,56,22,7,3,17,37,3,2,2,1,7,9,22,9,22,14,9,30,70,4,2,21,55,1,4,34,31,31,1,0,1,0,11,11,3,3,20,10,3,2,2,0,2,0,4,2,263926280,1275306576,6,3,9999,9999,1,1
1,97,110,39,2,0,2,5050,0,306,2024,12,11,15,35,12,7,7,17,39,3,3,2,14,7,0,0,0,0,3,8,1,70,4,2,21,45,25,13,4,31,31,11,1,1,1,11,11,3,3,82,60,2,2,1,2,2,2,4,4,263914472,1275854224,4,3,9999,9999,9,1
1,97,110,40,2,0,1,99000,0,306,2024,7,24,17,58,12,5,51,19,21,1,3,1,0,7,0,0,0,0,0,0,20,70,0,4,41,1,0,14,75,31,0,11,0,1,0,11,0,10,0,50,0,3,0,2,0,2,0,4,0,264146720,1280115402,4,3,0,0,0,0
1,97,110,41,2,0,1,99000,0,308,2024,7,28,16,50,12,5,53,19,19,1,3,1,0,7,0,0,0,0,0,0,20,70,0,4,21,55,65,3,14,31,31,1,11,1,1,11,11,10,10,40,30,3,3,2,2,2,2,2,4,263929401,1275318593,1,3,9999,9999,9,9