data_category,prefecture_code,police_station_code,report_id,accident_details_code,fatalities,injured_persons,route_code,location_code,municipality_code,occurence_year,occurence_month,occurence_date,occurence_hour,occurence_minute,day_night_code,sunrise_hour,sunrise_minute,sunset_hour,sunset_minute,weather_code,terrain_code,road_condition_code,road_config_code,traffic_signal_code,stop_reg_signage_code_party_a,stop_reg_roadmarking_code_party_a,stop_reg_signage_code_party_b,stop_reg_roadmarking_code_party_b,road_width_code,road_alignment_code,collision_point_code,zone_reg_code,median_facility_code,pedestrian_vehicle_separation_code,accident_type_code,age_party_a,age_party_b,party_type_code_party_a,party_type_code_party_b,vehicle_use_code_party_a,vehicle_use_code_party_b,vehicle_shape_code_party_a,vehicle_shape_code_party_b,auto_transm_code_party_a,auto_transm_code_party_b,safety_feature_code_party_a,safety_feature_code_party_b,speed_reg_code_party_a,speed_reg_code_party_b,vehicle_impact_point_code_party_a,vehicle_impact_point_code_party_b,vehicle_damage_level_party_a,vehicle_damage_level_party_b,airbag_code_party_a,airbag_code_party_b,side_airbag_code_party_a,side_airbag_code_party_b,injury_severity_code_party_a,injury_severity_code_party_b,latitude_north,longitude_east,occurence_day_code,public_holiday_code,days_since_cognitive_test_party_a,days_since_cognitive_test_party_b,driving_practice_method_code_party_a,driving_practice_method_code_party_b
1,97,110,42,2,0,1,99000,0,308,2024,11,17,17,30,13,6,49,17,39,2,3,1,0,7,0,0,0,0,0,0,20,70,0,3,41,65,0,3,75,31,0,1,0,1,0,11,0,10,0,15,0,2,0,1,0,2,0,4,0,264106504,1275312250,1,3,9999,0,9,0
1,97,111,97,2,0,1,33630,0,214,2024,11,4,12,45,12,6,40,17,45,1,1,1,14,7,0,0,0,0,3,7,1,70,4,3,21,65,1,36,51,31,41,0,0,0,0,11,0,2,0,10,20,3,3,0,0,0,0,2,4,244833826,1251706605,2,1,9999,0,9,0
1,97,111,98,2,0,1,26900,0,214,2024,11,20,23,25,22,6,51,17,38,3,1,2,1,1,9,22,0,0,15,9,30,70,5,2,1,35,1,3,61,1,0,1,0,1,0,11,0,3,0,50,0,3,0,2,0,2,0,4,2,244813682,1251645045,4,3,9999,0,1,0
1,97,111,99,2,0,1,10830,0,214,2024,8,16,20,0,21,6,2,19,5,3,3,2,14,7,0,0,0,0,3,9,1,70,4,2,21,65,35,4,4,31,31,1,1,1,1,11,11,3,3,50,50,3,3,2,2,2,2,4,2,245036866,1251745136,6,3,9999,9999,1,1
1,97,111,100,2,0,1,10830,0,214,2024,9,26,5,23,23,6,19,18,21,1,1,1,1,7,9,22,0,0,15,3,30,70,5,2,41,75,0,3,75,1,0,1,0,1,0,11,0,3,0,10,0,2,0,1,0,2,0,4,0,244935029,1251741348,5,3,658,0,9,0
1,97,111,101,2,0,4,33630,0,214,2024,10,10,14,59,12,6,26,18,6,1,1,1,13,7,0,0,0,0,3,3,1,70,4,2,41,35,0,3,75,31,0,1,0,1,0,11,0,3,0,10,0,2,0,2,0,2,0,4,0,244644630,1251811830,5,3,9999,0,1,0
1,97,111,102,2,0,1,99000,0,214,2024,12,4,8,12,12,7,2,17,37,1,1,1,0,7,0,0,0,0,0,0,20,70,0,2,21,25,35,3,4,31,31,1,1,1,1,11,11,10,10,60,30,3,3,2,2,2,2,2,4,244745434,1251730055,4,3,9999,9999,5,1
1,97,111,103,2,0,1,33630,0,214,2024,10,9,16,20,12,6,25,18,7,1,3,1,1,7,9,22,9,22,15,9,30,70,5,4,21,25,45,3,14,31,31,1,11,1,1,11,11,10,10,10,40,2,2,2,2,2,2,4,2,245339793,1251614084,4,3,9999,9999,1,5
1,97,111,104,2,0,1,27430,0,214,2024,11,27,14,54,12,6,57,17,37,2,1,1,1,7,9,22,9,22,17,3,30,70,5,2,21,1,1,4,34,31,31,1,0,1,0,11,11,4,4,50,10,2,2,2,0,2,0,4,2,244700636,1251815746,4,3,9999,9999,1,5
1,97,111,105,2,0,1,26900,0,214,2024,11,18,20,9,22,6,50,17,39,3,1,2,1,1,9,22,0,0,15,9,30,70,5,2,21,45,0,35,0,31,0,0,0,0,0,11,0,3,0,10,0,3,0,0,0,0,0,2,0,244757242,1251657824,2,3,9999,0,9,0
1,97,111,106,2,0,1,3900,0,214,2024,12,7,22,55,22,7,4,17,38,3,1,2,1,7,9,22,0,0,15,9,30,70,4,2,1,55,45,3,61,31,0,1,0,1,0,11,0,3,0,80,0,3,0,2,0,2,0,4,2,244810516,1251620417,7,3,9999,0,4,0
1,97,111,107,2,0,1,99000,0,214,2024,12,30,4,1,22,7,16,17,48,2,1,1,0,7,0,0,0,0,0,0,20,70,0,4,1,35,35,4,61,31,0,1,0,1,0,11,0,10,0,80,0,4,0,2,0,2,0,4,2,244811837,1251641542,2,3,9999,0,1,0
1,97,112,94,2,0,1,10870,0,207,2024,10,19,22,13,22,6,30,17,58,1,1,1,1,7,9,22,0,0,15,9,30,70,5,2,1,35,25,3,61,31,0,1,0,1,0,11,0,2,0,10,0,3,0,2,0,2,0,4,2,242034699,1240948427,7,3,9999,0,9,0
1,97,112,95,2,0,1,32070,0,207,2024,11,22,7,46,11,6,53,17,38,2,3,2,1,7,9,22,9,22,14,9,30,70,4,3,21,25,75,4,14,31,31,1,11,1,1,11,11,3,10,50,80,2,4,1,2,2,2,2,4,242127869,1240911820,6,2,9999,757,1,9
1,97,112,96,2,0,1,3900,0,207,2024,11,10,10,58,12,6,44,17,42,1,1,1,14,7,0,0,0,0,4,9,1,70,4,2,21,35,1,3,51,31,41,1,0,1,0,11,0,10,0,10,20,3,3,2,0,2,0,4,2,242015590,1241053710,1,3,9999,0,1,0
1,97,112,97,2,0,1,32070,0,207,2024,11,4,10,0,12,6,40,17,45,1,2,1,7,1,0,0,0,0,3,9,1,70,4,2,21,45,35,4,4,31,31,1,1,1,1,11,11,3,3,10,30,3,3,2,2,2,2,4,2,242050651,1241056924,2,1,9999,9999,1,1
1,97,112,98,2,0,1,32070,0,207,2024,11,9,10,8,12,6,44,17,42,1,1,1,1,7,9,22,9,22,15,9,30,70,5,2,21,75,75,3,36,31,31,1,0,1,0,1,11,3,10,20,0,3,3,2,0,2,0,4,2,242035282,1240901868,7,3,656,66,9,9
1,97,112,99,2,0,1,32070,0,207,2024,12,9,8,30,12,7,5,17,38,1,1,1,1,2,9,22,9,22,15,9,30,70,5,2,21,45,45,4,34,31,31,1,0,1,0,11,11,2,2,10,10,3,3,1,0,2,0,4,2,242020134,1241017008,2,3,9999,9999,1,1
1,97,112,100,2,0,1,3900,0,207,2024,12,11,18,35,21,7,7,17,39,1,1,1,1,1,9,22,9,22,15,9,30,70,5,2,21,35,35,4,34,31,31,1,0,1,0,11,11,3,3,80,10,3,2,2,0,2,0,4,2,241958397,1241002406,4,3,9999,9999,1,1
1,97,112,101,2,0,1,99000,0,207,2024,12,19,1,22,22,7,11,17,42,2,1,5,0,7,0,0,0,0,0,0,20,70,0,4,41,35,0,13,75,31,0,11,0,1,0,11,0,10,0,30,0,3,0,2,0,2,0,4,0,242014075,1241035429,5,3,9999,0,1,0
1,97,112,102,2,0,1,32070,0,207,2024,8,20,20,35,22,6,4,19,1,2,2,1,7,7,0,0,0,0,3,9,1,70,4,2,21,25,25,4,14,31,31,1,11,1,1,11,1,3,3,80,60,2,3,2,2,2,2,4,2,242020980,1241044792,3,3,9999,9999,5,1
1,97,112,103,2,0,2,32070,0,207,2024,12,21,19,45,22,7,12,17,42,3,2,2,1,1,9,22,9,22,15,9,30,70,5,2,21,45,65,3,14,1,31,1,11,1,2,1,11,3,3,40,10,2,2,2,2,2,2,4,4,242051551,1241007259,7,3,9999,9999,1,9
1,97,112,104,2,0,1,32070,0,207,2024,12,13,15,45,12,7,8,17,39,2,2,1,1,7,1,22,9,22,15,8,30,70,4,4,21,65,45,11,34,1,31,11,0,2,0,11,11,3,3,20,12,3,2,2,0,2,0,4,2,242233697,1241207279,6,3,9999,9999,9,1
1,97,112,105,2,0,1,99000,0,207,2024,12,24,18,28,21,7,14,17,44,1,1,1,0,7,0,0,0,0,0,0,20,70,0,4,1,55,1,4,61,31,0,1,0,1,0,1,0,10,0,50,0,4,0,2,0,2,0,4,2,242103229,1240909810,3,3,9999,0,9,0
1,97,112,106,2,0,1,3900,0,207,2024,12,12,15,27,12,7,7,17,39,2,1,1,14,7,0,0,0,0,3,9,1,70,4,2,1,45,75,14,61,31,0,11,0,1,0,11,0,2,0,30,0,4,0,2,0,2,0,4,2,242014449,1241008004,5,3,9999,0,1,0
1,97,112,107,2,0,1,32070,0,207,2024,12,13,8,9,12,7,8,17,39,2,1,1,1,7,9,22,1,21,14,9,30,70,5,4,21,25,45,3,51,31,41,1,0,1,0,11,0,10,0,10,40,3,2,2,0,2,0,4,2,242012154,1241027291,6,3,9999,0,1,0
1,97,112,108,2,0,1,3900,0,207,2024,12,21,15,0,12,7,12,17,42,3,1,2,1,7,1,21,9,22,15,9,30,70,5,2,21,35,75,4,36,31,31,1,0,1,0,1,11,10,10,40,10,3,3,2,0,2,0,4,2,242017318,1241029550,7,3,9999,311,1,9
1,97,112,109,2,0,1,10790,0,207,2024,11,28,17,36,13,6,57,17,37,1,1,1,1,1,9,22,9,22,15,9,30,70,5,2,21,55,1,4,51,31,41,1,0,1,0,11,0,3,0,10,40,3,3,2,0,2,0,4,2,242058520,1240855640,5,3,9999,0,1,0
1,97,113,280,2,0,1,27510,0,208,2024,10,25,10,0,12,6,34,17,53,3,1,2,14,7,0,0,0,0,5,9,1,70,4,2,41,55,0,4,75,31,0,1,0,1,0,11,0,3,0,85,0,2,0,2,0,2,0,4,0,261424821,1274220822,6,3,9999,0,9,0
1,97,113,301,2,0,1,32080,0,208,2024,11,30,8,42,12,6,59,17,37,1,1,1,1,7,9,22,9,22,15,8,30,70,4,2,21,65,1,4,34,31,31,1,0,1,0,11,11,2,2,21,10,2,2,1,0,2,0,4,2,261447257,1274202571,7,3,9999,9999,9,5
1,97,113,302,2,0,1,99000,0,208,2024,11,24,14,10,12,6,54,17,37,1,1,1,0,7,0,0,0,0,0,0,20,70,0,4,21,55,25,4,4,31,31,1,1,1,1,11,11,10,10,0,0,3,3,2,2,2,2,4,2,261531360,1274245349,1,3,9999,9999,9,1
1,97,113,303,2,0,1,33290,0,329,2024,11,28,17,7,13,6,57,17,37,1,1,1,1,7,9,22,9,22,11,7,30,70,5,4,21,35,1,4,35,31,31,1,0,1,0,11,11,10,10,50,10,3,3,2,0,2,0,4,2,261339698,1274413459,5,3,9999,9999,1,1
1,97,113,304,2,0,1,10380,0,208,2024,11,19,15,45,12,6,51,17,38,1,1,1,1,7,9,22,9,22,14,9,30,70,2,2,21,65,55,4,35,31,31,1,0,1,0,11,11,3,3,0,40,4,3,2,0,2,0,4,2,261446792,1274329370,3,3,9999,9999,9,9
1,97,113,305,2,0,1,32080,0,208,2024,11,23,20,50,22,6,54,17,38,1,1,1,1,1,9,22,0,0,15,9,30,70,5,2,1,65,45,4,61,31,0,1,0,1,0,11,0,3,0,20,0,4,0,2,0,2,0,4,2,261417120,1274219300,7,1,9999,0,9,0
1,97,113,306,2,0,1,32080,0,208,2024,12,2,9,15,12,7,0,17,37,1,1,1,14,7,0,0,0,0,3,9,1,70,2,2,21,1,35,3,4,31,31,1,1,1,1,11,11,2,2,10,0,3,3,2,2,2,2,4,2,261405438,1274247362,2,3,9999,9999,1,5
1,97,113,307,2,0,1,99000,0,329,2024,12,3,8,5,12,7,1,17,37,1,3,1,0,7,0,0,0,0,0,0,20,70,0,2,21,55,35,4,32,31,31,1,0,1,0,11,11,10,10,50,30,3,3,2,0,2,0,4,2,261443905,1274545468,3,3,9999,9999,4,1
1,97,113,308,2,0,2,10290,0,329,2024,12,11,13,41,12,7,7,17,39,1,1,1,7,1,0,0,0,0,4,9,1,70,4,2,21,55,65,3,4,31,31,1,1,1,1,11,11,3,3,10,30,3,3,2,2,2,2,4,2,261429998,1274557060,4,3,9999,9999,9,9
1,97,113,309,2,0,1,32080,0,208,2024,12,6,21,35,22,7,3,17,37,3,1,2,7,7,0,0,0,0,4,8,1,70,4,2,21,65,35,3,36,31,31,1,0,1,0,11,11,2,2,20,12,3,3,2,0,2,0,4,2,261402684,1274307216,6,3,9999,9999,9,5
1,97,113,310,2,0,1,580,1154,208,2024,10,25,21,28,22,6,34,17,53,1,1,1,14,7,0,0,0,0,6,9,1,70,4,2,1,25,25,51,61,41,0,0,0,0,0,0,0,0,0,40,0,3,0,0,0,0,0,4,2,261510516,1274215275,6,3,0,0,0,0
1,97,113,311,2,0,1,32080,0,208,2024,11,29,18,39,22,6,58,17,37,1,1,1,1,7,9,22,9,22,15,9,30,70,4,2,21,25,35,4,34,31,31,1,0,1,0,11,11,3,3,10,10,3,3,2,0,2,0,4,2,261525398,1274247614,6,3,9999,9999,1,1
1,97,113,312,2,0,1,580,1132,208,2024,12,15,11,5,12,7,9,17,40,1,1,1,14,7,0,0,0,0,6,9,1,70,1,2,1,75,55,14,61,31,0,11,0,1,0,11,0,4,0,80,0,3,0,2,0,2,0,4,2,261603108,1274309134,1,3,900,0,9,0
1,97,113,313,2,0,1,580,1152,208,2024,12,11,7,12,11,7,7,17,39,1,1,1,1,1,9,22,9,22,18,9,30,70,5,2,21,65,1,3,4,31,31,1,1,1,1,11,11,4,4,10,30,3,3,2,2,2,2,4,2,261515577,1274221380,4,3,9999,9999,9,1
1,97,113,314,2,0,2,580,12,208,2024,11,2,16,14,12,6,39,17,47,1,2,1,12,7,0,0,0,0,3,9,1,70,4,4,21,25,45,3,3,31,31,1,1,1,1,11,11,5,5,11,33,3,3,2,2,2,2,4,2,261624478,1274245904,7,2,0,9999,0,1
1,97,113,315,2,0,1,32080,0,208,2024,12,11,16,30,12,7,7,17,39,3,1,2,1,7,9,22,9,22,15,9,30,70,4,2,21,65,45,4,35,31,31,1,0,1,0,11,11,10,3,50,10,3,3,2,0,2,0,4,2,261509943,1274250263,4,3,9999,9999,9,9
1,97,113,316,2,0,1,32080,0,208,2024,12,1,12,3,12,7,0,17,37,1,1,1,1,7,1,21,9,22,15,9,30,70,4,2,21,75,35,3,36,31,31,1,0,1,0,11,11,2,2,60,10,3,3,2,0,2,0,4,2,261523569,1274252150,1,3,878,9999,9,1
1,97,113,317,2,0,1,10290,0,329,2024,12,18,16,30,12,7,11,17,41,2,1,1,14,1,0,0,0,0,5,9,1,70,4,2,21,25,45,11,3,31,31,11,1,2,1,11,11,3,3,10,0,3,3,2,2,2,2,4,2,261419741,1274456638,4,3,9999,9999,3,1
1,97,113,318,2,0,1,10380,0,208,2024,12,20,2,37,22,7,12,17,42,1,1,1,14,7,0,0,0,0,3,7,1,70,4,2,21,1,1,3,4,31,31,1,1,1,1,11,11,2,2,10,30,3,3,2,2,2,2,4,2,261511801,1274234016,6,3,9999,9999,1,1
1,97,113,319,2,0,1,32080,0,208,2024,11,14,10,57,12,6,47,17,40,1,1,1,1,7,9,22,9,22,18,9,30,70,5,2,21,25,45,3,36,31,31,1,0,1,0,11,11,10,2,80,23,3,2,2,0,2,0,4,2,261522392,1274303828,5,3,9999,9999,1,5
1,97,113,320,2,0,1,32080,0,208,2024,10,6,19,3,21,6,24,18,11,1,1,1,1,7,9,22,9,22,14,9,30,70,5,2,21,75,1,3,3,31,31,1,1,1,1,11,11,10,10,50,70,3,3,2,2,2,2,4,2,261505872,1274255300,1,3,9999,9999,9,1
1,97,113,321,2,0,1,32080,0,208,2024,12,13,7,13,11,7,8,17,39,1,2,1,1,1,9,22,9,22,15,9,30,70,5,2,21,55,1,4,51,31,41,1,0,1,0,1,0,3,0,11,44,3,3,2,0,2,0,4,2,261427877,1274332952,6,3,9999,0,9,0
1,97,113,322,2,0,1,32080,0,208,2024,8,21,11,56,12,6,4,19,0,1,1,1,13,7,0,0,0,0,3,6,1,70,5,1,21,75,45,3,35,31,31,1,0,1,0,11,11,10,10,0,0,4,3,2,0,2,0,4,2,261434559,1274303403,4,3,797,9999,9,9
1,97,113,323,2,0,1,3300,138,208,2024,12,16,7,21,11,7,10,17,40,1,1,1,1,1,9,22,9,22,15,9,30,70,5,2,21,45,25,3,3,31,31,1,1,1,1,11,11,4,4,20,80,2,2,2,2,2,2,4,2,261458258,1274446730,2,3,9999,9999,5,1
1,97,113,324,2,0,1,580,1159,208,2024,12,20,14,30,12,7,12,17,42,1,2,1,1,1,9,22,0,0,18,9,30,70,5,2,1,75,45,4,61,31,0,1,0,1,0,11,0,4,0,55,0,4,0,2,0,2,0,4,2,261459010,1274202192,6,3,116,0,9,0
1,97,113,325,2,0,1,3300,180,208,2024,12,16,16,40,13,7,10,17,40,2,1,1,14,7,0,0,0,0,6,9,1,70,1,2,21,35,45,3,3,31,31,1,1,1,1,1,1,4,4,10,30,3,3,2,2,2,2,4,2,261440060,1274240064,2,3,9999,9999,4,1
1,97,113,327,2,0,1,32080,0,208,2024,12,28,5,12,22,7,15,17,46,3,1,2,7,7,0,0,0,0,3,9,1,70,5,4,1,45,75,3,61,31,0,1,0,1,0,11,0,10,0,10,0,3,0,2,0,2,0,4,2,261525351,1274305657,7,3,9999,0,1,0
1,97,113,328,2,0,1,32080,0,208,2024,12,28,13,20,12,7,15,17,46,2,2,1,1,7,9,22,9,22,15,9,30,70,4,2,21,65,1,3,35,31,31,1,0,2,0,11,1,3,3,0,20,4,3,2,0,2,0,4,2,261444290,1274113456,7,3,9999,9999,9,1
1,97,113,329,2,0,2,10380,0,208,2024,12,21,23,22,22,7,12,17,42,2,1,1,14,7,0,0,0,0,3,9,1,70,4,2,41,55,0,4,75,31,0,1,0,1,0,11,0,3,0,0,0,3,0,2,0,2,0,4,0,261446666,1274329024,7,3,9999,0,9,0
1,97,113,330,2,0,1,10380,0,208,2024,12,10,17,10,13,7,6,17,38,1,1,1,1,1,9,22,9,22,15,7,30,70,5,2,21,75,1,3,35,31,31,1,0,1,0,11,11,3,3,15,10,3,2,2,0,2,0,4,2,261450140,1274311579,3,3,354,9999,9,1
1,97,114,181,2,0,1,3310,9,201,2024,10,20,8,27,12,6,31,17,57,1,2,1,1,1,9,22,9,22,14,9,30,70,5,2,21,1,65,4,36,31,31,1,0,1,0,11,11,4,10,80,40,3,3,2,0,2,0,4,2,261217899,1274003947,1,3,9999,9999,1,9
1,97,114,182,2,0,1,10070,0,201,2024,11,16,19,30,22,6,49,17,39,3,1,2,1,1,9,22,9,22,18,9,30,70,5,2,21,35,35,13,4,31,31,11,1,1,1,11,11,3,3,10,30,3,3,2,2,2,2,4,2,261201217,1274029381,7,3,9999,9999,2,1
1,97,114,183,2,0,1,25110,732,212,2024,11,26,6,10,23,6,56,17,37,2,1,1,1,1,9,22,0,0,18,9,30,70,5,2,1,65,35,4,61,31,0,1,0,1,0,11,0,3,0,10,0,4,0,2,0,2,0,4,2,261136676,1274142947,3,3,9999,0,5,0
1,97,114,184,2,0,1,33410,0,212,2024,11,26,8,18,12,6,56,17,37,2,1,1,1,7,9,22,9,22,14,9,30,70,5,4,21,55,45,4,4,31,31,1,1,1,1,11,11,10,10,50,80,4,3,2,2,2,2,4,2,261134897,1274123917,3,3,9999,9999,9,5
1,97,114,185,2,0,1,27560,0,212,2024,11,23,6,32,23,6,54,17,38,1,1,1,1,1,9,22,0,0,19,9,30,70,5,2,1,25,35,3,61,31,0,1,0,1,0,11,0,3,0,50,0,3,0,2,0,2,0,4,2,261033064,1274007676,7,1,9999,0,1,0
1,97,114,186,2,0,1,27560,0,212,2024,11,27,10,55,12,6,57,17,37,1,2,1,14,7,0,0,0,0,3,9,1,70,4,2,21,45,45,14,34,31,1,11,0,1,0,11,11,3,3,40,20,3,3,2,0,2,0,4,2,260923814,1274014599,4,3,9999,9999,9,9
1,97,114,187,2,0,1,32010,0,201,2024,11,3,8,56,12,6,39,17,46,1,1,1,1,4,1,21,9,22,15,9,30,70,5,2,21,25,35,3,35,31,31,1,0,1,0,11,11,2,2,70,12,3,3,2,0,2,0,4,2,261118895,1273932951,1,1,9999,9999,1,1
1,97,114,188,2,0,1,27210,0,201,2024,10,31,23,45,22,6,38,17,48,3,1,2,1,1,0,0,0,0,15,9,30,70,5,2,1,25,0,61,0,0,0,0,0,0,0,0,0,0,0,0,0,0,0,0,0,0,0,2,0,261137370,1273943189,5,3,0,0,0,0
1,97,114,189,2,0,1,99000,0,212,2024,11,13,9,28,12,6,46,17,41,2,1,1,0,7,0,0,0,0,0,0,20,70,0,4,1,75,75,4,61,31,0,1,0,1,0,11,0,10,0,50,0,3,0,2,0,2,0,4,2,261131484,1274116116,4,3,86,0,9,0
1,97,114,190,2,0,1,27210,0,201,2024,7,18,3,18,22,5,48,19,23,1,1,1,1,1,9,22,9,22,19,9,30,70,5,2,21,1,1,3,35,31,31,1,0,1,0,11,11,4,4,41,10,3,2,2,0,2,0,2,4,261137136,1273943294,5,3,9999,0,1,0
1,97,114,191,2,0,1,10070,0,201,2024,12,5,8,15,12,7,3,17,37,2,1,1,11,7,0,0,0,0,3,9,1,70,4,2,21,1,25,3,36,31,31,1,0,1,0,11,11,3,10,80,32,3,3,2,0,2,0,4,2,261110198,1274024280,5,3,9999,9999,1,5
1,97,114,192,2,0,1,33410,0,212,2024,5,10,16,27,12,5,46,19,6,1,1,1,1,7,9,22,0,0,15,8,30,70,4,2,21,55,0,35,0,31,0,0,0,0,0,11,0,3,0,20,0,3,0,0,0,0,0,2,0,261040886,1274031915,6,3,9999,0,9,0
1,97,114,193,2,0,1,27560,115,212,2024,12,10,9,7,12,7,6,17,38,1,2,1,1,1,9,22,9,22,19,9,30,70,5,2,21,35,75,11,51,31,41,11,0,1,0,11,0,3,0,50,40,3,3,2,0,2,0,4,2,261033056,1274006845,3,3,9999,0,1,0
1,97,114,194,2,0,1,27210,0,201,2024,9,25,5,40,23,6,19,18,22,2,1,2,1,1,9,22,0,0,19,9,30,70,5,2,1,65,55,13,61,31,0,11,0,1,0,11,0,4,0,50,0,3,0,2,0,2,0,4,2,261201350,1274029654,4,3,9999,0,9,0
1,97,114,195,2,0,1,33410,0,212,2024,11,17,11,6,12,6,49,17,39,2,1,2,14,7,0,0,0,0,3,8,1,70,4,2,41,55,0,35,76,31,0,0,0,0,0,11,0,3,0,20,0,3,0,0,0,0,0,2,0,261047795,1274032930,1,3,9999,0,9,0
1,97,114,196,2,0,1,32010,0,201,2024,12,10,20,45,22,7,6,17,38,1,1,1,1,7,9,22,0,0,11,9,30,70,5,2,1,45,55,4,61,31,0,1,0,1,0,11,0,10,0,50,0,3,0,2,0,2,0,4,2,261139386,1274044562,3,3,9999,0,1,0
1,97,114,197,2,0,1,33410,0,212,2024,11,28,9,35,12,6,57,17,37,1,1,1,14,7,0,0,0,0,3,9,1,70,4,2,1,65,75,14,61,31,0,11,0,1,0,11,0,2,0,50,0,3,0,2,0,2,0,4,2,261126426,1274132543,5,3,9999,0,9,0
1,97,114,198,2,0,1,3310,40,201,2024,12,12,5,12,22,7,7,17,39,3,1,2,14,7,0,0,0,0,4,9,1,70,1,2,21,65,65,4,51,31,41,1,0,1,0,11,0,4,0,40,20,4,4,2,0,2,0,4,2,261101514,1273920419,5,3,9999,0,9,0
1,97,114,199,2,0,1,3320,9,201,2024,12,5,9,38,12,7,3,17,37,1,1,1,7,1,0,0,0,0,5,9,1,70,1,2,21,25,25,3,14,31,31,1,11,1,1,11,11,5,5,30,10,3,3,2,2,2,2,2,4,261242674,1273907769,5,3,9999,9999,1,9
1,97,114,200,2,0,1,33410,0,212,2024,11,1,7,6,11,6,38,17,47,1,3,1,1,7,1,21,9,22,15,9,30,70,4,2,21,1,45,3,35,31,31,1,0,1,0,11,11,10,2,10,20,3,3,2,0,2,0,4,2,261016072,1274210490,6,3,9999,9999,1,5
1,97,114,201,2,0,1,25110,0,212,2024,12,13,8,30,12,7,8,17,39,1,2,1,13,7,0,0,0,0,3,5,1,70,4,2,21,1,0,51,0,41,0,0,0,0,0,0,0,0,0,34,0,3,0,0,0,0,0,2,0,261037873,1274101838,6,3,0,0,0,0
1,97,114,202,2,0,1,27210,0,201,2024,7,26,7,48,12,5,52,19,20,2,1,2,14,7,0,0,0,0,3,8,1,70,1,2,21,45,45,35,35,31,31,0,0,0,0,11,11,4,2,20,10,3,3,0,0,0,0,4,2,261159896,1274023837,6,3,9999,9999,5,1
1,97,114,204,2,0,1,3310,17,201,2024,11,19,8,3,12,6,51,17,38,1,1,1,14,7,0,0,0,0,5,9,1,70,4,2,21,45,35,35,51,31,41,0,0,0,0,11,0,10,0,40,20,3,3,0,0,0,0,4,2,261209374,1273943790,3,3,9999,0,9,0
1,97,114,205,2,0,1,10070,0,201,2024,12,15,18,15,21,7,9,17,40,2,1,1,14,7,0,0,0,0,4,8,1,70,4,2,1,45,65,4,61,31,0,1,0,1,0,11,0,3,0,10,0,2,0,2,0,2,0,4,2,261131463,1274031642,1,3,9999,0,1,0
1,97,114,206,2,0,1,10070,0,212,2024,12,15,15,34,12,7,9,17,40,2,1,1,1,7,9,22,9,22,17,9,30,70,5,2,21,45,45,3,34,31,31,1,0,1,0,11,11,3,3,10,42,2,3,2,0,2,0,4,2,261005498,1274137234,1,3,9999,9999,9,5
1,97,114,207,2,0,1,25620,0,212,2024,11,20,8,57,12,6,51,17,38,1,2,1,14,7,0,0,0,0,3,8,1,70,4,2,21,25,1,3,51,31,41,1,0,1,0,11,0,3,0,40,20,3,3,2,0,2,0,4,2,261055546,1273953780,4,3,9999,0,1,0
1,97,114,208,2,0,1,3310,46,201,2024,12,17,19,50,22,7,10,17,41,2,1,1,14,7,0,0,0,0,5,9,1,70,1,2,41,45,0,1,76,1,0,1,0,2,0,11,0,4,0,0,0,4,0,2,0,2,0,4,0,261043712,1273915617,3,3,9999,0,1,0
1,97,114,209,2,0,1,3310,77,212,2024,12,23,8,25,12,7,13,17,44,2,2,1,14,7,0,0,0,0,5,9,1,70,1,2,21,25,35,3,3,31,31,1,1,1,1,11,11,10,10,80,50,3,3,2,2,2,2,4,2,260913122,1273929624,2,3,9999,9999,1,1
1,97,114,210,2,0,1,32010,0,201,2024,12,22,13,43,12,7,13,17,43,2,1,1,1,7,9,22,9,22,15,9,30,70,5,4,21,45,1,3,35,31,31,1,0,1,0,11,11,10,10,10,40,3,3,2,0,2,0,4,2,261043630,1273927857,1,3,9999,9999,1,1
1,97,114,211,2,0,1,10070,0,201,2024,12,25,8,50,12,7,14,17,45,1,1,1,1,7,9,22,9,22,15,9,30,70,4,2,21,75,35,3,3,31,31,1,1,1,1,11,11,3,3,10,40,3,3,2,2,2,2,4,2,261136884,1274035681,4,3,611,9999,9,1
1,97,114,212,2,0,2,3310,1,201,2024,12,9,8,29,12,7,5,17,38,1,1,1,7,7,0,0,0,0,6,9,1,70,1,2,21,1,25,3,4,31,31,1,1,1,1,11,11,4,4,30,10,3,3,2,2,2,2,2,4,261226586,1274027206,2,3,9999,9999,1,5
1,97,114,213,2,0,1,27490,0,212,2024,12,13,7,43,11,7,8,17,39,2,1,1,14,7,0,0,0,0,3,9,1,70,1,2,21,1,25,4,14,31,1,1,11,1,1,11,11,4,4,70,10,3,3,2,2,2,2,4,2,260927828,1273928796,6,3,9999,9999,5,5
1,97,114,214,2,0,1,25110,0,212,2024,10,31,18,15,21,6,38,17,48,2,1,1,1,1,9,22,0,0,18,9,30,70,5,2,21,1,0,51,0,41,0,0,0,0,0,0,0,0,0,40,0,3,0,0,0,0,0,2,0,261110064,1274114518,5,3,0,0,0,0
1,97,114,216,2,0,1,3320,10,201,2024,11,21,11,52,12,6,52,17,38,2,3,1,7,1,0,0,0,0,5,9,1,70,1,2,21,35,45,3,35,31,31,1,0,1,0,11,11,10,10,60,42,3,3,2,0,2,0,4,2,261245295,1273908834,5,3,0,9999,0,1